sale_id,date,store,region,category,units,revenue
S1,2025-03-28,Lambton,Wellington,Grocery,2,31.94
S2,2025-04-13,Queen St,Auckland,Grocery,2,584.35
S3,2025-12-10,Queen St,Auckland,Grocery,8,1353.11
S4,2025-04-08,Queen St,Auckland,Electronics,7,1069.95
S5,2025-04-06,Lambton,Wellington,Grocery,11,2124.2
S6,2025-02-23,Riccarton,Canterbury,Apparel,2,363.11
S7,2025-08-27,Riccarton,Canterbury,Electronics,5,1414.75
S8,2025-12-28,Riccarton,Canterbury,Home,8,409.05
S9,2025-10-19,George St,Otago,Grocery,4,770.0
S10,2025-03-19,George St,Otago,Grocery,1,272.99
S11,2025-09-23,George St,Otago,Electronics,12,2858.65
S12,2025-11-09,Hamilton Central,Waikato,Home,2,272.56
S13,2025-09-22,Riccarton,Canterbury,Electronics,2,389.29
S14,2025-01-20,Hamilton Central,Waikato,Apparel,5,475.38
S15,2025-10-17,Lambton,Wellington,Beauty,1,279.85
S16,2025-10-07,Lambton,Wellington,Home,9,882.96
S17,2025-09-26,Hamilton Central,Waikato,Home,12,2802.28
S18,2025-11-23,Lambton,Wellington,Electronics,3,594.05
S19,2025-05-26,Queen St,Auckland,Apparel,9,558.61
S20,2025-06-12,Queen St,Auckland,Electronics,6,486.92
S21,2025-04-02,Hamilton Central,Waikato,Electronics,3,866.67
S22,2025-11-25,Riccarton,Canterbury,Apparel,4,1156.69
S23,2025-03-13,George St,Otago,Home,6,178.56
S24,2025-10-21,George St,Otago,Beauty,6,1455.19
S25,2025-04-27,Lambton,Wellington,Electronics,11,2528.06
S26,2025-12-25,Riccarton,Canterbury,Home,5,104.07
S27,2025-03-22,Riccarton,Canterbury,Beauty,9,282.41
S28,2025-03-20,Riccarton,Canterbury,Grocery,6,1517.59
S29,2025-12-16,Queen St,Auckland,Beauty,4,709.49
S30,2025-08-27,Riccarton,Canterbury,Apparel,11,2217.06
S31,2025-10-22,Riccarton,Canterbury,Electronics,6,1775.94
S32,2025-09-14,Queen St,Auckland,Electronics,5,935.32
S33,2025-06-19,Queen St,Auckland,Beauty,8,650.76
S34,2025-07-19,Riccarton,Canterbury,Home,2,38.2
S35,2025-06-05,Lambton,Wellington,Beauty,7,1254.86
S36,2025-10-05,Lambton,Wellington,Electronics,9,157.01
S37,2025-06-19,Hamilton Central,Waikato,Apparel,1,165.85
S38,2025-06-10,Queen St,Auckland,Beauty,3,730.18
S39,2025-02-27,Riccarton,Canterbury,Home,7,127.84
S40,2025-02-19,Queen St,Auckland,Apparel,9,1719.74
S41,2025-06-19,Hamilton Central,Waikato,Beauty,7,1769.46
S42,2025-08-07,Riccarton,Canterbury,Beauty,2,518.58
S43,2025-06-28,George St,Otago,Electronics,9,2582.27
S44,2025-03-03,Hamilton Central,Waikato,Grocery,8,2180.32
S45,2025-06-05,George St,Otago,Beauty,12,3309.82
S46,2025-08-04,Hamilton Central,Waikato,Beauty,10,2495.53
S47,2025-08-01,Queen St,Auckland,Electronics,5,386.89
S48,2025-11-08,Lambton,Wellington,Apparel,6,1711.6
S49,2025-09-26,Queen St,Auckland,Grocery,12,3409.93
S50,2025-10-10,Queen St,Auckland,Electronics,12,2739.04
S51,2025-04-06,Riccarton,Canterbury,Electronics,11,2563.2
S52,2025-06-10,Lambton,Wellington,Grocery,7,1133.92
S53,2025-06-28,Hamilton Central,Waikato,Apparel,1,75.33
S54,2025-06-25,George St,Otago,Electronics,7,1844.0
S55,2025-09-05,Lambton,Wellington,Home,3,459.38
S56,2025-10-22,Hamilton Central,Waikato,Apparel,5,873.37
S57,2025-07-02,Riccarton,Canterbury,Apparel,7,1410.73
S58,2025-08-27,Hamilton Central,Waikato,Home,9,1366.83
S59,2025-11-04,Hamilton Central,Waikato,Apparel,7,1615.44
S60,2025-04-25,Riccarton,Canterbury,Home,12,2267.28
S61,2025-05-15,Queen St,Auckland,Electronics,10,204.98
S62,2025-07-09,Hamilton Central,Waikato,Home,10,1926.86
S63,2025-05-28,George St,Otago,Grocery,4,431.79
S64,2025-11-14,Lambton,Wellington,Electronics,12,2058.87
S65,2025-08-15,Hamilton Central,Waikato,Electronics,4,628.21
S66,2025-04-06,Hamilton Central,Waikato,Beauty,6,1030.17
S67,2025-02-10,Riccarton,Canterbury,Apparel,12,1385.29
S68,2025-07-13,Hamilton Central,Waikato,Electronics,7,684.21
S69,2025-12-23,Lambton,Wellington,Grocery,2,304.39
S70,2025-03-01,George St,Otago,Electronics,4,1040.25
S71,2025-05-08,Lambton,Wellington,Beauty,5,100.05
S72,2025-11-19,Lambton,Wellington,Electronics,5,1077.96
S73,2025-05-25,Queen St,Auckland,Apparel,11,1598.22
S74,2025-03-27,Queen St,Auckland,Beauty,3,478.27
S75,2025-12-03,Riccarton,Canterbury,Beauty,4,1153.05
S76,2025-01-10,Queen St,Auckland,Beauty,1,145.7
S77,2025-09-04,Queen St,Auckland,Apparel,5,83.46
S78,2025-12-28,Hamilton Central,Waikato,Beauty,8,897.81
S79,2025-03-03,Riccarton,Canterbury,Apparel,6,95.19
S80,2025-09-11,George St,Otago,Electronics,7,1678.66
S81,2025-12-19,Riccarton,Canterbury,Home,10,1590.76
S82,2025-01-15,Hamilton Central,Waikato,Apparel,1,228.72
S83,2025-08-10,Riccarton,Canterbury,Electronics,8,1112.31
S84,2025-01-08,George St,Otago,Home,11,2908.99
S85,2025-04-19,Queen St,Auckland,Grocery,12,683.4
S86,2025-04-09,George St,Otago,Apparel,4,890.26
S87,2025-06-22,Hamilton Central,Waikato,Beauty,11,2746.18
S88,2025-01-07,Queen St,Auckland,Home,1,131.29
S89,2025-05-01,Lambton,Wellington,Apparel,2,349.08
S90,2025-01-07,Queen St,Auckland,Apparel,5,1396.99
S91,2025-11-23,Lambton,Wellington,Apparel,12,253.35
S92,2025-08-08,Hamilton Central,Waikato,Beauty,2,236.63
S93,2025-10-18,Lambton,Wellington,Electronics,9,339.13
S94,2025-06-16,George St,Otago,Beauty,7,959.1
S95,2025-09-26,Riccarton,Canterbury,Home,11,562.3
S96,2025-03-19,Queen St,Auckland,Home,10,2865.57
S97,2025-04-21,Queen St,Auckland,Apparel,6,613.43
S98,2025-04-08,George St,Otago,Beauty,3,80.49
S99,2025-09-18,Hamilton Central,Waikato,Apparel,2,582.38
S100,2025-08-17,Hamilton Central,Waikato,Grocery,10,1683.88
S101,2025-08-16,Queen St,Auckland,Home,7,242.24
S102,2025-04-25,Queen St,Auckland,Home,3,820.9
S103,2025-12-02,Lambton,Wellington,Apparel,7,705.82
S104,2025-04-25,Hamilton Central,Waikato,Grocery,12,1292.65
S105,2025-07-11,Riccarton,Canterbury,Beauty,7,241.14
S106,2025-12-13,Lambton,Wellington,Electronics,6,1587.68
S107,2025-08-26,Hamilton Central,Waikato,Electronics,10,573.98
S108,2025-06-07,Riccarton,Canterbury,Grocery,9,262.18
S109,2025-05-16,Hamilton Central,Waikato,Electronics,11,2413.87
S110,2025-07-20,Hamilton Central,Waikato,Grocery,6,817.71
S111,2025-11-14,Queen St,Auckland,Home,8,291.41
S112,2025-03-05,Riccarton,Canterbury,Beauty,10,2460.15
S113,2025-04-27,Queen St,Auckland,Apparel,6,1608.32
S114,2025-12-12,Riccarton,Canterbury,Beauty,2,110.18
S115,2025-01-24,Hamilton Central,Waikato,Apparel,3,683.23
S116,2025-06-24,Queen St,Auckland,Home,10,1147.01
S117,2025-07-13,George St,Otago,Grocery,5,496.03
S118,2025-05-18,Lambton,Wellington,Beauty,4,1081.51
S119,2025-12-21,Riccarton,Canterbury,Home,11,1659.54
S120,2025-08-09,George St,Otago,Grocery,2,526.64
S121,2025-12-17,Queen St,Auckland,Grocery,10,1928.78
S122,2025-02-23,George St,Otago,Home,2,365.28
S123,2025-09-26,George St,Otago,Grocery,12,2690.96
S124,2025-06-15,Queen St,Auckland,Grocery,3,370.83
S125,2025-06-12,Riccarton,Canterbury,Grocery,8,629.04
S126,2025-09-23,Lambton,Wellington,Apparel,12,1320.81
S127,2025-12-16,Lambton,Wellington,Electronics,10,1427.9
S128,2025-07-19,George St,Otago,Apparel,10,159.86
S129,2025-12-20,Queen St,Auckland,Apparel,5,363.03
S130,2025-07-04,Queen St,Auckland,Home,11,1894.09
S131,2025-03-01,Lambton,Wellington,Apparel,11,2159.54
S132,2025-08-18,Queen St,Auckland,Apparel,4,264.7
S133,2025-10-11,George St,Otago,Apparel,9,1538.61
S134,2025-08-07,Hamilton Central,Waikato,Beauty,1,195.67
S135,2025-04-23,Lambton,Wellington,Electronics,2,260.31
S136,2025-04-02,Lambton,Wellington,Electronics,9,541.23
S137,2025-11-22,Queen St,Auckland,Electronics,3,712.41
S138,2025-11-25,Queen St,Auckland,Apparel,7,641.86
S139,2025-05-13,George St,Otago,Grocery,12,3495.05
S140,2025-04-16,Lambton,Wellington,Electronics,3,461.8
S141,2025-09-01,Riccarton,Canterbury,Beauty,5,410.86
S142,2025-04-13,Lambton,Wellington,Apparel,4,268.79
S143,2025-03-02,Riccarton,Canterbury,Apparel,5,261.0
S144,2025-10-01,Lambton,Wellington,Beauty,9,263.38
S145,2025-10-15,Riccarton,Canterbury,Grocery,4,1102.22
S146,2025-10-27,Riccarton,Canterbury,Beauty,12,2902.86
S147,2025-10-01,Hamilton Central,Waikato,Grocery,2,383.4
S148,2025-03-09,Hamilton Central,Waikato,Beauty,7,1287.11
S149,2025-06-17,George St,Otago,Beauty,2,529.5
S150,2025-10-28,Lambton,Wellington,Beauty,12,1247.99
S151,2025-01-18,Lambton,Wellington,Home,7,1303.76
S152,2025-10-21,Queen St,Auckland,Home,4,199.28
S153,2025-05-25,Hamilton Central,Waikato,Electronics,3,456.99
S154,2025-10-14,George St,Otago,Beauty,7,894.54
S155,2025-10-03,George St,Otago,Electronics,9,2559.18
S156,2025-07-17,George St,Otago,Grocery,3,184.87
S157,2025-09-14,Queen St,Auckland,Apparel,2,285.39
S158,2025-04-20,Queen St,Auckland,Grocery,6,1548.82
S159,2025-05-05,Lambton,Wellington,Grocery,8,2086.66
S160,2025-12-09,George St,Otago,Grocery,5,268.6
S161,2025-02-28,Lambton,Wellington,Apparel,10,1150.96
S162,2025-02-20,Lambton,Wellington,Electronics,8,1366.0
S163,2025-12-28,Queen St,Auckland,Beauty,2,144.73
S164,2025-04-11,Queen St,Auckland,Grocery,5,1232.99
S165,2025-03-25,George St,Otago,Home,2,91.85
S166,2025-02-13,Lambton,Wellington,Electronics,4,233.49
S167,2025-12-15,Queen St,Auckland,Apparel,12,1490.41
S168,2025-11-18,Lambton,Wellington,Beauty,5,294.04
S169,2025-05-20,Queen St,Auckland,Home,11,1810.96
S170,2025-05-12,Queen St,Auckland,Electronics,2,569.7
S171,2025-02-03,George St,Otago,Electronics,4,507.81
S172,2025-02-11,Hamilton Central,Waikato,Home,4,551.15
S173,2025-02-07,George St,Otago,Electronics,8,1555.23
S174,2025-08-03,Riccarton,Canterbury,Apparel,6,1319.32
S175,2025-10-11,Queen St,Auckland,Beauty,9,716.8
S176,2025-07-07,Riccarton,Canterbury,Beauty,12,2070.62
S177,2025-06-26,Riccarton,Canterbury,Home,11,2614.16
S178,2025-09-23,George St,Otago,Electronics,4,166.6
S179,2025-10-21,Hamilton Central,Waikato,Grocery,10,914.41
S180,2025-01-08,Riccarton,Canterbury,Home,10,2590.18
S181,2025-09-25,George St,Otago,Electronics,1,275.32
S182,2025-09-07,George St,Otago,Grocery,7,771.32
S183,2025-08-19,Lambton,Wellington,Beauty,1,63.93
S184,2025-01-21,Riccarton,Canterbury,Home,1,84.27
S185,2025-11-09,George St,Otago,Apparel,5,740.98
S186,2025-07-22,Riccarton,Canterbury,Grocery,8,538.85
S187,2025-02-15,Lambton,Wellington,Home,4,334.81
S188,2025-07-14,George St,Otago,Grocery,5,1019.48
S189,2025-05-27,George St,Otago,Electronics,10,1887.47
S190,2025-12-26,Lambton,Wellington,Electronics,6,584.84
S191,2025-12-10,Hamilton Central,Waikato,Grocery,12,761.42
S192,2025-11-23,George St,Otago,Home,8,1599.94
S193,2025-05-15,Riccarton,Canterbury,Home,2,478.94
S194,2025-07-21,Hamilton Central,Waikato,Electronics,7,735.87
S195,2025-04-08,George St,Otago,Beauty,8,992.57
S196,2025-04-08,Hamilton Central,Waikato,Beauty,7,1401.66
S197,2025-02-02,George St,Otago,Beauty,2,571.06
S198,2025-12-13,George St,Otago,Home,3,521.21
S199,2025-02-24,George St,Otago,Electronics,6,758.08
S200,2025-05-13,Riccarton,Canterbury,Beauty,10,2831.4
S201,2025-05-08,Queen St,Auckland,Apparel,1,13.76
S202,2025-01-23,Riccarton,Canterbury,Beauty,10,2353.15
S203,2025-04-14,Hamilton Central,Waikato,Electronics,7,70.56
S204,2025-03-18,Hamilton Central,Waikato,Beauty,4,476.2
S205,2025-12-15,George St,Otago,Home,1,112.38
S206,2025-01-17,Queen St,Auckland,Grocery,11,3183.82
S207,2025-05-21,Hamilton Central,Waikato,Grocery,12,2739.18
S208,2025-02-14,Riccarton,Canterbury,Home,6,112.11
S209,2025-04-13,Hamilton Central,Waikato,Beauty,10,933.11
S210,2025-11-04,George St,Otago,Apparel,3,898.24
S211,2025-12-09,Riccarton,Canterbury,Electronics,4,966.9
S212,2025-04-18,Hamilton Central,Waikato,Electronics,6,548.78
S213,2025-11-22,Hamilton Central,Waikato,Grocery,10,2413.06
S214,2025-11-12,Lambton,Wellington,Home,12,1857.07
S215,2025-08-27,Lambton,Wellington,Home,1,63.42
S216,2025-07-27,Queen St,Auckland,Electronics,10,1854.57
S217,2025-02-24,Queen St,Auckland,Electronics,1,127.55
S218,2025-05-26,Hamilton Central,Waikato,Grocery,9,488.25
S219,2025-09-22,Hamilton Central,Waikato,Grocery,7,126.83
S220,2025-12-18,Hamilton Central,Waikato,Electronics,3,481.26
S221,2025-01-14,Hamilton Central,Waikato,Apparel,5,1416.43
S222,2025-01-19,Lambton,Wellington,Electronics,12,907.77
S223,2025-08-13,Lambton,Wellington,Apparel,3,230.51
S224,2025-12-02,Hamilton Central,Waikato,Grocery,11,251.4
S225,2025-08-27,Lambton,Wellington,Apparel,7,1730.31
S226,2025-02-06,Riccarton,Canterbury,Beauty,10,1977.69
S227,2025-05-27,Queen St,Auckland,Apparel,12,3435.03
S228,2025-02-08,George St,Otago,Electronics,6,964.94
S229,2025-02-03,George St,Otago,Home,2,272.73
S230,2025-08-20,George St,Otago,Home,7,377.84
S231,2025-08-18,Riccarton,Canterbury,Apparel,10,253.46
S232,2025-08-13,Riccarton,Canterbury,Beauty,10,288.32
S233,2025-11-02,Riccarton,Canterbury,Grocery,8,1952.97
S234,2025-06-01,Hamilton Central,Waikato,Home,4,142.49
S235,2025-06-13,Queen St,Auckland,Grocery,2,139.57
S236,2025-10-23,Riccarton,Canterbury,Home,9,2441.63
S237,2025-05-16,George St,Otago,Electronics,8,88.9
S238,2025-11-04,Queen St,Auckland,Beauty,12,2540.28
S239,2025-08-27,Hamilton Central,Waikato,Apparel,10,2221.89
S240,2025-11-14,George St,Otago,Electronics,10,670.81
S241,2025-01-18,George St,Otago,Beauty,8,1099.73
S242,2025-01-06,Lambton,Wellington,Grocery,12,268.39
S243,2025-07-23,Lambton,Wellington,Home,7,1428.64
S244,2025-09-12,Lambton,Wellington,Grocery,2,382.23
S245,2025-10-08,George St,Otago,Home,3,773.04
S246,2025-04-10,George St,Otago,Electronics,5,742.76
S247,2025-10-24,Queen St,Auckland,Electronics,1,150.57
S248,2025-11-11,Lambton,Wellington,Beauty,3,180.82
S249,2025-11-01,Hamilton Central,Waikato,Apparel,1,216.59
S250,2025-09-25,Riccarton,Canterbury,Apparel,6,909.78
S251,2025-08-03,Queen St,Auckland,Beauty,8,1244.4
S252,2025-05-03,Lambton,Wellington,Electronics,10,2729.95
S253,2025-03-24,Queen St,Auckland,Grocery,9,2175.1
S254,2025-02-26,Riccarton,Canterbury,Beauty,5,1464.79
S255,2025-09-11,George St,Otago,Apparel,5,668.73
S256,2025-11-27,George St,Otago,Beauty,3,181.89
S257,2025-08-24,Riccarton,Canterbury,Beauty,1,172.34
S258,2025-10-02,Queen St,Auckland,Beauty,2,400.29
S259,2025-01-12,Hamilton Central,Waikato,Grocery,7,324.72
S260,2025-06-13,Queen St,Auckland,Apparel,2,191.88
S261,2025-11-02,Lambton,Wellington,Grocery,12,2544.09
S262,2025-02-05,Hamilton Central,Waikato,Home,5,977.55
S263,2025-12-01,Hamilton Central,Waikato,Apparel,5,1258.59
S264,2025-10-17,George St,Otago,Beauty,12,1599.45
S265,2025-03-23,Hamilton Central,Waikato,Apparel,4,1109.42
S266,2025-03-27,Hamilton Central,Waikato,Grocery,10,1500.37
S267,2025-12-06,Hamilton Central,Waikato,Grocery,3,472.75
S268,2025-09-14,Hamilton Central,Waikato,Apparel,4,565.18
S269,2025-09-26,Queen St,Auckland,Electronics,8,853.6
S270,2025-09-05,George St,Otago,Grocery,8,1762.08
S271,2025-05-25,Hamilton Central,Waikato,Apparel,11,2184.38
S272,2025-03-28,Hamilton Central,Waikato,Grocery,2,284.54
S273,2025-11-12,Hamilton Central,Waikato,Apparel,5,809.59
S274,2025-11-09,Lambton,Wellington,Grocery,8,1395.91
S275,2025-07-08,Riccarton,Canterbury,Grocery,12,336.93
S276,2025-12-14,Lambton,Wellington,Apparel,5,546.69
S277,2025-06-11,George St,Otago,Apparel,8,211.9
S278,2025-04-03,Riccarton,Canterbury,Electronics,11,386.79
S279,2025-09-24,Lambton,Wellington,Apparel,1,33.3
S280,2025-03-12,Lambton,Wellington,Home,1,283.82
S281,2025-03-01,George St,Otago,Grocery,12,2053.14
S282,2025-10-11,Hamilton Central,Waikato,Beauty,1,264.7
S283,2025-12-02,Riccarton,Canterbury,Beauty,8,654.15
S284,2025-01-14,Lambton,Wellington,Home,9,1033.77
S285,2025-02-24,Queen St,Auckland,Beauty,4,810.95
S286,2025-02-06,Queen St,Auckland,Home,12,798.55
S287,2025-10-08,Riccarton,Canterbury,Beauty,5,860.62
S288,2025-07-16,Hamilton Central,Waikato,Apparel,4,402.83
S289,2025-01-20,Lambton,Wellington,Grocery,12,2784.66
S290,2025-04-13,Riccarton,Canterbury,Beauty,10,2806.84
S291,2025-11-14,Riccarton,Canterbury,Electronics,8,1952.54
S292,2025-04-12,George St,Otago,Grocery,2,541.47
S293,2025-06-28,George St,Otago,Grocery,11,2206.69
S294,2025-10-22,Hamilton Central,Waikato,Beauty,3,864.42
S295,2025-08-08,George St,Otago,Grocery,2,518.65
S296,2025-03-16,Queen St,Auckland,Beauty,2,250.1
S297,2025-06-11,Riccarton,Canterbury,Home,5,1011.23
S298,2025-09-09,Riccarton,Canterbury,Electronics,10,2515.21
S299,2025-05-27,Riccarton,Canterbury,Home,1,13.3
S300,2025-02-02,Hamilton Central,Waikato,Beauty,5,574.33
S301,2025-05-03,Riccarton,Canterbury,Grocery,11,1109.56
S302,2025-06-13,Hamilton Central,Waikato,Grocery,2,375.77
S303,2025-02-28,Lambton,Wellington,Home,3,662.36
S304,2025-12-24,Lambton,Wellington,Apparel,2,185.85
S305,2025-09-12,Hamilton Central,Waikato,Electronics,5,623.06
S306,2025-02-28,Lambton,Wellington,Apparel,7,516.4
S307,2025-05-01,George St,Otago,Grocery,3,719.63
S308,2025-03-28,Hamilton Central,Waikato,Home,3,515.54
S309,2025-01-12,Lambton,Wellington,Beauty,7,1211.48
S310,2025-06-20,George St,Otago,Electronics,9,1445.11
S311,2025-09-10,Hamilton Central,Waikato,Electronics,10,1265.9
S312,2025-05-11,Hamilton Central,Waikato,Electronics,2,23.22
S313,2025-06-18,Queen St,Auckland,Electronics,4,977.58
S314,2025-04-16,George St,Otago,Electronics,8,848.79
S315,2025-04-10,Lambton,Wellington,Beauty,4,392.45
S316,2025-08-24,Lambton,Wellington,Beauty,10,1372.43
S317,2025-07-25,Lambton,Wellington,Grocery,8,289.56
S318,2025-07-09,Riccarton,Canterbury,Apparel,8,2078.23
S319,2025-01-04,Queen St,Auckland,Home,6,535.71
S320,2025-06-28,Queen St,Auckland,Electronics,10,1167.85
S321,2025-03-20,Hamilton Central,Waikato,Grocery,4,915.07
S322,2025-08-06,Queen St,Auckland,Grocery,11,187.23
S323,2025-09-15,George St,Otago,Home,5,1389.42
S324,2025-12-14,Riccarton,Canterbury,Electronics,5,69.85
S325,2025-04-14,Hamilton Central,Waikato,Beauty,5,320.32
S326,2025-03-23,George St,Otago,Electronics,8,1255.76
S327,2025-09-23,Hamilton Central,Waikato,Grocery,6,1371.88
S328,2025-10-26,Riccarton,Canterbury,Grocery,9,845.43
S329,2025-03-10,George St,Otago,Beauty,3,368.48
S330,2025-06-13,Hamilton Central,Waikato,Apparel,12,2520.0
S331,2025-10-11,Riccarton,Canterbury,Electronics,12,1571.18
S332,2025-03-19,Riccarton,Canterbury,Home,9,2698.55
S333,2025-05-15,Queen St,Auckland,Apparel,2,181.9
S334,2025-02-13,George St,Otago,Beauty,4,896.58
S335,2025-11-25,Lambton,Wellington,Apparel,12,2374.41
S336,2025-05-27,George St,Otago,Apparel,5,560.86
S337,2025-08-13,George St,Otago,Beauty,6,679.22
S338,2025-10-14,Riccarton,Canterbury,Beauty,4,552.03
S339,2025-07-28,Hamilton Central,Waikato,Apparel,2,44.86
S340,2025-01-16,Hamilton Central,Waikato,Beauty,3,156.89
S341,2025-11-10,George St,Otago,Beauty,2,432.31
S342,2025-09-11,George St,Otago,Beauty,4,702.64
S343,2025-05-01,Queen St,Auckland,Electronics,6,884.29
S344,2025-09-15,Riccarton,Canterbury,Grocery,10,2788.98
S345,2025-05-28,Lambton,Wellington,Grocery,9,587.62
S346,2025-12-20,Lambton,Wellington,Electronics,1,295.72
S347,2025-09-12,George St,Otago,Apparel,5,697.23
S348,2025-03-16,Queen St,Auckland,Electronics,11,1125.12
S349,2025-12-23,George St,Otago,Apparel,6,472.72
S350,2025-12-11,Queen St,Auckland,Grocery,6,986.31
S351,2025-11-20,George St,Otago,Home,8,2289.37
S352,2025-02-13,Riccarton,Canterbury,Beauty,9,1418.16
S353,2025-11-23,Hamilton Central,Waikato,Beauty,12,2645.56
S354,2025-10-05,George St,Otago,Apparel,1,262.07
S355,2025-08-16,George St,Otago,Grocery,8,1969.15
S356,2025-09-08,Queen St,Auckland,Apparel,10,1930.89
S357,2025-12-04,George St,Otago,Home,1,155.58
S358,2025-07-08,Queen St,Auckland,Apparel,11,2683.66
S359,2025-02-02,Lambton,Wellington,Grocery,11,3148.21
S360,2025-08-13,Hamilton Central,Waikato,Apparel,6,1174.09
S361,2025-12-03,Queen St,Auckland,Home,9,385.19
S362,2025-10-19,Riccarton,Canterbury,Grocery,6,1459.54
S363,2025-01-25,George St,Otago,Grocery,12,2285.81
S364,2025-01-25,George St,Otago,Apparel,1,42.88
S365,2025-08-05,Queen St,Auckland,Home,12,555.1
S366,2025-09-13,Lambton,Wellington,Apparel,11,3256.22
S367,2025-02-27,George St,Otago,Apparel,1,30.31
S368,2025-05-17,Hamilton Central,Waikato,Beauty,3,201.8
S369,2025-07-28,Riccarton,Canterbury,Electronics,4,602.63
S370,2025-06-15,Queen St,Auckland,Grocery,8,496.34
S371,2025-09-13,George St,Otago,Beauty,5,1269.69
S372,2025-01-28,Lambton,Wellington,Electronics,5,1349.33
S373,2025-06-24,Lambton,Wellington,Grocery,12,2128.31
S374,2025-11-07,Hamilton Central,Waikato,Beauty,5,547.72
S375,2025-08-05,Hamilton Central,Waikato,Grocery,3,383.94
S376,2025-02-20,George St,Otago,Grocery,5,192.94
S377,2025-08-15,Lambton,Wellington,Grocery,5,1354.6
S378,2025-10-05,Riccarton,Canterbury,Home,11,3291.61
S379,2025-11-24,Hamilton Central,Waikato,Grocery,3,792.94
S380,2025-01-05,Hamilton Central,Waikato,Home,7,1766.8
S381,2025-11-12,Queen St,Auckland,Grocery,7,2063.63
S382,2025-04-22,Lambton,Wellington,Electronics,5,197.15
S383,2025-02-08,Riccarton,Canterbury,Apparel,11,2384.18
S384,2025-04-13,Riccarton,Canterbury,Home,8,1154.54
S385,2025-02-14,George St,Otago,Electronics,6,1138.8
S386,2025-08-13,George St,Otago,Apparel,4,493.47
S387,2025-12-25,George St,Otago,Apparel,2,85.95
S388,2025-10-27,Lambton,Wellington,Home,2,148.24
S389,2025-11-09,Lambton,Wellington,Grocery,4,271.23
S390,2025-05-28,George St,Otago,Apparel,4,492.34
S391,2025-02-17,Lambton,Wellington,Grocery,11,277.6
S392,2025-12-07,Riccarton,Canterbury,Home,7,1201.08
S393,2025-11-14,Hamilton Central,Waikato,Electronics,12,323.17
S394,2025-09-02,Lambton,Wellington,Apparel,8,1396.51
S395,2025-05-04,George St,Otago,Grocery,7,852.64
S396,2025-03-19,Queen St,Auckland,Home,10,1535.08
S397,2025-10-02,Riccarton,Canterbury,Beauty,4,551.78
S398,2025-05-02,Riccarton,Canterbury,Home,11,1489.47
S399,2025-08-01,Queen St,Auckland,Electronics,7,1350.06
S400,2025-08-24,George St,Otago,Grocery,2,495.95
S401,2025-10-10,Queen St,Auckland,Beauty,5,699.2
S402,2025-07-02,Queen St,Auckland,Beauty,6,154.81
S403,2025-05-07,Hamilton Central,Waikato,Beauty,4,62.91
S404,2025-04-02,Queen St,Auckland,Apparel,12,720.17
S405,2025-12-26,Riccarton,Canterbury,Electronics,9,1883.66
S406,2025-06-11,George St,Otago,Grocery,5,740.55
S407,2025-06-16,Lambton,Wellington,Grocery,9,1237.68
S408,2025-05-04,Queen St,Auckland,Beauty,7,394.98
S409,2025-03-13,George St,Otago,Beauty,3,229.24
S410,2025-03-26,George St,Otago,Electronics,6,916.91
S411,2025-12-04,George St,Otago,Electronics,11,3215.96
S412,2025-02-17,Riccarton,Canterbury,Apparel,10,652.35
S413,2025-08-26,Riccarton,Canterbury,Beauty,12,1727.06
S414,2025-12-15,Queen St,Auckland,Home,4,196.35
S415,2025-05-01,George St,Otago,Electronics,11,1945.38
S416,2025-11-26,Lambton,Wellington,Grocery,12,2380.68
S417,2025-07-14,Lambton,Wellington,Home,7,1406.07
S418,2025-01-09,Riccarton,Canterbury,Electronics,8,1215.21
S419,2025-06-28,Hamilton Central,Waikato,Grocery,12,3107.73
S420,2025-08-12,Queen St,Auckland,Home,2,564.32
S421,2025-04-14,Queen St,Auckland,Apparel,6,990.26
S422,2025-05-04,Riccarton,Canterbury,Home,2,453.13
S423,2025-06-24,Queen St,Auckland,Apparel,8,1280.83
S424,2025-11-24,Lambton,Wellington,Home,10,582.33
S425,2025-11-02,Riccarton,Canterbury,Beauty,3,369.21
S426,2025-02-11,Riccarton,Canterbury,Grocery,3,706.28
S427,2025-11-13,Hamilton Central,Waikato,Grocery,1,291.23
S428,2025-09-27,Lambton,Wellington,Grocery,1,45.24
S429,2025-04-10,Hamilton Central,Waikato,Grocery,3,429.12
S430,2025-11-20,George St,Otago,Beauty,12,1452.71
S431,2025-11-03,Queen St,Auckland,Grocery,9,821.35
S432,2025-04-07,George St,Otago,Electronics,9,434.01
S433,2025-07-13,Hamilton Central,Waikato,Grocery,2,243.57
S434,2025-07-21,Lambton,Wellington,Electronics,10,2457.46
S435,2025-12-14,Riccarton,Canterbury,Apparel,10,2023.51
S436,2025-01-21,Queen St,Auckland,Apparel,6,153.74
S437,2025-02-13,Riccarton,Canterbury,Apparel,5,820.12
S438,2025-05-26,Lambton,Wellington,Grocery,5,860.55
S439,2025-09-26,Riccarton,Canterbury,Home,3,161.28
S440,2025-06-08,George St,Otago,Beauty,8,1132.66
S441,2025-04-09,Hamilton Central,Waikato,Apparel,10,600.62
S442,2025-04-24,Hamilton Central,Waikato,Electronics,2,349.51
S443,2025-11-27,Queen St,Auckland,Beauty,6,1560.63
S444,2025-02-14,George St,Otago,Apparel,1,143.73
S445,2025-01-15,Riccarton,Canterbury,Electronics,7,1556.4
S446,2025-08-15,Queen St,Auckland,Electronics,7,1101.05
S447,2025-01-19,Lambton,Wellington,Home,3,459.77
S448,2025-09-24,Lambton,Wellington,Grocery,10,842.42
S449,2025-02-07,Riccarton,Canterbury,Apparel,8,1536.55
S450,2025-04-26,Hamilton Central,Waikato,Grocery,5,251.44
S451,2025-09-09,Riccarton,Canterbury,Apparel,3,843.08
S452,2025-02-09,George St,Otago,Beauty,8,2242.23
S453,2025-09-24,Hamilton Central,Waikato,Home,2,117.7
S454,2025-05-25,Riccarton,Canterbury,Grocery,9,2392.66
S455,2025-11-16,Queen St,Auckland,Grocery,1,183.7
S456,2025-02-06,George St,Otago,Beauty,2,179.07
S457,2025-04-03,Queen St,Auckland,Apparel,9,1072.32
S458,2025-11-22,Riccarton,Canterbury,Home,9,2058.76
S459,2025-12-08,George St,Otago,Apparel,2,199.87
S460,2025-10-26,Queen St,Auckland,Home,12,3326.51
S461,2025-01-18,Lambton,Wellington,Electronics,1,81.48
S462,2025-04-01,George St,Otago,Electronics,11,1293.18
S463,2025-05-14,Riccarton,Canterbury,Grocery,8,1330.67
S464,2025-03-01,Lambton,Wellington,Apparel,5,153.56
S465,2025-12-28,George St,Otago,Grocery,9,1767.25
S466,2025-11-19,Hamilton Central,Waikato,Beauty,2,209.75
S467,2025-01-09,Hamilton Central,Waikato,Beauty,9,1941.22
S468,2025-02-10,Queen St,Auckland,Electronics,10,580.71
S469,2025-11-24,Queen St,Auckland,Apparel,8,1312.08
S470,2025-04-01,George St,Otago,Grocery,1,67.55
S471,2025-02-07,Queen St,Auckland,Home,7,1026.06
S472,2025-05-18,Hamilton Central,Waikato,Beauty,6,1075.32
S473,2025-07-16,Riccarton,Canterbury,Apparel,8,1013.96
S474,2025-01-17,Riccarton,Canterbury,Home,5,1271.75
S475,2025-01-05,Hamilton Central,Waikato,Grocery,1,275.38
S476,2025-12-26,Hamilton Central,Waikato,Apparel,8,1721.32
S477,2025-02-23,Queen St,Auckland,Apparel,3,713.98
S478,2025-07-04,Queen St,Auckland,Electronics,5,1420.11
S479,2025-10-03,Lambton,Wellington,Beauty,4,504.03
S480,2025-01-09,Queen St,Auckland,Electronics,7,547.34
S481,2025-10-20,Lambton,Wellington,Electronics,7,1655.64
S482,2025-07-14,Queen St,Auckland,Home,10,1875.74
S483,2025-10-27,Riccarton,Canterbury,Grocery,11,2530.87
S484,2025-12-13,Queen St,Auckland,Home,9,1984.21
S485,2025-09-17,Hamilton Central,Waikato,Grocery,3,476.27
S486,2025-12-21,George St,Otago,Beauty,12,2485.88
S487,2025-11-24,Hamilton Central,Waikato,Beauty,5,980.11
S488,2025-06-13,Hamilton Central,Waikato,Apparel,1,286.62
S489,2025-03-16,Lambton,Wellington,Beauty,8,1371.09
S490,2025-06-07,Queen St,Auckland,Electronics,5,54.78
S491,2025-10-03,Hamilton Central,Waikato,Grocery,9,1219.54
S492,2025-12-04,Riccarton,Canterbury,Beauty,3,424.75
S493,2025-04-07,Riccarton,Canterbury,Electronics,10,1848.78
S494,2025-02-20,Queen St,Auckland,Home,10,2253.86
S495,2025-06-25,Hamilton Central,Waikato,Beauty,2,197.59
S496,2025-11-13,Riccarton,Canterbury,Beauty,8,2391.95
S497,2025-09-26,Queen St,Auckland,Apparel,5,361.86
S498,2025-06-27,Queen St,Auckland,Electronics,1,287.25
S499,2025-10-08,Lambton,Wellington,Beauty,4,135.48
S500,2025-06-03,Lambton,Wellington,Grocery,12,200.37
S501,2025-04-25,Hamilton Central,Waikato,Beauty,12,459.05
S502,2025-07-10,Riccarton,Canterbury,Home,1,79.65
S503,2025-11-09,Hamilton Central,Waikato,Home,1,227.91
S504,2025-08-15,Queen St,Auckland,Beauty,8,1213.3
S505,2025-02-02,Lambton,Wellington,Grocery,5,1049.79
S506,2025-12-28,Riccarton,Canterbury,Beauty,4,440.22
S507,2025-03-19,Queen St,Auckland,Beauty,4,762.11
S508,2025-09-04,Riccarton,Canterbury,Grocery,12,3171.44
S509,2025-09-17,Hamilton Central,Waikato,Home,10,497.17
S510,2025-10-06,Lambton,Wellington,Home,5,838.63
S511,2025-03-25,Lambton,Wellington,Electronics,10,680.02
S512,2025-11-05,Riccarton,Canterbury,Electronics,12,2383.69
S513,2025-05-13,George St,Otago,Electronics,12,314.14
S514,2025-09-03,Lambton,Wellington,Home,1,241.54
S515,2025-07-20,Riccarton,Canterbury,Home,1,239.14
S516,2025-12-04,Riccarton,Canterbury,Apparel,2,72.72
S517,2025-07-21,George St,Otago,Electronics,9,2048.25
S518,2025-11-21,Riccarton,Canterbury,Electronics,10,2273.85
S519,2025-09-17,George St,Otago,Home,12,3431.0
S520,2025-03-09,Lambton,Wellington,Grocery,3,59.55
S521,2025-06-19,George St,Otago,Home,4,895.66
S522,2025-08-25,Riccarton,Canterbury,Grocery,12,1285.72
S523,2025-06-08,Riccarton,Canterbury,Apparel,10,963.17
S524,2025-11-01,Riccarton,Canterbury,Electronics,1,269.52
S525,2025-06-13,Riccarton,Canterbury,Electronics,10,688.3
S526,2025-02-25,Queen St,Auckland,Grocery,10,2443.44
S527,2025-06-16,Queen St,Auckland,Home,5,1262.03
S528,2025-10-01,Lambton,Wellington,Beauty,5,601.5
S529,2025-04-15,George St,Otago,Grocery,9,1201.06
S530,2025-12-01,Riccarton,Canterbury,Grocery,5,1288.21
S531,2025-12-23,Queen St,Auckland,Beauty,4,1087.71
S532,2025-04-26,George St,Otago,Home,7,1813.84
S533,2025-08-13,Lambton,Wellington,Apparel,4,70.24
S534,2025-05-02,Lambton,Wellington,Apparel,1,25.42
S535,2025-05-09,Riccarton,Canterbury,Electronics,2,80.26
S536,2025-01-20,Hamilton Central,Waikato,Electronics,12,2173.95
S537,2025-12-07,George St,Otago,Home,3,163.32
S538,2025-06-02,George St,Otago,Grocery,10,1600.73
S539,2025-11-04,Riccarton,Canterbury,Apparel,11,306.4
S540,2025-01-16,Lambton,Wellington,Grocery,10,1007.73
S541,2025-01-24,George St,Otago,Beauty,2,239.67
S542,2025-01-03,George St,Otago,Beauty,12,3093.78
S543,2025-06-25,Lambton,Wellington,Electronics,9,2322.52
S544,2025-08-01,Queen St,Auckland,Home,8,2333.95
S545,2025-09-01,Queen St,Auckland,Apparel,5,395.11
S546,2025-09-02,Riccarton,Canterbury,Apparel,12,1608.3
S547,2025-12-08,Riccarton,Canterbury,Beauty,5,1249.57
S548,2025-12-04,Queen St,Auckland,Electronics,12,197.81
S549,2025-05-20,Hamilton Central,Waikato,Apparel,12,538.64
S550,2025-05-13,Queen St,Auckland,Grocery,1,64.27
S551,2025-08-06,Hamilton Central,Waikato,Apparel,6,1220.66
S552,2025-10-22,George St,Otago,Grocery,5,503.32
S553,2025-07-22,Hamilton Central,Waikato,Beauty,7,489.19
S554,2025-06-14,Riccarton,Canterbury,Beauty,3,455.55
S555,2025-05-26,Queen St,Auckland,Electronics,4,364.97
S556,2025-02-11,George St,Otago,Beauty,6,725.69
S557,2025-01-15,Queen St,Auckland,Electronics,1,124.68
S558,2025-10-04,George St,Otago,Home,9,1623.23
S559,2025-07-08,Queen St,Auckland,Grocery,7,1752.38
S560,2025-11-08,George St,Otago,Home,4,73.84
S561,2025-09-03,Queen St,Auckland,Home,10,2679.47
S562,2025-09-16,Lambton,Wellington,Apparel,2,484.7
S563,2025-10-09,Lambton,Wellington,Beauty,3,564.08
S564,2025-05-13,Queen St,Auckland,Electronics,9,1140.91
S565,2025-09-21,Hamilton Central,Waikato,Grocery,4,434.21
S566,2025-02-09,Riccarton,Canterbury,Home,5,1185.75
S567,2025-11-06,George St,Otago,Home,6,1431.44
S568,2025-01-15,Queen St,Auckland,Apparel,3,544.34
S569,2025-06-27,Riccarton,Canterbury,Apparel,1,26.13
S570,2025-10-25,George St,Otago,Apparel,2,126.27
S571,2025-05-24,Riccarton,Canterbury,Electronics,11,2959.86
S572,2025-01-16,Hamilton Central,Waikato,Electronics,12,391.37
S573,2025-01-15,Hamilton Central,Waikato,Apparel,3,260.81
S574,2025-01-10,George St,Otago,Home,11,530.49
S575,2025-08-20,Hamilton Central,Waikato,Home,9,2437.89
S576,2025-08-25,Lambton,Wellington,Electronics,10,2547.26
S577,2025-08-11,Lambton,Wellington,Home,1,224.17
S578,2025-10-12,Riccarton,Canterbury,Electronics,6,795.63
S579,2025-08-11,Lambton,Wellington,Home,11,251.87
S580,2025-02-01,Lambton,Wellington,Electronics,3,351.75
S581,2025-09-06,Lambton,Wellington,Electronics,12,873.3
S582,2025-02-21,Queen St,Auckland,Apparel,2,313.41
S583,2025-09-23,Riccarton,Canterbury,Electronics,8,1854.5
S584,2025-07-08,Hamilton Central,Waikato,Home,11,1731.37
S585,2025-06-01,Hamilton Central,Waikato,Home,3,77.22
S586,2025-02-21,George St,Otago,Beauty,5,1229.23
S587,2025-11-11,Hamilton Central,Waikato,Grocery,3,517.15
S588,2025-12-16,Riccarton,Canterbury,Home,5,1266.68
S589,2025-01-07,Hamilton Central,Waikato,Electronics,5,63.2
S590,2025-09-15,Hamilton Central,Waikato,Apparel,11,1092.33
S591,2025-05-16,Hamilton Central,Waikato,Apparel,1,193.4
S592,2025-05-01,Hamilton Central,Waikato,Home,8,1594.18
S593,2025-08-11,Hamilton Central,Waikato,Apparel,1,137.94
S594,2025-06-26,Hamilton Central,Waikato,Apparel,9,1687.51
S595,2025-11-16,Hamilton Central,Waikato,Beauty,7,891.84
S596,2025-08-21,Hamilton Central,Waikato,Grocery,5,634.75
S597,2025-08-14,Hamilton Central,Waikato,Home,4,840.58
S598,2025-02-27,Lambton,Wellington,Apparel,9,2082.77
S599,2025-11-19,George St,Otago,Home,9,395.81
S600,2025-12-25,George St,Otago,Grocery,9,1716.0
S601,2025-10-24,George St,Otago,Home,8,1939.6
S602,2025-05-27,Hamilton Central,Waikato,Apparel,10,2796.65
S603,2025-01-11,Queen St,Auckland,Grocery,4,1136.76
S604,2025-05-08,Hamilton Central,Waikato,Electronics,11,1510.56
S605,2025-07-08,Hamilton Central,Waikato,Grocery,2,164.99
S606,2025-05-12,Hamilton Central,Waikato,Electronics,3,593.37
S607,2025-02-15,Lambton,Wellington,Electronics,11,2330.93
S608,2025-05-27,Riccarton,Canterbury,Grocery,4,122.03
S609,2025-05-27,Hamilton Central,Waikato,Electronics,6,836.07
S610,2025-11-13,Lambton,Wellington,Home,11,1050.73
S611,2025-04-19,Lambton,Wellington,Beauty,6,647.94
S612,2025-10-26,Lambton,Wellington,Beauty,11,2774.28
S613,2025-03-27,George St,Otago,Beauty,12,1508.69
S614,2025-04-16,Lambton,Wellington,Apparel,2,226.0
S615,2025-08-06,Hamilton Central,Waikato,Beauty,4,1017.92
S616,2025-10-18,Riccarton,Canterbury,Apparel,11,1543.38
S617,2025-10-19,George St,Otago,Beauty,5,1231.67
S618,2025-06-07,Hamilton Central,Waikato,Electronics,5,908.18
S619,2025-02-15,Lambton,Wellington,Electronics,11,906.56
S620,2025-02-03,Riccarton,Canterbury,Electronics,1,244.67
S621,2025-07-02,George St,Otago,Home,7,2047.79
S622,2025-04-13,Queen St,Auckland,Home,3,34.81
S623,2025-07-06,Hamilton Central,Waikato,Apparel,12,3070.1
S624,2025-05-27,Lambton,Wellington,Home,2,291.59
S625,2025-10-25,Queen St,Auckland,Electronics,4,815.77
S626,2025-10-11,George St,Otago,Beauty,8,883.69
S627,2025-07-10,Riccarton,Canterbury,Home,2,140.73
S628,2025-11-25,Hamilton Central,Waikato,Electronics,9,767.86
S629,2025-01-22,Lambton,Wellington,Beauty,11,2266.07
S630,2025-10-21,Riccarton,Canterbury,Electronics,8,412.51
S631,2025-04-06,Riccarton,Canterbury,Home,2,285.75
S632,2025-07-19,George St,Otago,Grocery,4,523.29
S633,2025-08-05,Lambton,Wellington,Grocery,11,642.14
S634,2025-12-01,George St,Otago,Home,3,802.69
S635,2025-03-28,Riccarton,Canterbury,Home,7,444.37
S636,2025-07-19,Riccarton,Canterbury,Electronics,2,448.9
S637,2025-10-12,Queen St,Auckland,Home,11,722.17
S638,2025-06-26,George St,Otago,Grocery,12,1959.49
S639,2025-06-02,George St,Otago,Grocery,4,246.94
S640,2025-09-28,Hamilton Central,Waikato,Home,2,263.89
S641,2025-05-26,George St,Otago,Apparel,8,1579.11
S642,2025-09-27,Hamilton Central,Waikato,Apparel,5,1397.76
S643,2025-10-23,Queen St,Auckland,Apparel,5,1336.03
S644,2025-10-05,Lambton,Wellington,Grocery,3,437.25
S645,2025-06-07,Lambton,Wellington,Home,7,667.84
S646,2025-10-19,Lambton,Wellington,Home,2,441.48
S647,2025-11-03,Riccarton,Canterbury,Electronics,10,1164.53
S648,2025-05-25,Lambton,Wellington,Beauty,8,1951.31
S649,2025-03-17,Queen St,Auckland,Apparel,8,1676.79
S650,2025-04-24,George St,Otago,Home,7,1301.91
S651,2025-02-03,George St,Otago,Home,4,966.93
S652,2025-10-25,Hamilton Central,Waikato,Electronics,4,703.5
S653,2025-02-22,George St,Otago,Beauty,2,543.28
S654,2025-05-23,Lambton,Wellington,Apparel,4,537.45
S655,2025-06-22,Riccarton,Canterbury,Electronics,11,3175.59
S656,2025-09-10,Lambton,Wellington,Apparel,4,234.4
S657,2025-10-08,Hamilton Central,Waikato,Beauty,1,160.42
S658,2025-11-21,George St,Otago,Apparel,10,807.24
S659,2025-11-12,Lambton,Wellington,Apparel,7,1177.4
S660,2025-02-02,Riccarton,Canterbury,Apparel,4,86.36
S661,2025-02-23,Queen St,Auckland,Beauty,1,154.09
S662,2025-06-22,Riccarton,Canterbury,Grocery,8,360.59
S663,2025-07-04,Riccarton,Canterbury,Beauty,7,748.16
S664,2025-05-08,Riccarton,Canterbury,Electronics,12,1616.62
S665,2025-11-08,George St,Otago,Grocery,3,325.78
S666,2025-02-13,Riccarton,Canterbury,Home,9,1108.0
S667,2025-08-05,George St,Otago,Home,8,2377.58
S668,2025-03-01,Riccarton,Canterbury,Home,4,133.21
S669,2025-09-21,Queen St,Auckland,Electronics,1,163.3
S670,2025-08-19,Riccarton,Canterbury,Apparel,7,644.46
S671,2025-09-02,Queen St,Auckland,Home,12,577.05
S672,2025-10-21,George St,Otago,Beauty,8,834.44
S673,2025-11-23,Queen St,Auckland,Home,1,247.14
S674,2025-04-03,Lambton,Wellington,Electronics,6,137.71
S675,2025-08-09,Queen St,Auckland,Electronics,6,1613.35
S676,2025-09-26,George St,Otago,Electronics,2,242.43
S677,2025-10-13,Lambton,Wellington,Electronics,2,407.9
S678,2025-09-05,Queen St,Auckland,Grocery,11,174.46
S679,2025-08-03,Lambton,Wellington,Home,3,460.86
S680,2025-01-08,Queen St,Auckland,Home,3,234.12
S681,2025-12-09,George St,Otago,Apparel,6,1754.84
S682,2025-09-28,Riccarton,Canterbury,Beauty,6,744.13
S683,2025-10-25,Hamilton Central,Waikato,Apparel,11,3169.87
S684,2025-11-22,George St,Otago,Electronics,2,154.12
S685,2025-10-09,Riccarton,Canterbury,Grocery,11,1295.88
S686,2025-10-19,Riccarton,Canterbury,Beauty,1,191.47
S687,2025-09-10,Queen St,Auckland,Electronics,7,1683.76
S688,2025-10-28,Riccarton,Canterbury,Beauty,4,215.39
S689,2025-12-02,Riccarton,Canterbury,Electronics,9,126.66
S690,2025-09-14,George St,Otago,Electronics,4,704.5
S691,2025-09-22,Lambton,Wellington,Grocery,9,2679.13
S692,2025-10-12,George St,Otago,Home,1,87.87
S693,2025-08-22,George St,Otago,Apparel,7,354.36
S694,2025-10-07,Lambton,Wellington,Beauty,12,247.93
S695,2025-03-05,Lambton,Wellington,Grocery,12,2434.15
S696,2025-03-18,Hamilton Central,Waikato,Grocery,12,2775.5
S697,2025-07-05,Riccarton,Canterbury,Beauty,8,1426.57
S698,2025-03-07,Riccarton,Canterbury,Beauty,10,1768.01
S699,2025-05-06,Riccarton,Canterbury,Beauty,5,121.11
S700,2025-10-18,Queen St,Auckland,Electronics,8,2096.55
S701,2025-02-19,Lambton,Wellington,Home,11,1134.56
S702,2025-04-24,Riccarton,Canterbury,Apparel,4,730.38
S703,2025-08-19,Lambton,Wellington,Beauty,1,268.43
S704,2025-05-04,George St,Otago,Electronics,8,1806.37
S705,2025-12-11,Lambton,Wellington,Apparel,10,526.53
S706,2025-07-22,Lambton,Wellington,Apparel,5,350.35
S707,2025-03-26,Riccarton,Canterbury,Apparel,9,2022.28
S708,2025-04-11,Riccarton,Canterbury,Home,9,2099.36
S709,2025-03-18,Queen St,Auckland,Electronics,6,1290.69
S710,2025-09-08,George St,Otago,Beauty,4,789.45
S711,2025-01-14,Queen St,Auckland,Home,11,219.55
S712,2025-04-10,Queen St,Auckland,Electronics,10,2698.92
S713,2025-12-03,George St,Otago,Electronics,2,591.4
S714,2025-05-23,Lambton,Wellington,Grocery,11,302.71
S715,2025-08-03,Lambton,Wellington,Electronics,5,1385.03
S716,2025-04-09,Queen St,Auckland,Grocery,3,736.69
S717,2025-07-25,Lambton,Wellington,Grocery,2,189.2
S718,2025-03-17,Riccarton,Canterbury,Home,2,479.22
S719,2025-11-13,Lambton,Wellington,Grocery,1,48.98
S720,2025-12-01,George St,Otago,Grocery,2,358.94
S721,2025-07-17,Queen St,Auckland,Apparel,10,2038.98
S722,2025-07-17,George St,Otago,Apparel,7,2020.05
S723,2025-04-10,Hamilton Central,Waikato,Beauty,8,920.37
S724,2025-11-06,George St,Otago,Home,4,598.11
S725,2025-12-08,Queen St,Auckland,Electronics,8,1877.19
S726,2025-04-21,Riccarton,Canterbury,Electronics,10,2973.28
S727,2025-05-14,George St,Otago,Home,5,805.14
S728,2025-02-20,Queen St,Auckland,Beauty,4,341.4
S729,2025-05-18,George St,Otago,Electronics,12,3040.16
S730,2025-03-07,Lambton,Wellington,Home,6,1110.68
S731,2025-05-15,Hamilton Central,Waikato,Electronics,6,588.7
S732,2025-10-03,George St,Otago,Apparel,12,2354.39
S733,2025-12-27,George St,Otago,Beauty,6,822.39
S734,2025-03-20,Hamilton Central,Waikato,Grocery,11,3263.6
S735,2025-01-28,Riccarton,Canterbury,Beauty,10,597.24
S736,2025-07-28,Lambton,Wellington,Apparel,11,1147.15
S737,2025-10-13,Hamilton Central,Waikato,Electronics,4,1037.72
S738,2025-08-23,George St,Otago,Beauty,12,2385.9
S739,2025-05-19,Lambton,Wellington,Beauty,4,311.84
S740,2025-12-23,Riccarton,Canterbury,Electronics,2,245.41
S741,2025-08-01,Riccarton,Canterbury,Grocery,11,888.88
S742,2025-06-27,Queen St,Auckland,Home,1,11.77
S743,2025-08-28,Riccarton,Canterbury,Electronics,1,94.32
S744,2025-11-10,George St,Otago,Home,5,1433.04
S745,2025-05-14,Riccarton,Canterbury,Grocery,10,1508.17
S746,2025-03-22,Riccarton,Canterbury,Beauty,5,175.89
S747,2025-01-24,George St,Otago,Home,7,1900.48
S748,2025-04-25,Queen St,Auckland,Home,12,2495.3
S749,2025-05-23,Hamilton Central,Waikato,Electronics,2,434.75
S750,2025-07-19,Lambton,Wellington,Apparel,5,490.35
S751,2025-08-06,George St,Otago,Grocery,11,117.93
S752,2025-01-21,Hamilton Central,Waikato,Electronics,1,74.55
S753,2025-09-25,Queen St,Auckland,Electronics,5,1400.61
S754,2025-12-25,Queen St,Auckland,Grocery,9,705.49
S755,2025-04-02,Riccarton,Canterbury,Beauty,2,555.83
S756,2025-08-27,Queen St,Auckland,Apparel,1,69.38
S757,2025-01-11,Riccarton,Canterbury,Apparel,7,428.45
S758,2025-10-16,George St,Otago,Grocery,7,181.96
S759,2025-03-08,George St,Otago,Grocery,6,1645.79
S760,2025-02-28,Riccarton,Canterbury,Electronics,11,1325.76
S761,2025-01-22,Hamilton Central,Waikato,Beauty,7,980.05
S762,2025-01-24,George St,Otago,Apparel,5,382.91
S763,2025-03-16,Riccarton,Canterbury,Electronics,10,1364.14
S764,2025-05-25,Queen St,Auckland,Beauty,4,841.38
S765,2025-02-07,Lambton,Wellington,Beauty,9,151.66
S766,2025-12-07,George St,Otago,Apparel,5,1256.46
S767,2025-11-22,Queen St,Auckland,Apparel,7,1362.82
S768,2025-09-25,George St,Otago,Beauty,7,806.54
S769,2025-01-11,Hamilton Central,Waikato,Home,8,858.98
S770,2025-09-07,George St,Otago,Beauty,4,419.4
S771,2025-02-26,Queen St,Auckland,Beauty,3,629.38
S772,2025-03-11,Hamilton Central,Waikato,Grocery,8,370.35
S773,2025-11-11,Queen St,Auckland,Apparel,2,405.75
S774,2025-03-19,Queen St,Auckland,Grocery,8,786.19
S775,2025-08-08,Lambton,Wellington,Beauty,12,492.06
S776,2025-10-07,George St,Otago,Home,1,287.8
S777,2025-07-24,Queen St,Auckland,Grocery,10,991.17
S778,2025-03-22,Lambton,Wellington,Electronics,8,382.5
S779,2025-11-22,Queen St,Auckland,Beauty,2,528.04
S780,2025-07-11,Riccarton,Canterbury,Home,10,863.14
S781,2025-12-07,Queen St,Auckland,Beauty,3,822.53
S782,2025-10-10,Queen St,Auckland,Grocery,4,407.2
S783,2025-01-20,Hamilton Central,Waikato,Apparel,9,1519.18
S784,2025-05-27,Lambton,Wellington,Apparel,7,1835.6
S785,2025-03-21,George St,Otago,Home,1,212.33
S786,2025-09-26,George St,Otago,Apparel,9,92.54
S787,2025-10-19,Lambton,Wellington,Home,9,1689.52
S788,2025-04-06,Queen St,Auckland,Grocery,6,1052.77
S789,2025-07-08,Queen St,Auckland,Apparel,5,936.38
S790,2025-06-14,Queen St,Auckland,Home,10,429.87
S791,2025-05-19,George St,Otago,Home,10,1398.12
S792,2025-08-17,Riccarton,Canterbury,Apparel,3,110.45
S793,2025-02-11,Riccarton,Canterbury,Apparel,1,232.85
S794,2025-01-23,Hamilton Central,Waikato,Electronics,1,146.5
S795,2025-04-05,Queen St,Auckland,Apparel,10,1398.49
S796,2025-11-26,Queen St,Auckland,Grocery,4,1045.47
S797,2025-04-01,Queen St,Auckland,Grocery,7,2025.4
S798,2025-01-14,Hamilton Central,Waikato,Grocery,4,914.91
S799,2025-06-02,Riccarton,Canterbury,Electronics,1,187.86
S800,2025-07-17,George St,Otago,Beauty,6,1576.06
S801,2025-09-19,Hamilton Central,Waikato,Grocery,1,238.36
S802,2025-06-08,Hamilton Central,Waikato,Grocery,3,850.76
S803,2025-11-02,Lambton,Wellington,Beauty,7,1438.39
S804,2025-12-23,Hamilton Central,Waikato,Home,11,648.91
S805,2025-06-21,Lambton,Wellington,Home,8,650.02
S806,2025-06-04,Lambton,Wellington,Electronics,8,128.75
S807,2025-02-12,Lambton,Wellington,Beauty,7,1601.43
S808,2025-05-16,Lambton,Wellington,Home,3,749.46
S809,2025-03-12,Hamilton Central,Waikato,Grocery,9,687.27
S810,2025-05-24,Queen St,Auckland,Grocery,7,1261.43
S811,2025-02-02,Queen St,Auckland,Grocery,11,1211.14
S812,2025-01-23,Lambton,Wellington,Apparel,2,409.81
S813,2025-12-03,Riccarton,Canterbury,Grocery,11,2293.32
S814,2025-12-14,Riccarton,Canterbury,Home,11,2531.27
S815,2025-11-11,Hamilton Central,Waikato,Beauty,11,2195.13
S816,2025-11-07,Hamilton Central,Waikato,Apparel,8,416.14
S817,2025-10-09,George St,Otago,Beauty,5,619.23
S818,2025-09-13,George St,Otago,Apparel,8,1118.48
S819,2025-06-10,George St,Otago,Apparel,8,478.78
S820,2025-12-28,Lambton,Wellington,Beauty,11,2805.7
S821,2025-05-18,Hamilton Central,Waikato,Beauty,4,455.8
S822,2025-08-14,Hamilton Central,Waikato,Electronics,1,122.58
S823,2025-05-27,Riccarton,Canterbury,Apparel,9,2164.03
S824,2025-11-17,George St,Otago,Electronics,8,1275.16
S825,2025-10-15,Lambton,Wellington,Grocery,3,430.49
S826,2025-10-06,Hamilton Central,Waikato,Beauty,8,2143.18
S827,2025-11-12,Queen St,Auckland,Home,5,866.11
S828,2025-08-04,Hamilton Central,Waikato,Electronics,9,1447.97
S829,2025-08-04,George St,Otago,Grocery,8,2183.59
S830,2025-01-27,George St,Otago,Apparel,12,1418.83
S831,2025-09-15,George St,Otago,Home,10,445.86
S832,2025-12-28,Lambton,Wellington,Apparel,6,901.97
S833,2025-03-14,Queen St,Auckland,Beauty,7,1445.4
S834,2025-11-13,Riccarton,Canterbury,Beauty,10,1908.37
S835,2025-04-14,Hamilton Central,Waikato,Grocery,4,1037.92
S836,2025-08-04,Lambton,Wellington,Home,10,982.88
S837,2025-09-05,Lambton,Wellington,Electronics,6,751.11
S838,2025-03-07,Hamilton Central,Waikato,Apparel,7,856.91
S839,2025-01-13,Hamilton Central,Waikato,Home,3,87.27
S840,2025-05-26,Lambton,Wellington,Beauty,6,573.95
S841,2025-09-28,George St,Otago,Home,10,2649.57
S842,2025-11-09,Hamilton Central,Waikato,Grocery,4,873.4
S843,2025-04-20,Riccarton,Canterbury,Apparel,1,123.16
S844,2025-11-26,Lambton,Wellington,Beauty,10,831.54
S845,2025-09-10,George St,Otago,Beauty,1,165.18
S846,2025-10-01,Riccarton,Canterbury,Electronics,9,1708.56
S847,2025-10-11,Hamilton Central,Waikato,Home,4,370.43
S848,2025-06-28,Queen St,Auckland,Grocery,7,634.22
S849,2025-12-01,Queen St,Auckland,Beauty,8,739.78
S850,2025-10-18,Hamilton Central,Waikato,Beauty,5,214.03
S851,2025-04-22,Riccarton,Canterbury,Beauty,10,2287.34
S852,2025-12-19,Riccarton,Canterbury,Beauty,1,184.54
S853,2025-11-12,Lambton,Wellington,Apparel,10,1065.62
S854,2025-07-28,Queen St,Auckland,Apparel,4,496.34
S855,2025-10-14,Lambton,Wellington,Electronics,8,2213.96
S856,2025-08-16,Hamilton Central,Waikato,Beauty,2,177.74
S857,2025-12-01,Riccarton,Canterbury,Grocery,3,616.01
S858,2025-04-21,Hamilton Central,Waikato,Electronics,4,73.08
S859,2025-09-17,Hamilton Central,Waikato,Electronics,12,2387.0
S860,2025-08-15,Hamilton Central,Waikato,Home,7,1025.86
S861,2025-02-16,George St,Otago,Electronics,1,82.38
S862,2025-12-10,Riccarton,Canterbury,Apparel,3,494.04
S863,2025-03-03,Lambton,Wellington,Electronics,11,1034.02
S864,2025-08-26,Queen St,Auckland,Home,6,470.98
S865,2025-05-18,Queen St,Auckland,Electronics,6,1190.63
S866,2025-12-01,Queen St,Auckland,Grocery,6,1338.2
S867,2025-07-12,George St,Otago,Electronics,8,2149.3
S868,2025-05-27,Hamilton Central,Waikato,Grocery,5,170.29
S869,2025-09-05,Lambton,Wellington,Apparel,12,934.35
S870,2025-10-17,George St,Otago,Apparel,6,703.44
S871,2025-07-20,Riccarton,Canterbury,Electronics,5,1077.72
S872,2025-06-05,Queen St,Auckland,Beauty,12,1758.03
S873,2025-02-05,Hamilton Central,Waikato,Apparel,5,1159.53
S874,2025-02-11,Queen St,Auckland,Grocery,5,1488.74
S875,2025-10-22,Lambton,Wellington,Electronics,11,2431.39
S876,2025-06-17,George St,Otago,Grocery,6,327.18
S877,2025-03-19,Hamilton Central,Waikato,Home,11,1739.3
S878,2025-04-03,Queen St,Auckland,Apparel,1,191.31
S879,2025-12-16,Hamilton Central,Waikato,Beauty,4,207.12
S880,2025-11-18,George St,Otago,Beauty,8,1002.12
S881,2025-04-02,Queen St,Auckland,Grocery,9,2554.93
S882,2025-07-08,Hamilton Central,Waikato,Apparel,4,304.03
S883,2025-08-13,Hamilton Central,Waikato,Electronics,5,339.83
S884,2025-12-12,Lambton,Wellington,Grocery,2,388.37
S885,2025-06-18,Queen St,Auckland,Home,11,2818.51
S886,2025-07-08,George St,Otago,Apparel,12,2906.21
S887,2025-03-24,Lambton,Wellington,Beauty,10,1758.36
S888,2025-09-04,Lambton,Wellington,Home,5,1135.87
S889,2025-02-28,Riccarton,Canterbury,Electronics,4,491.56
S890,2025-12-26,Hamilton Central,Waikato,Apparel,4,90.74
S891,2025-04-15,George St,Otago,Electronics,8,393.02
S892,2025-05-11,Riccarton,Canterbury,Beauty,1,103.5
S893,2025-01-05,Riccarton,Canterbury,Beauty,1,42.69
S894,2025-07-13,Queen St,Auckland,Home,7,384.58
S895,2025-10-12,Hamilton Central,Waikato,Electronics,11,1397.92
S896,2025-11-07,Lambton,Wellington,Apparel,1,49.48
S897,2025-04-09,George St,Otago,Beauty,8,2198.48
S898,2025-12-02,Hamilton Central,Waikato,Electronics,8,556.87
S899,2025-08-28,Riccarton,Canterbury,Beauty,1,278.48
S900,2025-04-04,George St,Otago,Apparel,2,302.8
S901,2025-10-15,Riccarton,Canterbury,Beauty,6,976.24
S902,2025-07-20,Hamilton Central,Waikato,Electronics,6,1621.85
S903,2025-05-15,Queen St,Auckland,Grocery,4,966.5
S904,2025-04-01,Lambton,Wellington,Electronics,3,97.67
S905,2025-11-19,George St,Otago,Apparel,9,988.11
S906,2025-07-18,Riccarton,Canterbury,Grocery,6,1147.17
S907,2025-03-21,Queen St,Auckland,Home,8,1465.62
S908,2025-09-11,Hamilton Central,Waikato,Electronics,11,169.99
S909,2025-11-09,Riccarton,Canterbury,Grocery,4,146.77
S910,2025-10-19,Hamilton Central,Waikato,Electronics,11,2538.16
S911,2025-06-18,Hamilton Central,Waikato,Apparel,1,110.5
S912,2025-11-28,Riccarton,Canterbury,Electronics,10,1971.85
S913,2025-02-14,George St,Otago,Home,3,871.34
S914,2025-11-08,Hamilton Central,Waikato,Electronics,8,566.5
S915,2025-03-03,Queen St,Auckland,Apparel,7,1656.95
S916,2025-03-18,Lambton,Wellington,Home,2,388.36
S917,2025-09-07,Riccarton,Canterbury,Beauty,11,1039.38
S918,2025-04-06,George St,Otago,Home,7,2006.12
S919,2025-04-25,Queen St,Auckland,Apparel,6,65.7
S920,2025-01-12,Queen St,Auckland,Grocery,10,213.75
S921,2025-07-21,Riccarton,Canterbury,Home,6,1182.9
S922,2025-03-25,Lambton,Wellington,Home,1,169.27
S923,2025-01-03,Hamilton Central,Waikato,Apparel,7,1959.95
S924,2025-11-28,Hamilton Central,Waikato,Home,10,2604.4
S925,2025-06-27,Riccarton,Canterbury,Electronics,8,543.54
S926,2025-03-24,Riccarton,Canterbury,Electronics,7,455.36
S927,2025-08-25,Hamilton Central,Waikato,Apparel,1,166.91
S928,2025-11-25,Riccarton,Canterbury,Home,9,1582.52
S929,2025-05-02,George St,Otago,Electronics,11,374.58
S930,2025-07-10,Riccarton,Canterbury,Apparel,5,1189.56
S931,2025-08-02,Lambton,Wellington,Apparel,2,167.07
S932,2025-08-18,Lambton,Wellington,Grocery,12,1544.89
S933,2025-12-19,George St,Otago,Grocery,7,1697.77
S934,2025-01-11,Lambton,Wellington,Grocery,3,325.33
S935,2025-06-28,Lambton,Wellington,Apparel,5,1146.44
S936,2025-08-21,Hamilton Central,Waikato,Home,10,728.77
S937,2025-02-27,George St,Otago,Grocery,3,334.57
S938,2025-10-28,George St,Otago,Home,2,454.06
S939,2025-09-06,George St,Otago,Home,9,135.98
S940,2025-05-10,Hamilton Central,Waikato,Electronics,1,65.53
S941,2025-09-09,Lambton,Wellington,Beauty,5,126.59
S942,2025-05-03,George St,Otago,Home,5,1086.03
S943,2025-08-10,Queen St,Auckland,Apparel,2,585.22
S944,2025-08-20,Queen St,Auckland,Beauty,12,3564.73
S945,2025-04-19,Lambton,Wellington,Home,9,2394.67
S946,2025-09-16,George St,Otago,Home,10,1330.78
S947,2025-03-18,Riccarton,Canterbury,Home,12,1632.72
S948,2025-07-05,George St,Otago,Apparel,2,179.15
S949,2025-04-07,Riccarton,Canterbury,Apparel,12,936.28
S950,2025-11-21,Lambton,Wellington,Apparel,11,737.4
S951,2025-10-21,Lambton,Wellington,Apparel,11,2915.84
S952,2025-02-01,Lambton,Wellington,Electronics,8,1228.61
S953,2025-08-08,George St,Otago,Electronics,1,92.65
S954,2025-07-04,Lambton,Wellington,Beauty,7,1605.28
S955,2025-11-14,Lambton,Wellington,Apparel,1,59.02
S956,2025-09-19,George St,Otago,Beauty,8,299.89
S957,2025-07-02,George St,Otago,Beauty,12,2370.58
S958,2025-07-08,Queen St,Auckland,Electronics,10,2352.97
S959,2025-04-28,Hamilton Central,Waikato,Beauty,10,2925.89
S960,2025-03-24,George St,Otago,Beauty,7,452.79
S961,2025-05-18,Hamilton Central,Waikato,Apparel,3,131.11
S962,2025-03-10,Lambton,Wellington,Beauty,4,701.08
S963,2025-07-19,Hamilton Central,Waikato,Beauty,11,1187.21
S964,2025-10-04,Hamilton Central,Waikato,Beauty,9,2568.49
S965,2025-06-27,Queen St,Auckland,Grocery,8,521.72
S966,2025-04-07,Hamilton Central,Waikato,Beauty,3,460.4
S967,2025-07-28,George St,Otago,Home,4,281.27
S968,2025-05-25,Riccarton,Canterbury,Home,3,604.89
S969,2025-03-16,Hamilton Central,Waikato,Grocery,7,896.9
S970,2025-12-28,Queen St,Auckland,Electronics,9,992.15
S971,2025-03-12,Hamilton Central,Waikato,Home,4,897.97
S972,2025-01-05,Lambton,Wellington,Apparel,9,1191.56
S973,2025-05-26,Riccarton,Canterbury,Home,12,2613.54
S974,2025-07-17,Riccarton,Canterbury,Apparel,3,570.86
S975,2025-08-05,Queen St,Auckland,Home,11,988.3
S976,2025-10-18,Riccarton,Canterbury,Electronics,8,487.53
S977,2025-06-04,Lambton,Wellington,Home,12,3501.89
S978,2025-01-11,Lambton,Wellington,Home,4,658.42
S979,2025-06-26,Riccarton,Canterbury,Apparel,12,2799.16
S980,2025-01-20,Hamilton Central,Waikato,Beauty,3,628.28
S981,2025-06-13,George St,Otago,Beauty,9,2614.3
S982,2025-10-17,Riccarton,Canterbury,Electronics,4,675.05
S983,2025-06-05,George St,Otago,Home,1,237.27
S984,2025-12-03,Hamilton Central,Waikato,Home,6,1224.76
S985,2025-04-09,George St,Otago,Beauty,2,75.87
S986,2025-09-19,Hamilton Central,Waikato,Electronics,3,858.73
S987,2025-02-15,Queen St,Auckland,Beauty,12,1938.4
S988,2025-03-11,Hamilton Central,Waikato,Electronics,1,174.71
S989,2025-11-17,Hamilton Central,Waikato,Grocery,5,1076.05
S990,2025-01-20,George St,Otago,Electronics,4,334.99
S991,2025-07-02,George St,Otago,Apparel,11,2030.94
S992,2025-04-25,Queen St,Auckland,Apparel,9,2442.24
S993,2025-08-18,Lambton,Wellington,Apparel,11,3025.26
S994,2025-01-16,Hamilton Central,Waikato,Apparel,8,764.29
S995,2025-08-20,Hamilton Central,Waikato,Beauty,6,1453.48
S996,2025-12-06,George St,Otago,Home,2,164.0
S997,2025-01-06,Lambton,Wellington,Home,4,466.85
S998,2025-05-07,Hamilton Central,Waikato,Electronics,4,632.68
S999,2025-12-01,Hamilton Central,Waikato,Grocery,3,221.76
S1000,2025-05-22,George St,Otago,Apparel,4,312.68
S1001,2025-06-14,George St,Otago,Apparel,11,1783.77
S1002,2025-04-06,Hamilton Central,Waikato,Electronics,7,410.74
S1003,2025-04-21,Riccarton,Canterbury,Apparel,6,1165.71
S1004,2025-09-01,Riccarton,Canterbury,Home,3,314.24
S1005,2025-05-01,Lambton,Wellington,Apparel,10,954.15
S1006,2025-07-01,Lambton,Wellington,Apparel,6,1483.21
S1007,2025-06-07,Queen St,Auckland,Grocery,6,1266.91
S1008,2025-05-21,George St,Otago,Electronics,7,887.4
S1009,2025-06-28,Riccarton,Canterbury,Apparel,2,326.11
S1010,2025-06-08,George St,Otago,Home,6,258.5
S1011,2025-08-07,Queen St,Auckland,Home,10,1058.2
S1012,2025-12-26,George St,Otago,Home,1,103.55
S1013,2025-11-04,Lambton,Wellington,Grocery,11,2712.92
S1014,2025-02-13,George St,Otago,Home,2,512.72
S1015,2025-12-25,Lambton,Wellington,Beauty,5,426.78
S1016,2025-05-03,Hamilton Central,Waikato,Electronics,3,809.98
S1017,2025-09-02,George St,Otago,Electronics,9,2569.59
S1018,2025-01-09,Riccarton,Canterbury,Apparel,7,1571.18
S1019,2025-04-12,George St,Otago,Grocery,8,2263.08
S1020,2025-02-08,Lambton,Wellington,Home,12,2390.32
S1021,2025-05-09,Queen St,Auckland,Electronics,5,57.39
S1022,2025-07-16,Riccarton,Canterbury,Grocery,9,1844.33
S1023,2025-04-19,George St,Otago,Home,6,657.49
S1024,2025-11-02,Lambton,Wellington,Electronics,5,392.56
S1025,2025-10-17,Lambton,Wellington,Apparel,2,560.2
S1026,2025-08-26,George St,Otago,Grocery,10,2941.46
S1027,2025-11-12,Riccarton,Canterbury,Home,2,218.6
S1028,2025-01-21,Lambton,Wellington,Grocery,11,2432.71
S1029,2025-01-27,Lambton,Wellington,Grocery,5,826.8
S1030,2025-03-14,Riccarton,Canterbury,Apparel,2,346.56
S1031,2025-11-28,Hamilton Central,Waikato,Apparel,2,417.64
S1032,2025-05-24,George St,Otago,Home,1,83.3
S1033,2025-04-04,Hamilton Central,Waikato,Grocery,11,1251.81
S1034,2025-09-22,Lambton,Wellington,Grocery,11,2170.33
S1035,2025-10-24,George St,Otago,Apparel,6,1176.78
S1036,2025-10-09,Hamilton Central,Waikato,Grocery,1,143.76
S1037,2025-05-16,Lambton,Wellington,Beauty,6,591.28
S1038,2025-05-08,George St,Otago,Electronics,1,114.72
S1039,2025-09-25,Riccarton,Canterbury,Grocery,5,595.79
S1040,2025-06-23,George St,Otago,Home,1,209.48
S1041,2025-06-01,Queen St,Auckland,Grocery,5,807.58
S1042,2025-05-18,Queen St,Auckland,Grocery,11,1877.63
S1043,2025-04-26,Lambton,Wellington,Beauty,1,281.88
S1044,2025-02-17,George St,Otago,Grocery,6,1186.86
S1045,2025-02-07,George St,Otago,Beauty,8,1200.82
S1046,2025-04-13,Hamilton Central,Waikato,Home,9,2251.54
S1047,2025-06-25,Lambton,Wellington,Home,5,807.6
S1048,2025-01-26,Queen St,Auckland,Home,11,2559.28
S1049,2025-12-27,Lambton,Wellington,Beauty,9,2299.73
S1050,2025-09-14,George St,Otago,Electronics,5,561.95
S1051,2025-10-24,Hamilton Central,Waikato,Beauty,4,943.64
S1052,2025-08-15,Riccarton,Canterbury,Home,7,384.69
S1053,2025-01-23,George St,Otago,Electronics,9,989.75
S1054,2025-02-04,George St,Otago,Apparel,12,968.3
S1055,2025-10-25,Riccarton,Canterbury,Electronics,3,254.63
S1056,2025-02-08,George St,Otago,Electronics,10,628.79
S1057,2025-09-12,Hamilton Central,Waikato,Beauty,4,254.89
S1058,2025-01-21,Riccarton,Canterbury,Grocery,1,268.28
S1059,2025-03-27,Riccarton,Canterbury,Electronics,10,522.72
S1060,2025-03-24,Lambton,Wellington,Beauty,9,995.38
S1061,2025-03-24,Riccarton,Canterbury,Home,11,1483.05
S1062,2025-03-03,Queen St,Auckland,Grocery,5,1382.1
S1063,2025-01-26,Hamilton Central,Waikato,Grocery,1,59.81
S1064,2025-10-15,Lambton,Wellington,Electronics,1,182.59
S1065,2025-08-25,Queen St,Auckland,Grocery,11,1062.82
S1066,2025-04-06,Lambton,Wellington,Home,12,2237.47
S1067,2025-03-26,Queen St,Auckland,Electronics,12,1532.92
S1068,2025-10-25,Lambton,Wellington,Beauty,8,828.89
S1069,2025-11-26,Lambton,Wellington,Beauty,11,2335.6
S1070,2025-08-08,Riccarton,Canterbury,Home,5,1421.81
S1071,2025-12-03,Hamilton Central,Waikato,Electronics,12,3020.96
S1072,2025-03-28,Queen St,Auckland,Beauty,3,122.34
S1073,2025-09-23,Hamilton Central,Waikato,Beauty,3,458.48
S1074,2025-11-25,Lambton,Wellington,Home,9,2685.61
S1075,2025-06-19,Hamilton Central,Waikato,Grocery,1,278.57
S1076,2025-09-09,Hamilton Central,Waikato,Home,11,2091.28
S1077,2025-02-28,Riccarton,Canterbury,Grocery,6,1019.89
S1078,2025-07-02,Hamilton Central,Waikato,Apparel,3,247.91
S1079,2025-09-11,George St,Otago,Grocery,3,864.28
S1080,2025-11-12,Riccarton,Canterbury,Home,2,90.68
S1081,2025-07-25,Lambton,Wellington,Apparel,11,2670.76
S1082,2025-01-24,Lambton,Wellington,Grocery,8,1922.06
S1083,2025-05-04,Lambton,Wellington,Electronics,8,342.78
S1084,2025-05-27,Riccarton,Canterbury,Grocery,4,224.61
S1085,2025-05-24,Riccarton,Canterbury,Beauty,11,1531.89
S1086,2025-09-14,Queen St,Auckland,Home,8,761.19
S1087,2025-03-18,Hamilton Central,Waikato,Grocery,2,133.31
S1088,2025-12-06,Hamilton Central,Waikato,Home,4,104.95
S1089,2025-02-16,Hamilton Central,Waikato,Home,11,1241.08
S1090,2025-11-26,Queen St,Auckland,Grocery,1,74.77
S1091,2025-02-05,Riccarton,Canterbury,Electronics,5,1172.23
S1092,2025-12-11,George St,Otago,Beauty,10,2875.49
S1093,2025-09-26,Riccarton,Canterbury,Home,5,1338.12
S1094,2025-05-27,Lambton,Wellington,Grocery,7,2001.98
S1095,2025-01-14,Lambton,Wellington,Electronics,2,187.94
S1096,2025-07-11,Riccarton,Canterbury,Grocery,10,2384.94
S1097,2025-07-13,Queen St,Auckland,Electronics,11,3143.3
S1098,2025-09-20,Hamilton Central,Waikato,Apparel,2,580.87
S1099,2025-10-16,Queen St,Auckland,Electronics,4,162.61
S1100,2025-06-08,Riccarton,Canterbury,Grocery,10,2211.54
S1101,2025-10-16,Queen St,Auckland,Home,10,529.77
S1102,2025-11-08,George St,Otago,Electronics,4,540.28
S1103,2025-05-18,Hamilton Central,Waikato,Apparel,12,1454.94
S1104,2025-07-22,Queen St,Auckland,Electronics,8,355.74
S1105,2025-12-26,Riccarton,Canterbury,Apparel,2,270.82
S1106,2025-06-12,Riccarton,Canterbury,Home,7,1867.13
S1107,2025-06-14,George St,Otago,Electronics,11,2123.8
S1108,2025-06-07,Hamilton Central,Waikato,Beauty,10,140.43
S1109,2025-06-28,Hamilton Central,Waikato,Beauty,2,593.63
S1110,2025-10-02,Queen St,Auckland,Beauty,11,835.29
S1111,2025-10-23,Riccarton,Canterbury,Apparel,6,1108.91
S1112,2025-02-24,Hamilton Central,Waikato,Grocery,5,1222.93
S1113,2025-05-15,Queen St,Auckland,Apparel,6,1034.29
S1114,2025-04-21,Hamilton Central,Waikato,Grocery,8,2129.02
S1115,2025-03-20,Queen St,Auckland,Home,8,1446.35
S1116,2025-12-01,Lambton,Wellington,Apparel,5,295.51
S1117,2025-01-08,Hamilton Central,Waikato,Grocery,1,268.44
S1118,2025-04-10,Queen St,Auckland,Apparel,9,1888.79
S1119,2025-02-09,Queen St,Auckland,Grocery,8,1271.74
S1120,2025-12-12,Queen St,Auckland,Electronics,11,2918.78
S1121,2025-05-26,Queen St,Auckland,Apparel,10,1177.89
S1122,2025-02-23,Riccarton,Canterbury,Apparel,2,181.81
S1123,2025-09-04,George St,Otago,Electronics,6,595.83
S1124,2025-07-06,Hamilton Central,Waikato,Grocery,1,211.79
S1125,2025-05-11,Riccarton,Canterbury,Beauty,8,125.03
S1126,2025-02-03,Riccarton,Canterbury,Beauty,3,820.79
S1127,2025-07-09,George St,Otago,Electronics,7,1918.47
S1128,2025-05-17,Queen St,Auckland,Beauty,9,758.82
S1129,2025-05-28,Lambton,Wellington,Grocery,6,1700.91
S1130,2025-07-25,Hamilton Central,Waikato,Grocery,8,278.36
S1131,2025-06-28,Lambton,Wellington,Electronics,7,1165.56
S1132,2025-03-08,Riccarton,Canterbury,Beauty,7,1657.02
S1133,2025-10-07,Riccarton,Canterbury,Apparel,7,419.41
S1134,2025-10-23,Riccarton,Canterbury,Grocery,3,52.07
S1135,2025-02-13,George St,Otago,Home,6,1661.66
S1136,2025-01-07,Riccarton,Canterbury,Beauty,4,116.73
S1137,2025-03-20,George St,Otago,Beauty,10,897.77
S1138,2025-04-12,George St,Otago,Beauty,2,174.01
S1139,2025-04-21,Hamilton Central,Waikato,Grocery,2,358.48
S1140,2025-06-22,George St,Otago,Apparel,11,742.93
S1141,2025-03-26,Riccarton,Canterbury,Grocery,7,1289.91
S1142,2025-03-13,Riccarton,Canterbury,Apparel,9,973.59
S1143,2025-04-06,Hamilton Central,Waikato,Apparel,10,1138.33
S1144,2025-02-12,Queen St,Auckland,Home,9,1447.11
S1145,2025-11-20,Lambton,Wellington,Apparel,7,507.42
S1146,2025-12-21,Queen St,Auckland,Electronics,9,1169.66
S1147,2025-12-08,Hamilton Central,Waikato,Grocery,12,2130.39
S1148,2025-12-17,Queen St,Auckland,Electronics,10,1230.55
S1149,2025-08-18,Lambton,Wellington,Beauty,11,2130.93
S1150,2025-03-21,George St,Otago,Beauty,5,61.8
S1151,2025-11-03,Riccarton,Canterbury,Electronics,7,308.2
S1152,2025-07-15,Queen St,Auckland,Apparel,4,243.55
S1153,2025-02-02,Lambton,Wellington,Grocery,7,247.62
S1154,2025-06-24,Queen St,Auckland,Grocery,10,109.49
S1155,2025-03-03,George St,Otago,Beauty,7,1050.06
S1156,2025-05-04,George St,Otago,Apparel,3,498.04
S1157,2025-04-20,Hamilton Central,Waikato,Electronics,10,1849.19
S1158,2025-06-05,Hamilton Central,Waikato,Electronics,1,145.55
S1159,2025-02-21,Riccarton,Canterbury,Grocery,2,475.16
S1160,2025-06-11,Queen St,Auckland,Grocery,5,974.73
S1161,2025-03-06,George St,Otago,Apparel,6,832.6
S1162,2025-02-12,Hamilton Central,Waikato,Electronics,11,3019.75
S1163,2025-01-07,Hamilton Central,Waikato,Grocery,12,893.47
S1164,2025-02-10,Riccarton,Canterbury,Apparel,10,2805.91
S1165,2025-11-04,Hamilton Central,Waikato,Beauty,1,203.09
S1166,2025-03-24,Lambton,Wellington,Apparel,10,637.26
S1167,2025-01-14,Queen St,Auckland,Beauty,7,766.69
S1168,2025-02-04,Lambton,Wellington,Electronics,6,1240.86
S1169,2025-11-20,Hamilton Central,Waikato,Home,12,958.78
S1170,2025-03-09,Queen St,Auckland,Home,7,1121.8
S1171,2025-04-25,Lambton,Wellington,Apparel,11,2914.55
S1172,2025-10-16,Queen St,Auckland,Beauty,2,191.81
S1173,2025-04-27,Lambton,Wellington,Beauty,3,390.67
S1174,2025-12-25,Lambton,Wellington,Apparel,2,541.07
S1175,2025-12-02,Queen St,Auckland,Beauty,6,1424.23
S1176,2025-04-14,George St,Otago,Electronics,6,1543.75
S1177,2025-06-07,George St,Otago,Grocery,2,82.1
S1178,2025-12-17,Lambton,Wellington,Apparel,7,927.67
S1179,2025-06-12,Lambton,Wellington,Beauty,3,553.09
S1180,2025-10-25,Hamilton Central,Waikato,Grocery,5,990.91
S1181,2025-09-23,Lambton,Wellington,Beauty,5,1420.94
S1182,2025-02-01,George St,Otago,Grocery,10,383.48
S1183,2025-10-01,Riccarton,Canterbury,Beauty,6,1438.89
S1184,2025-02-17,Queen St,Auckland,Electronics,4,91.82
S1185,2025-02-24,Queen St,Auckland,Electronics,7,922.13
S1186,2025-12-09,Hamilton Central,Waikato,Grocery,12,357.04
S1187,2025-03-17,Hamilton Central,Waikato,Grocery,4,832.97
S1188,2025-07-17,George St,Otago,Electronics,4,1092.84
S1189,2025-06-13,Lambton,Wellington,Electronics,5,285.96
S1190,2025-08-21,George St,Otago,Home,3,451.04
S1191,2025-05-28,George St,Otago,Apparel,9,223.86
S1192,2025-07-08,Lambton,Wellington,Grocery,7,620.11
S1193,2025-05-19,George St,Otago,Apparel,9,588.13
S1194,2025-10-10,Hamilton Central,Waikato,Beauty,1,255.32
S1195,2025-08-17,Hamilton Central,Waikato,Grocery,5,696.9
S1196,2025-11-01,Queen St,Auckland,Home,10,1932.34
S1197,2025-04-27,Queen St,Auckland,Home,12,1840.05
S1198,2025-05-04,Lambton,Wellington,Apparel,5,924.21
S1199,2025-08-25,George St,Otago,Apparel,11,2574.82
S1200,2025-11-07,Queen St,Auckland,Grocery,12,2940.55
S1201,2025-07-17,Queen St,Auckland,Apparel,1,142.49
S1202,2025-09-25,Riccarton,Canterbury,Electronics,3,622.52
S1203,2025-02-15,Queen St,Auckland,Grocery,11,1374.7
S1204,2025-12-17,Hamilton Central,Waikato,Home,7,520.65
S1205,2025-05-25,Queen St,Auckland,Grocery,5,111.96
S1206,2025-01-13,Riccarton,Canterbury,Electronics,9,2540.34
S1207,2025-04-07,Riccarton,Canterbury,Apparel,4,76.77
S1208,2025-09-06,George St,Otago,Electronics,4,1073.0
S1209,2025-04-07,George St,Otago,Beauty,8,1240.41
S1210,2025-06-13,Hamilton Central,Waikato,Home,5,636.36
S1211,2025-04-28,Riccarton,Canterbury,Home,2,410.29
S1212,2025-10-03,George St,Otago,Home,2,73.91
S1213,2025-03-12,Hamilton Central,Waikato,Home,9,1629.68
S1214,2025-03-09,George St,Otago,Home,4,86.63
S1215,2025-07-06,Lambton,Wellington,Home,6,1494.99
S1216,2025-08-10,Riccarton,Canterbury,Electronics,4,600.44
S1217,2025-06-22,Hamilton Central,Waikato,Electronics,8,2016.78
S1218,2025-07-25,Queen St,Auckland,Apparel,4,974.73
S1219,2025-08-08,George St,Otago,Electronics,4,1084.08
S1220,2025-06-16,Lambton,Wellington,Beauty,1,86.94
S1221,2025-07-20,Riccarton,Canterbury,Home,9,995.27
S1222,2025-05-25,Lambton,Wellington,Grocery,12,706.94
S1223,2025-05-10,Lambton,Wellington,Home,2,518.72
S1224,2025-10-16,Queen St,Auckland,Home,1,19.02
S1225,2025-07-08,Lambton,Wellington,Grocery,4,776.95
S1226,2025-03-17,George St,Otago,Beauty,9,1817.93
S1227,2025-08-09,Riccarton,Canterbury,Beauty,4,1057.08
S1228,2025-10-16,George St,Otago,Electronics,7,2061.61
S1229,2025-07-24,Hamilton Central,Waikato,Beauty,9,1364.93
S1230,2025-05-17,Riccarton,Canterbury,Electronics,1,155.42
S1231,2025-04-05,Riccarton,Canterbury,Beauty,5,465.2
S1232,2025-05-17,Hamilton Central,Waikato,Apparel,7,923.29
S1233,2025-08-28,Lambton,Wellington,Beauty,3,382.59
S1234,2025-01-06,Lambton,Wellington,Home,8,254.49
S1235,2025-10-14,George St,Otago,Beauty,11,722.21
S1236,2025-01-18,Riccarton,Canterbury,Apparel,4,719.82
S1237,2025-03-24,Riccarton,Canterbury,Beauty,8,621.71
S1238,2025-09-25,Hamilton Central,Waikato,Grocery,8,1370.78
S1239,2025-07-02,Lambton,Wellington,Beauty,11,1924.38
S1240,2025-01-05,George St,Otago,Home,12,3248.97
S1241,2025-01-10,Queen St,Auckland,Grocery,4,878.0
S1242,2025-01-19,Queen St,Auckland,Beauty,11,3201.45
S1243,2025-09-17,Hamilton Central,Waikato,Apparel,5,802.06
S1244,2025-06-28,Queen St,Auckland,Grocery,2,595.95
S1245,2025-04-22,Queen St,Auckland,Apparel,2,350.86
S1246,2025-05-22,Riccarton,Canterbury,Apparel,8,1416.47
S1247,2025-02-24,Hamilton Central,Waikato,Electronics,10,579.93
S1248,2025-12-11,Hamilton Central,Waikato,Apparel,3,435.2
S1249,2025-12-18,Queen St,Auckland,Apparel,2,388.79
S1250,2025-03-01,Lambton,Wellington,Apparel,5,219.66
S1251,2025-06-20,Lambton,Wellington,Apparel,8,698.47
S1252,2025-08-19,George St,Otago,Home,3,435.25
S1253,2025-11-11,George St,Otago,Grocery,12,2519.3
S1254,2025-08-02,Riccarton,Canterbury,Electronics,11,528.75
S1255,2025-06-10,Queen St,Auckland,Home,9,2468.0
S1256,2025-10-21,Riccarton,Canterbury,Apparel,10,1541.87
S1257,2025-09-25,Riccarton,Canterbury,Electronics,6,1759.43
S1258,2025-12-24,Riccarton,Canterbury,Grocery,1,189.35
S1259,2025-05-23,Riccarton,Canterbury,Beauty,1,288.17
S1260,2025-01-18,Lambton,Wellington,Grocery,9,2200.03
S1261,2025-05-07,Lambton,Wellington,Apparel,12,558.37
S1262,2025-11-11,Queen St,Auckland,Apparel,9,968.69
S1263,2025-11-18,Lambton,Wellington,Apparel,1,81.36
S1264,2025-08-09,George St,Otago,Electronics,8,1671.29
S1265,2025-02-25,Queen St,Auckland,Beauty,8,2314.14
S1266,2025-08-16,George St,Otago,Grocery,3,354.61
S1267,2025-02-07,Hamilton Central,Waikato,Electronics,4,221.22
S1268,2025-11-08,George St,Otago,Grocery,5,475.97
S1269,2025-06-25,Hamilton Central,Waikato,Electronics,3,691.49
S1270,2025-04-03,Riccarton,Canterbury,Beauty,10,2298.12
S1271,2025-01-11,Queen St,Auckland,Electronics,6,695.46
S1272,2025-07-15,Lambton,Wellington,Electronics,11,319.92
S1273,2025-10-16,Lambton,Wellington,Electronics,2,249.85
S1274,2025-10-17,Queen St,Auckland,Grocery,4,305.28
S1275,2025-10-14,Riccarton,Canterbury,Electronics,10,2208.45
S1276,2025-08-20,Hamilton Central,Waikato,Beauty,12,717.53
S1277,2025-01-04,Lambton,Wellington,Home,12,3421.42
S1278,2025-05-22,George St,Otago,Electronics,6,1335.77
S1279,2025-04-09,Riccarton,Canterbury,Electronics,4,249.25
S1280,2025-07-07,Lambton,Wellington,Home,6,1169.29
S1281,2025-11-27,Riccarton,Canterbury,Beauty,5,649.64
S1282,2025-10-04,Hamilton Central,Waikato,Apparel,3,347.29
S1283,2025-02-08,Riccarton,Canterbury,Grocery,12,2681.14
S1284,2025-05-20,Hamilton Central,Waikato,Beauty,1,85.16
S1285,2025-06-07,Queen St,Auckland,Beauty,11,3234.86
S1286,2025-12-01,Hamilton Central,Waikato,Grocery,3,248.13
S1287,2025-03-04,Riccarton,Canterbury,Electronics,2,72.58
S1288,2025-08-23,Riccarton,Canterbury,Electronics,8,977.04
S1289,2025-06-27,Queen St,Auckland,Grocery,7,938.59
S1290,2025-10-21,Riccarton,Canterbury,Home,12,632.77
S1291,2025-01-12,George St,Otago,Electronics,7,1290.16
S1292,2025-12-09,Riccarton,Canterbury,Apparel,2,505.75
S1293,2025-02-10,George St,Otago,Home,10,1680.54
S1294,2025-09-17,George St,Otago,Apparel,3,543.78
S1295,2025-05-04,Riccarton,Canterbury,Beauty,11,2123.03
S1296,2025-03-11,Lambton,Wellington,Home,10,1139.07
S1297,2025-04-22,Riccarton,Canterbury,Beauty,12,3092.38
S1298,2025-09-28,Queen St,Auckland,Home,5,1394.03
S1299,2025-12-18,Queen St,Auckland,Home,6,1194.01
S1300,2025-09-26,Lambton,Wellington,Home,2,192.5
S1301,2025-09-23,Lambton,Wellington,Beauty,8,991.08
S1302,2025-11-26,Lambton,Wellington,Beauty,1,143.8
S1303,2025-07-11,Queen St,Auckland,Electronics,6,688.72
S1304,2025-11-06,George St,Otago,Beauty,8,1800.65
S1305,2025-05-25,Lambton,Wellington,Beauty,11,1153.09
S1306,2025-02-16,Hamilton Central,Waikato,Home,4,758.96
S1307,2025-06-20,George St,Otago,Beauty,6,707.05
S1308,2025-10-01,George St,Otago,Apparel,10,1675.93
S1309,2025-12-25,George St,Otago,Beauty,7,1640.95
S1310,2025-07-12,Queen St,Auckland,Electronics,8,956.89
S1311,2025-01-20,George St,Otago,Grocery,9,359.97
S1312,2025-07-10,Lambton,Wellington,Beauty,2,590.78
S1313,2025-10-03,Riccarton,Canterbury,Apparel,6,72.13
S1314,2025-04-15,Queen St,Auckland,Beauty,5,1139.73
S1315,2025-02-04,Riccarton,Canterbury,Grocery,5,733.71
S1316,2025-07-08,George St,Otago,Electronics,1,227.52
S1317,2025-05-27,Hamilton Central,Waikato,Apparel,8,1885.34
S1318,2025-11-28,Riccarton,Canterbury,Apparel,3,402.54
S1319,2025-03-13,Lambton,Wellington,Grocery,6,1277.53
S1320,2025-07-15,Lambton,Wellington,Home,10,1830.87
S1321,2025-03-16,Queen St,Auckland,Electronics,4,402.57
S1322,2025-04-09,Riccarton,Canterbury,Home,12,2254.77
S1323,2025-07-24,Hamilton Central,Waikato,Electronics,6,264.83
S1324,2025-04-24,Hamilton Central,Waikato,Apparel,6,740.97
S1325,2025-05-06,George St,Otago,Electronics,10,965.41
S1326,2025-12-05,Riccarton,Canterbury,Home,5,573.94
S1327,2025-03-02,Hamilton Central,Waikato,Beauty,12,868.91
S1328,2025-11-12,George St,Otago,Electronics,11,1012.82
S1329,2025-11-11,George St,Otago,Beauty,6,636.78
S1330,2025-09-14,Queen St,Auckland,Grocery,4,202.69
S1331,2025-09-03,Queen St,Auckland,Home,5,1311.95
S1332,2025-07-14,Lambton,Wellington,Apparel,12,708.14
S1333,2025-08-03,Lambton,Wellington,Home,10,1539.68
S1334,2025-07-23,Hamilton Central,Waikato,Home,8,1705.13
S1335,2025-02-05,Lambton,Wellington,Grocery,5,1379.1
S1336,2025-05-11,George St,Otago,Home,10,2394.12
S1337,2025-06-26,George St,Otago,Apparel,5,96.41
S1338,2025-07-02,Lambton,Wellington,Apparel,2,38.54
S1339,2025-11-14,Riccarton,Canterbury,Grocery,9,2484.87
S1340,2025-01-18,Hamilton Central,Waikato,Apparel,1,19.62
S1341,2025-08-16,Riccarton,Canterbury,Home,5,794.35
S1342,2025-05-24,Hamilton Central,Waikato,Home,12,732.82
S1343,2025-01-25,Hamilton Central,Waikato,Grocery,8,877.59
S1344,2025-11-25,George St,Otago,Beauty,3,425.55
S1345,2025-12-07,Riccarton,Canterbury,Home,6,818.09
S1346,2025-10-18,Riccarton,Canterbury,Beauty,5,1177.89
S1347,2025-03-12,George St,Otago,Beauty,8,1589.08
S1348,2025-01-04,George St,Otago,Home,7,1826.52
S1349,2025-09-10,George St,Otago,Apparel,11,1970.14
S1350,2025-01-08,George St,Otago,Apparel,8,878.91
S1351,2025-01-08,Hamilton Central,Waikato,Grocery,8,1817.93
S1352,2025-06-27,Lambton,Wellington,Beauty,1,223.23
S1353,2025-11-14,Hamilton Central,Waikato,Electronics,10,579.29
S1354,2025-04-15,George St,Otago,Beauty,11,3130.62
S1355,2025-03-03,Riccarton,Canterbury,Electronics,6,962.33
S1356,2025-10-24,George St,Otago,Apparel,1,143.98
S1357,2025-07-16,Hamilton Central,Waikato,Apparel,1,70.07
S1358,2025-11-19,Lambton,Wellington,Electronics,2,527.76
S1359,2025-01-27,Riccarton,Canterbury,Beauty,6,845.15
S1360,2025-07-10,Queen St,Auckland,Beauty,8,925.55
S1361,2025-09-22,Riccarton,Canterbury,Apparel,5,1281.16
S1362,2025-02-24,Queen St,Auckland,Home,11,2436.02
S1363,2025-06-13,Lambton,Wellington,Beauty,5,192.66
S1364,2025-08-17,Hamilton Central,Waikato,Electronics,11,2661.0
S1365,2025-02-10,Hamilton Central,Waikato,Grocery,9,577.54
S1366,2025-04-08,Queen St,Auckland,Beauty,2,273.7
S1367,2025-11-04,Queen St,Auckland,Grocery,4,979.48
S1368,2025-02-24,George St,Otago,Apparel,11,2982.18
S1369,2025-05-09,George St,Otago,Home,1,291.39
S1370,2025-05-28,Lambton,Wellington,Apparel,2,485.89
S1371,2025-01-17,Lambton,Wellington,Grocery,5,1019.6
S1372,2025-10-01,Riccarton,Canterbury,Apparel,6,259.73
S1373,2025-03-07,George St,Otago,Home,5,490.29
S1374,2025-05-21,Riccarton,Canterbury,Grocery,8,1003.59
S1375,2025-06-21,Queen St,Auckland,Beauty,9,1283.62
S1376,2025-08-18,Lambton,Wellington,Grocery,6,1044.94
S1377,2025-04-11,George St,Otago,Apparel,7,1013.94
S1378,2025-04-24,Hamilton Central,Waikato,Beauty,3,67.14
S1379,2025-02-19,Hamilton Central,Waikato,Apparel,3,41.11
S1380,2025-07-15,Riccarton,Canterbury,Beauty,7,794.36
S1381,2025-10-10,Lambton,Wellington,Beauty,6,232.78
S1382,2025-10-02,Queen St,Auckland,Grocery,12,2309.73
S1383,2025-03-11,Lambton,Wellington,Grocery,2,217.39
S1384,2025-06-28,Riccarton,Canterbury,Grocery,3,114.13
S1385,2025-03-27,Hamilton Central,Waikato,Electronics,2,579.91
S1386,2025-06-19,Riccarton,Canterbury,Home,7,148.41
S1387,2025-01-03,Riccarton,Canterbury,Apparel,3,608.8
S1388,2025-07-05,Riccarton,Canterbury,Beauty,7,412.9
S1389,2025-06-11,Lambton,Wellington,Grocery,11,1810.38
S1390,2025-07-24,Lambton,Wellington,Beauty,10,259.0
S1391,2025-11-11,Queen St,Auckland,Apparel,10,1508.44
S1392,2025-07-08,George St,Otago,Grocery,10,1260.91
S1393,2025-02-16,Riccarton,Canterbury,Home,11,1431.13
S1394,2025-12-03,Riccarton,Canterbury,Beauty,12,1328.81
S1395,2025-02-07,Hamilton Central,Waikato,Apparel,1,123.26
S1396,2025-05-24,Hamilton Central,Waikato,Home,9,1414.03
S1397,2025-02-01,George St,Otago,Home,4,1101.09
S1398,2025-12-18,Lambton,Wellington,Beauty,11,2025.31
S1399,2025-02-20,Hamilton Central,Waikato,Grocery,7,694.96
S1400,2025-01-15,Queen St,Auckland,Home,9,2104.71
S1401,2025-09-10,Queen St,Auckland,Beauty,3,74.53
S1402,2025-12-24,Queen St,Auckland,Grocery,3,31.85
S1403,2025-09-07,George St,Otago,Home,3,594.86
S1404,2025-04-18,Queen St,Auckland,Beauty,3,513.81
S1405,2025-02-20,George St,Otago,Electronics,4,572.06
S1406,2025-08-03,George St,Otago,Electronics,3,742.75
S1407,2025-04-12,George St,Otago,Apparel,12,2596.45
S1408,2025-03-10,Hamilton Central,Waikato,Home,12,2368.02
S1409,2025-08-24,Riccarton,Canterbury,Electronics,10,818.12
S1410,2025-02-22,George St,Otago,Beauty,10,2041.04
S1411,2025-05-13,Riccarton,Canterbury,Beauty,1,229.27
S1412,2025-11-05,Hamilton Central,Waikato,Home,6,1121.03
S1413,2025-02-25,Hamilton Central,Waikato,Home,1,108.58
S1414,2025-07-24,Queen St,Auckland,Home,5,153.85
S1415,2025-06-17,George St,Otago,Home,10,747.35
S1416,2025-05-14,Queen St,Auckland,Beauty,11,1957.07
S1417,2025-09-04,George St,Otago,Grocery,7,743.1
S1418,2025-04-19,Queen St,Auckland,Apparel,4,488.27
S1419,2025-03-13,Riccarton,Canterbury,Grocery,12,1032.5
S1420,2025-02-17,Queen St,Auckland,Apparel,12,443.34
S1421,2025-10-08,George St,Otago,Electronics,6,194.94
S1422,2025-03-26,Queen St,Auckland,Grocery,7,1789.13
S1423,2025-05-25,Riccarton,Canterbury,Apparel,4,440.71
S1424,2025-09-21,Riccarton,Canterbury,Beauty,3,657.79
S1425,2025-12-14,Hamilton Central,Waikato,Grocery,3,724.14
S1426,2025-06-20,George St,Otago,Electronics,11,327.08
S1427,2025-03-18,Riccarton,Canterbury,Grocery,6,783.79
S1428,2025-02-23,Queen St,Auckland,Electronics,5,483.49
S1429,2025-08-24,Queen St,Auckland,Electronics,3,697.99
S1430,2025-10-21,Lambton,Wellington,Grocery,8,482.36
S1431,2025-01-01,Hamilton Central,Waikato,Beauty,9,2675.08
S1432,2025-04-08,George St,Otago,Grocery,5,1430.65
S1433,2025-01-22,Lambton,Wellington,Beauty,3,144.39
S1434,2025-05-25,Hamilton Central,Waikato,Beauty,7,1045.75
S1435,2025-10-27,Riccarton,Canterbury,Grocery,4,792.89
S1436,2025-06-24,Riccarton,Canterbury,Electronics,7,446.42
S1437,2025-06-25,Lambton,Wellington,Electronics,10,1851.96
S1438,2025-01-22,Hamilton Central,Waikato,Beauty,11,2492.14
S1439,2025-05-16,George St,Otago,Beauty,4,208.69
S1440,2025-02-09,Lambton,Wellington,Home,8,204.67
S1441,2025-05-12,Hamilton Central,Waikato,Beauty,7,571.68
S1442,2025-12-03,Lambton,Wellington,Electronics,3,119.43
S1443,2025-10-19,Lambton,Wellington,Apparel,7,397.97
S1444,2025-03-09,Hamilton Central,Waikato,Grocery,4,608.86
S1445,2025-05-13,Hamilton Central,Waikato,Grocery,12,1094.47
S1446,2025-06-11,Queen St,Auckland,Electronics,6,684.57
S1447,2025-09-13,Hamilton Central,Waikato,Electronics,11,494.78
S1448,2025-04-26,Queen St,Auckland,Home,1,277.08
S1449,2025-01-06,George St,Otago,Electronics,1,135.35
S1450,2025-12-22,Riccarton,Canterbury,Apparel,11,142.65
S1451,2025-01-05,George St,Otago,Electronics,2,140.9
S1452,2025-08-01,Lambton,Wellington,Home,5,194.04
S1453,2025-01-19,Hamilton Central,Waikato,Beauty,7,2083.71
S1454,2025-06-20,George St,Otago,Beauty,12,478.48
S1455,2025-10-05,Riccarton,Canterbury,Home,11,242.96
S1456,2025-10-18,George St,Otago,Home,5,686.33
S1457,2025-04-07,Riccarton,Canterbury,Beauty,6,185.98
S1458,2025-06-13,Lambton,Wellington,Beauty,7,1328.12
S1459,2025-10-19,Lambton,Wellington,Home,10,1618.41
S1460,2025-03-01,Lambton,Wellington,Home,1,238.71
S1461,2025-05-28,Hamilton Central,Waikato,Grocery,5,180.79
S1462,2025-08-02,Queen St,Auckland,Grocery,9,2191.14
S1463,2025-05-15,Hamilton Central,Waikato,Beauty,10,2538.91
S1464,2025-09-18,Hamilton Central,Waikato,Beauty,4,826.12
S1465,2025-10-05,Riccarton,Canterbury,Apparel,11,2854.17
S1466,2025-12-25,Hamilton Central,Waikato,Grocery,12,560.76
S1467,2025-04-14,Lambton,Wellington,Grocery,5,143.71
S1468,2025-05-15,Riccarton,Canterbury,Beauty,12,2212.32
S1469,2025-05-28,Riccarton,Canterbury,Apparel,12,568.48
S1470,2025-12-03,Hamilton Central,Waikato,Electronics,10,668.43
S1471,2025-11-19,Lambton,Wellington,Beauty,5,708.23
S1472,2025-02-20,Lambton,Wellington,Grocery,3,241.28
S1473,2025-12-17,Riccarton,Canterbury,Home,9,556.1
S1474,2025-07-06,Queen St,Auckland,Apparel,1,214.76
S1475,2025-07-26,George St,Otago,Electronics,12,223.53
S1476,2025-12-01,Hamilton Central,Waikato,Beauty,4,176.47
S1477,2025-09-05,George St,Otago,Apparel,9,309.11
S1478,2025-01-02,Hamilton Central,Waikato,Grocery,7,1725.52
S1479,2025-07-17,Hamilton Central,Waikato,Grocery,6,1376.39
S1480,2025-05-18,Hamilton Central,Waikato,Electronics,8,1265.22
S1481,2025-08-16,Lambton,Wellington,Beauty,3,387.0
S1482,2025-12-03,George St,Otago,Beauty,11,3101.73
S1483,2025-05-22,Riccarton,Canterbury,Home,5,56.16
S1484,2025-01-09,Lambton,Wellington,Home,3,666.64
S1485,2025-12-18,Queen St,Auckland,Apparel,6,492.19
S1486,2025-12-15,Lambton,Wellington,Grocery,4,71.25
S1487,2025-03-03,Lambton,Wellington,Beauty,12,2434.91
S1488,2025-11-21,Riccarton,Canterbury,Beauty,5,686.71
S1489,2025-05-14,Queen St,Auckland,Apparel,4,748.74
S1490,2025-08-14,Riccarton,Canterbury,Grocery,1,216.82
S1491,2025-07-05,Lambton,Wellington,Grocery,12,1707.65
S1492,2025-05-02,Hamilton Central,Waikato,Home,7,1245.22
S1493,2025-12-28,Hamilton Central,Waikato,Home,6,1222.76
S1494,2025-12-25,Riccarton,Canterbury,Apparel,10,2141.66
S1495,2025-11-06,George St,Otago,Electronics,1,87.24
S1496,2025-03-09,Hamilton Central,Waikato,Apparel,5,775.24
S1497,2025-11-20,Lambton,Wellington,Grocery,12,2274.28
S1498,2025-09-06,Lambton,Wellington,Home,11,282.81
S1499,2025-08-20,George St,Otago,Grocery,10,2046.72
S1500,2025-01-19,Lambton,Wellington,Electronics,9,940.41
S1501,2025-06-22,Riccarton,Canterbury,Apparel,12,3530.05
S1502,2025-02-23,Lambton,Wellington,Beauty,5,1322.97
S1503,2025-08-24,Queen St,Auckland,Electronics,5,700.17
S1504,2025-02-06,George St,Otago,Electronics,11,317.88
S1505,2025-08-18,Riccarton,Canterbury,Beauty,6,1209.78
S1506,2025-06-03,George St,Otago,Apparel,5,226.35
S1507,2025-10-22,Hamilton Central,Waikato,Grocery,7,1086.23
S1508,2025-12-22,Riccarton,Canterbury,Home,2,484.32
S1509,2025-07-05,Lambton,Wellington,Home,12,2587.9
S1510,2025-11-23,Lambton,Wellington,Home,11,2239.07
S1511,2025-02-10,Hamilton Central,Waikato,Beauty,8,275.3
S1512,2025-01-09,Hamilton Central,Waikato,Home,6,1793.41
S1513,2025-03-21,Lambton,Wellington,Apparel,8,2067.87
S1514,2025-05-19,Queen St,Auckland,Electronics,3,585.63
S1515,2025-07-02,Lambton,Wellington,Home,11,1691.01
S1516,2025-09-28,Lambton,Wellington,Home,5,1207.67
S1517,2025-01-28,Hamilton Central,Waikato,Apparel,12,911.35
S1518,2025-10-14,Riccarton,Canterbury,Apparel,6,74.8
S1519,2025-07-25,Queen St,Auckland,Electronics,1,232.01
S1520,2025-10-27,Lambton,Wellington,Electronics,2,176.8
S1521,2025-01-13,Lambton,Wellington,Home,9,2392.02
S1522,2025-07-15,Hamilton Central,Waikato,Beauty,3,165.23
S1523,2025-11-23,Hamilton Central,Waikato,Electronics,2,264.6
S1524,2025-02-08,George St,Otago,Home,5,726.72
S1525,2025-04-11,George St,Otago,Apparel,7,1635.73
S1526,2025-10-10,Lambton,Wellington,Apparel,3,251.88
S1527,2025-08-04,Riccarton,Canterbury,Beauty,9,1943.81
S1528,2025-02-20,Lambton,Wellington,Grocery,1,16.08
S1529,2025-02-26,Lambton,Wellington,Grocery,12,2674.21
S1530,2025-03-08,Lambton,Wellington,Electronics,9,775.55
S1531,2025-10-03,Riccarton,Canterbury,Home,11,1331.35
S1532,2025-12-16,Hamilton Central,Waikato,Apparel,5,736.81
S1533,2025-06-15,Riccarton,Canterbury,Apparel,10,892.68
S1534,2025-09-25,Lambton,Wellington,Electronics,2,495.79
S1535,2025-01-05,George St,Otago,Grocery,8,2234.69
S1536,2025-08-27,Hamilton Central,Waikato,Home,12,3268.42
S1537,2025-02-11,Hamilton Central,Waikato,Home,10,2352.44
S1538,2025-10-08,Riccarton,Canterbury,Electronics,6,103.04
S1539,2025-01-23,Hamilton Central,Waikato,Electronics,8,1604.09
S1540,2025-07-10,George St,Otago,Home,5,1091.97
S1541,2025-01-05,Riccarton,Canterbury,Grocery,5,231.86
S1542,2025-11-08,Hamilton Central,Waikato,Beauty,3,421.83
S1543,2025-01-12,Riccarton,Canterbury,Home,9,1817.61
S1544,2025-08-02,Riccarton,Canterbury,Home,4,50.33
S1545,2025-09-15,Hamilton Central,Waikato,Home,9,752.53
S1546,2025-12-15,George St,Otago,Beauty,12,1531.71
S1547,2025-01-22,George St,Otago,Apparel,10,2792.42
S1548,2025-07-01,Riccarton,Canterbury,Home,1,15.86
S1549,2025-12-15,Queen St,Auckland,Apparel,4,775.89
S1550,2025-06-27,Hamilton Central,Waikato,Electronics,9,263.72
S1551,2025-11-23,Riccarton,Canterbury,Grocery,2,59.97
S1552,2025-08-11,Riccarton,Canterbury,Grocery,2,48.77
S1553,2025-11-09,George St,Otago,Beauty,4,922.73
S1554,2025-01-07,Riccarton,Canterbury,Electronics,9,1993.17
S1555,2025-02-16,Lambton,Wellington,Home,1,176.05
S1556,2025-07-05,Queen St,Auckland,Apparel,10,100.84
S1557,2025-09-21,Lambton,Wellington,Beauty,7,1584.85
S1558,2025-03-14,Hamilton Central,Waikato,Electronics,11,2562.67
S1559,2025-04-01,Lambton,Wellington,Apparel,1,281.77
S1560,2025-02-21,George St,Otago,Home,4,974.67
S1561,2025-12-02,Riccarton,Canterbury,Electronics,11,2245.19
S1562,2025-02-22,Queen St,Auckland,Beauty,2,512.73
S1563,2025-10-24,Riccarton,Canterbury,Home,2,476.6
S1564,2025-12-21,Riccarton,Canterbury,Apparel,3,376.67
S1565,2025-03-11,Riccarton,Canterbury,Apparel,3,482.17
S1566,2025-08-07,Lambton,Wellington,Home,7,1748.9
S1567,2025-09-10,Riccarton,Canterbury,Beauty,6,125.03
S1568,2025-05-18,Queen St,Auckland,Grocery,7,1247.5
S1569,2025-11-11,Queen St,Auckland,Grocery,10,2811.51
S1570,2025-10-09,Hamilton Central,Waikato,Beauty,5,608.52
S1571,2025-09-08,Riccarton,Canterbury,Electronics,10,823.17
S1572,2025-03-09,Lambton,Wellington,Grocery,4,163.85
S1573,2025-03-07,Lambton,Wellington,Apparel,10,507.14
S1574,2025-06-17,George St,Otago,Electronics,1,45.47
S1575,2025-09-06,Lambton,Wellington,Home,1,154.54
S1576,2025-11-14,Queen St,Auckland,Beauty,2,400.29
S1577,2025-08-11,Queen St,Auckland,Grocery,5,595.37
S1578,2025-04-28,Hamilton Central,Waikato,Electronics,9,1720.61
S1579,2025-05-05,Riccarton,Canterbury,Beauty,6,257.14
S1580,2025-06-27,Hamilton Central,Waikato,Electronics,1,143.57
S1581,2025-01-27,Riccarton,Canterbury,Apparel,1,256.45
S1582,2025-07-01,Riccarton,Canterbury,Electronics,9,663.39
S1583,2025-11-08,Queen St,Auckland,Electronics,1,106.18
S1584,2025-10-14,Lambton,Wellington,Beauty,6,234.3
S1585,2025-04-24,Queen St,Auckland,Home,8,831.13
S1586,2025-03-13,Queen St,Auckland,Electronics,9,507.85
S1587,2025-10-14,Hamilton Central,Waikato,Apparel,4,189.65
S1588,2025-12-02,George St,Otago,Home,4,975.07
S1589,2025-06-18,Hamilton Central,Waikato,Grocery,11,876.59
S1590,2025-11-17,Lambton,Wellington,Electronics,12,2369.9
S1591,2025-09-07,Riccarton,Canterbury,Apparel,9,1103.1
S1592,2025-02-09,Queen St,Auckland,Beauty,1,169.89
S1593,2025-08-19,Riccarton,Canterbury,Electronics,10,433.43
S1594,2025-02-07,George St,Otago,Grocery,12,3310.25
S1595,2025-09-28,Hamilton Central,Waikato,Electronics,6,1075.13
S1596,2025-01-15,George St,Otago,Electronics,1,246.0
S1597,2025-07-05,Lambton,Wellington,Home,10,897.76
S1598,2025-03-15,George St,Otago,Electronics,11,2846.04
S1599,2025-11-04,Queen St,Auckland,Grocery,5,206.73
S1600,2025-06-06,George St,Otago,Home,9,1989.98
S1601,2025-10-20,Hamilton Central,Waikato,Electronics,11,1453.86
S1602,2025-12-01,Riccarton,Canterbury,Home,12,1768.13
S1603,2025-06-14,Hamilton Central,Waikato,Grocery,3,743.43
S1604,2025-09-17,Queen St,Auckland,Electronics,3,800.7
S1605,2025-01-20,Lambton,Wellington,Electronics,1,271.9
S1606,2025-02-28,Queen St,Auckland,Apparel,10,1225.43
S1607,2025-10-15,George St,Otago,Grocery,2,46.26
S1608,2025-05-21,Hamilton Central,Waikato,Electronics,5,1269.18
S1609,2025-07-12,Hamilton Central,Waikato,Home,5,1129.14
S1610,2025-05-09,Queen St,Auckland,Home,5,953.85
S1611,2025-12-11,Hamilton Central,Waikato,Apparel,3,339.53
S1612,2025-09-16,Riccarton,Canterbury,Apparel,5,661.39
S1613,2025-11-08,Queen St,Auckland,Home,10,1968.82
S1614,2025-11-28,Riccarton,Canterbury,Electronics,10,1107.9
S1615,2025-11-08,Queen St,Auckland,Home,5,842.04
S1616,2025-03-26,Hamilton Central,Waikato,Grocery,8,1096.74
S1617,2025-12-07,Lambton,Wellington,Grocery,7,97.15
S1618,2025-12-16,Queen St,Auckland,Apparel,9,1668.48
S1619,2025-06-07,Riccarton,Canterbury,Electronics,11,451.77
S1620,2025-09-23,Riccarton,Canterbury,Apparel,11,3294.61
S1621,2025-07-06,Queen St,Auckland,Beauty,3,228.87
S1622,2025-01-27,Lambton,Wellington,Grocery,8,2059.09
S1623,2025-12-24,Hamilton Central,Waikato,Beauty,11,2102.68
S1624,2025-01-14,Riccarton,Canterbury,Electronics,1,95.4
S1625,2025-11-14,Riccarton,Canterbury,Apparel,5,123.26
S1626,2025-12-01,Hamilton Central,Waikato,Electronics,4,640.58
S1627,2025-08-09,George St,Otago,Apparel,4,653.73
S1628,2025-08-27,Queen St,Auckland,Electronics,8,2345.09
S1629,2025-10-21,Lambton,Wellington,Home,2,573.27
S1630,2025-11-21,Hamilton Central,Waikato,Electronics,8,2052.93
S1631,2025-08-28,Hamilton Central,Waikato,Grocery,4,971.5
S1632,2025-12-12,George St,Otago,Beauty,8,1626.7
S1633,2025-11-03,Hamilton Central,Waikato,Beauty,4,314.41
S1634,2025-11-02,Queen St,Auckland,Grocery,11,501.85
S1635,2025-06-09,Hamilton Central,Waikato,Electronics,4,484.43
S1636,2025-01-06,Queen St,Auckland,Electronics,7,1678.06
S1637,2025-09-23,Queen St,Auckland,Apparel,2,551.86
S1638,2025-06-07,Hamilton Central,Waikato,Electronics,2,323.83
S1639,2025-09-12,Queen St,Auckland,Home,12,359.53
S1640,2025-12-11,Hamilton Central,Waikato,Grocery,5,166.85
S1641,2025-10-02,Queen St,Auckland,Apparel,8,1100.99
S1642,2025-01-16,Riccarton,Canterbury,Apparel,10,565.16
S1643,2025-02-20,George St,Otago,Grocery,8,2125.31
S1644,2025-08-08,Riccarton,Canterbury,Grocery,8,1003.57
S1645,2025-11-20,Hamilton Central,Waikato,Home,1,204.12
S1646,2025-12-12,Queen St,Auckland,Home,8,1079.12
S1647,2025-08-09,Riccarton,Canterbury,Apparel,2,456.61
S1648,2025-03-07,Lambton,Wellington,Apparel,11,2257.17
S1649,2025-06-26,Queen St,Auckland,Grocery,5,1217.44
S1650,2025-02-26,George St,Otago,Beauty,12,2130.29
S1651,2025-07-04,George St,Otago,Electronics,3,642.17
S1652,2025-03-07,Queen St,Auckland,Grocery,12,2067.94
S1653,2025-05-18,Queen St,Auckland,Grocery,4,695.8
S1654,2025-10-07,Lambton,Wellington,Beauty,11,1628.39
S1655,2025-11-08,Lambton,Wellington,Electronics,8,1881.57
S1656,2025-11-04,Hamilton Central,Waikato,Home,2,210.61
S1657,2025-03-16,Lambton,Wellington,Beauty,7,961.54
S1658,2025-04-01,Riccarton,Canterbury,Electronics,8,1742.26
S1659,2025-11-14,Queen St,Auckland,Grocery,6,195.61
S1660,2025-02-25,Riccarton,Canterbury,Grocery,2,157.28
S1661,2025-10-11,Riccarton,Canterbury,Electronics,4,440.37
S1662,2025-03-03,Lambton,Wellington,Apparel,5,850.8
S1663,2025-11-01,George St,Otago,Home,7,1705.62
S1664,2025-04-04,Riccarton,Canterbury,Electronics,3,345.53
S1665,2025-08-13,Hamilton Central,Waikato,Beauty,3,417.97
S1666,2025-02-14,Hamilton Central,Waikato,Apparel,11,2235.24
S1667,2025-12-07,Hamilton Central,Waikato,Home,2,112.69
S1668,2025-11-20,Lambton,Wellington,Electronics,11,1834.22
S1669,2025-02-24,Lambton,Wellington,Grocery,2,70.47
S1670,2025-08-25,Riccarton,Canterbury,Beauty,2,64.84
S1671,2025-11-21,Lambton,Wellington,Electronics,9,2005.12
S1672,2025-12-28,Lambton,Wellington,Home,9,1656.3
S1673,2025-11-24,Lambton,Wellington,Grocery,9,1940.79
S1674,2025-08-24,George St,Otago,Apparel,9,420.44
S1675,2025-08-10,Queen St,Auckland,Apparel,9,518.47
S1676,2025-12-12,Queen St,Auckland,Apparel,6,1224.58
S1677,2025-01-05,Lambton,Wellington,Home,7,1606.07
S1678,2025-01-24,Hamilton Central,Waikato,Electronics,12,3202.35
S1679,2025-08-14,Lambton,Wellington,Apparel,5,999.62
S1680,2025-01-14,George St,Otago,Grocery,11,827.67
S1681,2025-04-09,Hamilton Central,Waikato,Apparel,5,1113.8
S1682,2025-11-06,Hamilton Central,Waikato,Grocery,10,1086.15
S1683,2025-05-11,Queen St,Auckland,Home,12,2695.09
S1684,2025-07-16,Queen St,Auckland,Beauty,1,139.16
S1685,2025-09-07,Queen St,Auckland,Home,9,1393.72
S1686,2025-05-03,Queen St,Auckland,Beauty,12,2646.94
S1687,2025-05-14,Queen St,Auckland,Beauty,6,538.0
S1688,2025-09-18,Hamilton Central,Waikato,Beauty,8,1469.46
S1689,2025-11-10,Riccarton,Canterbury,Beauty,2,196.05
S1690,2025-09-25,Queen St,Auckland,Beauty,11,1318.03
S1691,2025-02-18,Queen St,Auckland,Grocery,6,1118.2
S1692,2025-09-04,Lambton,Wellington,Beauty,5,709.09
S1693,2025-04-23,Hamilton Central,Waikato,Apparel,1,293.78
S1694,2025-09-17,George St,Otago,Beauty,6,1189.41
S1695,2025-07-20,Hamilton Central,Waikato,Apparel,3,259.46
S1696,2025-04-02,Riccarton,Canterbury,Beauty,7,549.26
S1697,2025-10-28,George St,Otago,Beauty,4,366.37
S1698,2025-04-21,George St,Otago,Grocery,4,660.02
S1699,2025-03-14,Riccarton,Canterbury,Grocery,3,309.32
S1700,2025-04-25,Riccarton,Canterbury,Apparel,6,1329.86
S1701,2025-05-10,George St,Otago,Home,7,1489.96
S1702,2025-11-19,Queen St,Auckland,Home,12,2129.81
S1703,2025-04-19,Riccarton,Canterbury,Grocery,5,464.01
S1704,2025-09-18,Riccarton,Canterbury,Apparel,9,2306.09
S1705,2025-09-11,Riccarton,Canterbury,Home,1,93.95
S1706,2025-04-26,Lambton,Wellington,Beauty,12,2290.58
S1707,2025-03-13,Hamilton Central,Waikato,Apparel,6,264.75
S1708,2025-07-12,Hamilton Central,Waikato,Home,11,2363.39
S1709,2025-01-02,Riccarton,Canterbury,Electronics,1,193.91
S1710,2025-09-26,Queen St,Auckland,Beauty,11,758.3
S1711,2025-09-02,Hamilton Central,Waikato,Grocery,9,319.53
S1712,2025-05-02,George St,Otago,Grocery,11,415.73
S1713,2025-09-16,Queen St,Auckland,Grocery,12,241.08
S1714,2025-12-17,Queen St,Auckland,Electronics,10,688.27
S1715,2025-03-07,Hamilton Central,Waikato,Home,9,950.92
S1716,2025-12-20,Riccarton,Canterbury,Electronics,6,1475.13
S1717,2025-04-09,Lambton,Wellington,Home,7,561.3
S1718,2025-07-24,Hamilton Central,Waikato,Apparel,2,46.89
S1719,2025-12-01,Lambton,Wellington,Home,5,1069.33
S1720,2025-02-14,Lambton,Wellington,Home,5,990.92
S1721,2025-10-23,Hamilton Central,Waikato,Electronics,9,1734.15
S1722,2025-02-02,Queen St,Auckland,Apparel,8,1589.55
S1723,2025-03-23,Queen St,Auckland,Electronics,10,2856.75
S1724,2025-06-18,Lambton,Wellington,Grocery,12,130.64
S1725,2025-05-28,George St,Otago,Home,4,239.77
S1726,2025-09-15,George St,Otago,Grocery,6,891.84
S1727,2025-02-27,George St,Otago,Grocery,2,161.95
S1728,2025-02-09,Lambton,Wellington,Apparel,11,2962.77
S1729,2025-02-02,Hamilton Central,Waikato,Beauty,5,170.59
S1730,2025-09-19,Hamilton Central,Waikato,Grocery,3,146.1
S1731,2025-04-26,Lambton,Wellington,Home,8,2037.92
S1732,2025-07-23,Riccarton,Canterbury,Home,1,72.53
S1733,2025-11-12,George St,Otago,Electronics,11,2665.73
S1734,2025-08-02,George St,Otago,Electronics,5,947.71
S1735,2025-05-13,George St,Otago,Grocery,10,2806.66
S1736,2025-10-15,Riccarton,Canterbury,Home,2,419.47
S1737,2025-08-01,George St,Otago,Apparel,11,2506.45
S1738,2025-11-27,George St,Otago,Apparel,10,1005.42
S1739,2025-01-15,Hamilton Central,Waikato,Apparel,1,55.95
S1740,2025-07-15,George St,Otago,Electronics,2,454.6
S1741,2025-02-17,Hamilton Central,Waikato,Beauty,1,282.54
S1742,2025-10-19,Queen St,Auckland,Apparel,10,1508.82
S1743,2025-05-28,Riccarton,Canterbury,Beauty,9,1037.97
S1744,2025-05-01,George St,Otago,Electronics,9,2531.92
S1745,2025-05-28,Queen St,Auckland,Home,6,1786.06
S1746,2025-04-15,Lambton,Wellington,Beauty,7,426.5
S1747,2025-08-05,George St,Otago,Home,11,2698.5
S1748,2025-11-19,George St,Otago,Beauty,10,1627.5
S1749,2025-04-25,Riccarton,Canterbury,Apparel,3,380.53
S1750,2025-01-14,Hamilton Central,Waikato,Beauty,1,261.25
S1751,2025-03-25,Lambton,Wellington,Apparel,8,704.45
S1752,2025-03-22,George St,Otago,Apparel,10,381.5
S1753,2025-02-17,George St,Otago,Home,9,2147.87
S1754,2025-10-08,Queen St,Auckland,Grocery,7,1361.63
S1755,2025-03-12,Hamilton Central,Waikato,Beauty,5,511.84
S1756,2025-11-03,Riccarton,Canterbury,Grocery,7,814.48
S1757,2025-05-07,Riccarton,Canterbury,Apparel,6,565.26
S1758,2025-08-28,Queen St,Auckland,Home,8,2056.81
S1759,2025-03-18,Hamilton Central,Waikato,Electronics,9,119.06
S1760,2025-10-07,Queen St,Auckland,Beauty,4,1071.68
S1761,2025-03-26,Queen St,Auckland,Electronics,3,603.91
S1762,2025-03-26,Queen St,Auckland,Apparel,5,1146.64
S1763,2025-04-19,Hamilton Central,Waikato,Grocery,3,562.96
S1764,2025-12-25,Queen St,Auckland,Electronics,10,491.52
S1765,2025-12-06,Queen St,Auckland,Home,12,1264.98
S1766,2025-05-25,Riccarton,Canterbury,Apparel,4,993.71
S1767,2025-12-26,George St,Otago,Home,6,287.65
S1768,2025-02-18,Lambton,Wellington,Home,6,277.16
S1769,2025-06-25,Riccarton,Canterbury,Apparel,8,2129.69
S1770,2025-07-07,Hamilton Central,Waikato,Electronics,2,556.04
S1771,2025-12-09,Queen St,Auckland,Home,5,300.89
S1772,2025-11-07,George St,Otago,Grocery,1,134.08
S1773,2025-02-26,Lambton,Wellington,Electronics,9,836.58
S1774,2025-09-04,Riccarton,Canterbury,Beauty,4,670.96
S1775,2025-09-08,George St,Otago,Grocery,4,761.16
S1776,2025-06-27,George St,Otago,Home,3,662.16
S1777,2025-08-03,Hamilton Central,Waikato,Home,12,1968.47
S1778,2025-05-27,George St,Otago,Grocery,11,1512.21
S1779,2025-10-11,Lambton,Wellington,Grocery,9,1385.81
S1780,2025-03-12,Hamilton Central,Waikato,Electronics,7,273.04
S1781,2025-06-09,Riccarton,Canterbury,Grocery,6,1574.43
S1782,2025-09-04,Riccarton,Canterbury,Apparel,9,2354.15
S1783,2025-05-25,Riccarton,Canterbury,Electronics,8,80.67
S1784,2025-02-08,Lambton,Wellington,Beauty,4,224.86
S1785,2025-06-28,Riccarton,Canterbury,Apparel,2,448.64
S1786,2025-08-17,Lambton,Wellington,Beauty,5,1227.07
S1787,2025-04-24,George St,Otago,Beauty,8,2190.05
S1788,2025-08-27,Hamilton Central,Waikato,Beauty,10,642.78
S1789,2025-01-09,Lambton,Wellington,Home,4,1018.94
S1790,2025-03-17,Hamilton Central,Waikato,Electronics,5,663.24
S1791,2025-03-07,Riccarton,Canterbury,Grocery,2,170.51
S1792,2025-11-09,Queen St,Auckland,Grocery,2,175.45
S1793,2025-03-08,George St,Otago,Home,7,1254.31
S1794,2025-02-22,Lambton,Wellington,Apparel,12,2766.98
S1795,2025-10-06,Hamilton Central,Waikato,Grocery,7,857.6
S1796,2025-06-14,George St,Otago,Home,1,236.21
S1797,2025-07-03,Hamilton Central,Waikato,Home,1,291.75
S1798,2025-04-23,Lambton,Wellington,Home,5,382.03
S1799,2025-05-20,Queen St,Auckland,Apparel,11,198.9
S1800,2025-01-03,Hamilton Central,Waikato,Beauty,5,863.93
S1801,2025-09-23,Lambton,Wellington,Electronics,9,1074.1
S1802,2025-02-24,Riccarton,Canterbury,Electronics,1,85.93
S1803,2025-12-15,Riccarton,Canterbury,Electronics,12,2589.27
S1804,2025-11-25,Hamilton Central,Waikato,Beauty,9,478.96
S1805,2025-03-04,Hamilton Central,Waikato,Apparel,7,1804.97
S1806,2025-10-02,Hamilton Central,Waikato,Electronics,4,353.95
S1807,2025-02-19,George St,Otago,Home,7,438.01
S1808,2025-10-17,Riccarton,Canterbury,Beauty,12,3261.92
S1809,2025-04-21,George St,Otago,Beauty,5,1169.28
S1810,2025-08-04,Hamilton Central,Waikato,Home,4,1143.64
S1811,2025-09-13,Queen St,Auckland,Home,9,2106.36
S1812,2025-03-23,Queen St,Auckland,Home,9,1729.17
S1813,2025-09-12,George St,Otago,Home,9,160.69
S1814,2025-07-18,Lambton,Wellington,Electronics,4,1128.39
S1815,2025-02-14,Riccarton,Canterbury,Home,8,1070.23
S1816,2025-10-06,George St,Otago,Apparel,5,237.25
S1817,2025-04-03,Queen St,Auckland,Beauty,10,1950.8
S1818,2025-08-09,George St,Otago,Electronics,3,708.2
S1819,2025-10-14,George St,Otago,Beauty,1,258.72
S1820,2025-09-09,Riccarton,Canterbury,Apparel,3,371.65
S1821,2025-09-16,Lambton,Wellington,Grocery,6,1731.23
S1822,2025-01-10,Lambton,Wellington,Home,1,151.91
S1823,2025-08-27,George St,Otago,Apparel,11,376.87
S1824,2025-04-17,Hamilton Central,Waikato,Home,1,163.44
S1825,2025-10-12,Hamilton Central,Waikato,Beauty,1,208.4
S1826,2025-11-14,Riccarton,Canterbury,Home,2,337.08
S1827,2025-07-13,Queen St,Auckland,Grocery,8,1837.33
S1828,2025-07-28,George St,Otago,Beauty,3,704.0
S1829,2025-09-13,Queen St,Auckland,Home,12,681.1
S1830,2025-08-22,Hamilton Central,Waikato,Apparel,8,2016.04
S1831,2025-05-21,Queen St,Auckland,Apparel,6,1215.26
S1832,2025-01-07,Queen St,Auckland,Apparel,8,968.88
S1833,2025-01-15,Queen St,Auckland,Apparel,2,137.68
S1834,2025-09-23,Riccarton,Canterbury,Home,1,281.59
S1835,2025-01-23,Riccarton,Canterbury,Electronics,11,2842.73
S1836,2025-07-23,Riccarton,Canterbury,Apparel,1,140.81
S1837,2025-03-25,Lambton,Wellington,Grocery,6,667.98
S1838,2025-08-16,Lambton,Wellington,Home,9,1346.53
S1839,2025-03-20,Riccarton,Canterbury,Beauty,11,1932.86
S1840,2025-08-12,Riccarton,Canterbury,Beauty,8,1563.34
S1841,2025-05-03,Queen St,Auckland,Home,6,185.09
S1842,2025-06-10,George St,Otago,Electronics,10,826.18
S1843,2025-09-25,Riccarton,Canterbury,Electronics,9,1194.75
S1844,2025-07-20,Lambton,Wellington,Home,3,401.0
S1845,2025-12-04,Queen St,Auckland,Electronics,11,1510.53
S1846,2025-09-26,George St,Otago,Apparel,6,1029.89
S1847,2025-02-24,Hamilton Central,Waikato,Apparel,10,2526.6
S1848,2025-09-19,Lambton,Wellington,Beauty,2,121.15
S1849,2025-01-06,Hamilton Central,Waikato,Apparel,3,808.8
S1850,2025-01-11,Queen St,Auckland,Apparel,3,805.75
S1851,2025-07-17,Riccarton,Canterbury,Grocery,3,157.69
S1852,2025-10-17,Hamilton Central,Waikato,Electronics,12,2409.58
S1853,2025-02-26,Hamilton Central,Waikato,Electronics,6,1406.56
S1854,2025-11-06,Lambton,Wellington,Electronics,5,950.04
S1855,2025-01-14,Lambton,Wellington,Electronics,6,902.55
S1856,2025-07-28,George St,Otago,Beauty,3,602.93
S1857,2025-08-05,Hamilton Central,Waikato,Beauty,8,268.12
S1858,2025-05-11,Riccarton,Canterbury,Home,3,524.47
S1859,2025-01-16,Hamilton Central,Waikato,Electronics,12,445.54
S1860,2025-11-22,Queen St,Auckland,Beauty,10,162.64
S1861,2025-12-21,Queen St,Auckland,Apparel,1,23.5
S1862,2025-06-15,Hamilton Central,Waikato,Apparel,11,2958.35
S1863,2025-04-01,Hamilton Central,Waikato,Beauty,9,1926.91
S1864,2025-10-26,Riccarton,Canterbury,Home,9,2029.13
S1865,2025-06-25,George St,Otago,Home,2,280.22
S1866,2025-11-25,George St,Otago,Apparel,3,468.65
S1867,2025-05-26,Riccarton,Canterbury,Grocery,10,401.03
S1868,2025-02-26,Queen St,Auckland,Grocery,2,305.01
S1869,2025-04-06,Queen St,Auckland,Electronics,5,1238.6
S1870,2025-09-15,Queen St,Auckland,Beauty,12,3346.55
S1871,2025-06-24,George St,Otago,Apparel,12,498.33
S1872,2025-02-20,Lambton,Wellington,Beauty,8,2315.85
S1873,2025-12-20,Hamilton Central,Waikato,Beauty,12,1689.76
S1874,2025-02-09,Lambton,Wellington,Apparel,3,83.37
S1875,2025-03-03,Lambton,Wellington,Grocery,6,70.7
S1876,2025-10-26,Queen St,Auckland,Grocery,12,1571.67
S1877,2025-06-01,Riccarton,Canterbury,Grocery,2,402.31
S1878,2025-12-06,Hamilton Central,Waikato,Grocery,6,892.29
S1879,2025-10-09,Riccarton,Canterbury,Beauty,6,939.49
S1880,2025-12-18,Hamilton Central,Waikato,Home,7,1301.44
S1881,2025-09-25,Hamilton Central,Waikato,Beauty,4,193.05
S1882,2025-07-27,Riccarton,Canterbury,Electronics,2,203.65
S1883,2025-09-07,Hamilton Central,Waikato,Electronics,1,100.32
S1884,2025-01-14,Lambton,Wellington,Home,12,2379.31
S1885,2025-02-04,Queen St,Auckland,Beauty,3,466.17
S1886,2025-04-01,George St,Otago,Grocery,2,134.09
S1887,2025-03-15,Queen St,Auckland,Electronics,7,1241.68
S1888,2025-09-26,George St,Otago,Grocery,7,1123.73
S1889,2025-11-09,Hamilton Central,Waikato,Beauty,6,527.05
S1890,2025-07-07,Riccarton,Canterbury,Home,1,145.91
S1891,2025-05-02,Riccarton,Canterbury,Grocery,1,247.48
S1892,2025-03-13,Lambton,Wellington,Electronics,9,1955.89
S1893,2025-08-14,Queen St,Auckland,Beauty,6,1390.67
S1894,2025-07-07,Riccarton,Canterbury,Electronics,4,866.16
S1895,2025-10-20,Lambton,Wellington,Grocery,8,1858.39
S1896,2025-01-28,Lambton,Wellington,Apparel,10,1114.24
S1897,2025-06-09,Riccarton,Canterbury,Grocery,11,147.83
S1898,2025-08-10,Riccarton,Canterbury,Beauty,8,2276.24
S1899,2025-06-16,Lambton,Wellington,Electronics,10,1700.92
S1900,2025-09-17,Queen St,Auckland,Beauty,1,281.6
S1901,2025-07-14,Lambton,Wellington,Home,11,1249.2
S1902,2025-05-28,Queen St,Auckland,Electronics,1,271.41
S1903,2025-11-28,Lambton,Wellington,Apparel,7,1711.18
S1904,2025-05-18,George St,Otago,Electronics,8,926.27
S1905,2025-07-12,Queen St,Auckland,Electronics,8,1326.76
S1906,2025-04-21,Hamilton Central,Waikato,Beauty,5,1378.15
S1907,2025-01-26,Riccarton,Canterbury,Grocery,3,254.8
S1908,2025-06-04,Lambton,Wellington,Home,2,136.67
S1909,2025-03-21,Riccarton,Canterbury,Home,8,1777.53
S1910,2025-02-02,Lambton,Wellington,Apparel,5,843.71
S1911,2025-07-01,Riccarton,Canterbury,Beauty,12,2032.59
S1912,2025-02-24,Hamilton Central,Waikato,Home,10,2319.9
S1913,2025-12-17,Hamilton Central,Waikato,Home,2,83.52
S1914,2025-10-17,Hamilton Central,Waikato,Electronics,11,1810.86
S1915,2025-06-14,Riccarton,Canterbury,Apparel,2,177.85
S1916,2025-07-02,George St,Otago,Home,11,2704.27
S1917,2025-02-15,Lambton,Wellington,Electronics,3,536.75
S1918,2025-06-03,Hamilton Central,Waikato,Apparel,5,792.71
S1919,2025-11-12,Hamilton Central,Waikato,Apparel,12,888.39
S1920,2025-09-26,Riccarton,Canterbury,Apparel,12,2664.51
S1921,2025-03-14,Queen St,Auckland,Beauty,1,57.24
S1922,2025-04-22,Riccarton,Canterbury,Beauty,6,1685.02
S1923,2025-11-24,Queen St,Auckland,Electronics,11,3089.96
S1924,2025-10-24,George St,Otago,Home,6,1188.46
S1925,2025-01-14,George St,Otago,Electronics,10,2151.56
S1926,2025-07-16,Queen St,Auckland,Apparel,4,852.97
S1927,2025-04-18,Lambton,Wellington,Grocery,6,1206.36
S1928,2025-11-18,Riccarton,Canterbury,Home,7,748.31
S1929,2025-10-06,Queen St,Auckland,Home,8,343.81
S1930,2025-08-26,George St,Otago,Apparel,12,1006.52
S1931,2025-12-13,Lambton,Wellington,Grocery,11,3045.58
S1932,2025-07-04,Hamilton Central,Waikato,Beauty,12,2610.24
S1933,2025-07-01,George St,Otago,Apparel,7,258.41
S1934,2025-11-08,Riccarton,Canterbury,Beauty,5,935.86
S1935,2025-09-06,Hamilton Central,Waikato,Electronics,3,407.61
S1936,2025-01-16,Hamilton Central,Waikato,Beauty,4,852.51
S1937,2025-10-04,Queen St,Auckland,Electronics,10,2968.67
S1938,2025-09-12,Lambton,Wellington,Apparel,10,1785.13
S1939,2025-09-22,Queen St,Auckland,Grocery,2,493.06
S1940,2025-01-24,Hamilton Central,Waikato,Electronics,7,333.38
S1941,2025-05-12,George St,Otago,Beauty,3,638.39
S1942,2025-06-02,George St,Otago,Beauty,6,1084.41
S1943,2025-12-08,George St,Otago,Electronics,1,47.94
S1944,2025-01-25,Riccarton,Canterbury,Apparel,10,1371.18
S1945,2025-11-02,Queen St,Auckland,Apparel,7,872.17
S1946,2025-08-14,Hamilton Central,Waikato,Home,9,1586.08
S1947,2025-07-11,Lambton,Wellington,Beauty,6,1019.18
S1948,2025-05-20,Queen St,Auckland,Home,1,174.55
S1949,2025-12-08,George St,Otago,Grocery,9,202.73
S1950,2025-06-05,Queen St,Auckland,Electronics,7,895.2
S1951,2025-01-02,Queen St,Auckland,Apparel,9,951.97
S1952,2025-11-04,George St,Otago,Apparel,1,159.02
S1953,2025-03-04,Hamilton Central,Waikato,Grocery,12,3273.34
S1954,2025-09-06,George St,Otago,Apparel,10,986.42
S1955,2025-08-02,George St,Otago,Apparel,11,861.09
S1956,2025-11-09,Riccarton,Canterbury,Apparel,4,522.34
S1957,2025-04-09,Riccarton,Canterbury,Apparel,6,1041.02
S1958,2025-05-23,Hamilton Central,Waikato,Electronics,4,948.65
S1959,2025-10-09,Lambton,Wellington,Beauty,2,330.35
S1960,2025-01-18,Lambton,Wellington,Beauty,3,610.96
S1961,2025-04-28,Queen St,Auckland,Apparel,5,1315.07
S1962,2025-11-11,Hamilton Central,Waikato,Apparel,9,530.78
S1963,2025-07-09,Riccarton,Canterbury,Home,2,492.72
S1964,2025-04-27,Queen St,Auckland,Home,5,747.55
S1965,2025-04-02,Riccarton,Canterbury,Beauty,3,153.53
S1966,2025-06-25,Hamilton Central,Waikato,Apparel,8,619.33
S1967,2025-04-13,George St,Otago,Beauty,8,363.82
S1968,2025-09-19,Hamilton Central,Waikato,Grocery,5,532.85
S1969,2025-11-04,Hamilton Central,Waikato,Home,9,241.69
S1970,2025-04-18,Riccarton,Canterbury,Grocery,9,1917.61
S1971,2025-04-08,Queen St,Auckland,Home,2,320.45
S1972,2025-03-16,Lambton,Wellington,Electronics,5,871.16
S1973,2025-10-23,Riccarton,Canterbury,Home,4,210.42
S1974,2025-07-28,Lambton,Wellington,Grocery,2,31.92
S1975,2025-08-16,Riccarton,Canterbury,Electronics,6,1749.85
S1976,2025-07-20,Riccarton,Canterbury,Grocery,1,62.22
S1977,2025-03-23,Riccarton,Canterbury,Electronics,8,1841.37
S1978,2025-07-22,Queen St,Auckland,Grocery,5,1210.48
S1979,2025-02-07,Lambton,Wellington,Beauty,10,2519.65
S1980,2025-07-10,Hamilton Central,Waikato,Apparel,3,841.25
S1981,2025-04-08,Hamilton Central,Waikato,Grocery,3,443.97
S1982,2025-03-01,Riccarton,Canterbury,Beauty,11,1631.87
S1983,2025-08-14,Queen St,Auckland,Electronics,6,932.07
S1984,2025-10-02,Hamilton Central,Waikato,Apparel,7,628.0
S1985,2025-12-16,Queen St,Auckland,Beauty,6,118.94
S1986,2025-07-12,Riccarton,Canterbury,Grocery,9,1445.97
S1987,2025-10-02,Queen St,Auckland,Apparel,11,1559.05
S1988,2025-07-08,George St,Otago,Apparel,12,2720.46
S1989,2025-07-02,Queen St,Auckland,Electronics,1,295.79
S1990,2025-10-02,Lambton,Wellington,Apparel,10,1881.81
S1991,2025-04-08,Lambton,Wellington,Grocery,7,1309.66
S1992,2025-02-15,Lambton,Wellington,Electronics,11,2207.88
S1993,2025-10-06,George St,Otago,Electronics,3,463.26
S1994,2025-05-19,Hamilton Central,Waikato,Electronics,3,585.86
S1995,2025-09-21,George St,Otago,Beauty,12,1389.0
S1996,2025-05-25,Lambton,Wellington,Apparel,8,1156.2
S1997,2025-02-28,George St,Otago,Home,9,1425.68
S1998,2025-06-08,Queen St,Auckland,Home,11,1243.12
S1999,2025-11-07,Hamilton Central,Waikato,Electronics,4,1073.59
S2000,2025-11-09,Queen St,Auckland,Home,8,384.92
S2001,2025-02-22,Lambton,Wellington,Electronics,4,910.91
S2002,2025-11-14,George St,Otago,Beauty,7,1252.24
S2003,2025-04-22,George St,Otago,Electronics,11,730.44
S2004,2025-02-28,Queen St,Auckland,Grocery,3,246.67
S2005,2025-09-03,Lambton,Wellington,Home,8,354.4
S2006,2025-06-24,Lambton,Wellington,Electronics,8,915.97
S2007,2025-08-04,Queen St,Auckland,Home,4,628.39
S2008,2025-04-11,George St,Otago,Electronics,5,520.63
S2009,2025-01-16,Lambton,Wellington,Apparel,4,557.86
S2010,2025-08-20,Riccarton,Canterbury,Apparel,3,372.2
S2011,2025-06-21,Hamilton Central,Waikato,Grocery,6,1271.41
S2012,2025-10-10,Lambton,Wellington,Beauty,3,292.35
S2013,2025-10-22,Queen St,Auckland,Grocery,10,1444.58
S2014,2025-07-17,Hamilton Central,Waikato,Home,7,839.27
S2015,2025-02-15,Queen St,Auckland,Electronics,5,473.6
S2016,2025-05-17,Riccarton,Canterbury,Apparel,2,368.16
S2017,2025-03-23,Lambton,Wellington,Grocery,7,1830.35
S2018,2025-08-08,George St,Otago,Electronics,5,199.3
S2019,2025-01-08,Lambton,Wellington,Grocery,8,1443.2
S2020,2025-05-21,Lambton,Wellington,Grocery,2,217.51
S2021,2025-06-23,Queen St,Auckland,Electronics,3,168.55
S2022,2025-01-14,Hamilton Central,Waikato,Home,12,3263.82
S2023,2025-11-04,Riccarton,Canterbury,Grocery,5,516.65
S2024,2025-07-01,Queen St,Auckland,Apparel,3,686.39
S2025,2025-06-21,Hamilton Central,Waikato,Electronics,3,266.48
S2026,2025-10-08,Hamilton Central,Waikato,Home,9,1573.76
S2027,2025-10-07,Queen St,Auckland,Electronics,10,2647.93
S2028,2025-12-03,Queen St,Auckland,Beauty,11,847.92
S2029,2025-08-03,George St,Otago,Electronics,5,1308.08
S2030,2025-05-02,George St,Otago,Beauty,10,702.13
S2031,2025-10-07,George St,Otago,Electronics,5,791.24
S2032,2025-07-13,Riccarton,Canterbury,Home,10,551.61
S2033,2025-03-16,Riccarton,Canterbury,Home,12,3330.22
S2034,2025-03-02,Riccarton,Canterbury,Home,3,663.37
S2035,2025-08-16,Lambton,Wellington,Apparel,2,405.6
S2036,2025-11-08,George St,Otago,Home,8,1324.81
S2037,2025-06-28,Hamilton Central,Waikato,Home,1,227.65
S2038,2025-03-07,Riccarton,Canterbury,Grocery,5,1442.13
S2039,2025-08-03,Lambton,Wellington,Beauty,5,665.41
S2040,2025-06-08,Queen St,Auckland,Apparel,5,1262.7
S2041,2025-11-05,Queen St,Auckland,Electronics,11,1666.0
S2042,2025-06-01,George St,Otago,Electronics,12,1332.09
S2043,2025-08-21,Queen St,Auckland,Grocery,6,701.83
S2044,2025-04-13,George St,Otago,Grocery,9,546.31
S2045,2025-03-18,George St,Otago,Apparel,8,1197.02
S2046,2025-10-26,Riccarton,Canterbury,Home,12,2992.29
S2047,2025-06-20,George St,Otago,Home,3,586.15
S2048,2025-09-17,George St,Otago,Electronics,9,703.25
S2049,2025-09-11,Riccarton,Canterbury,Home,6,1540.47
S2050,2025-12-06,Riccarton,Canterbury,Grocery,6,555.94
S2051,2025-04-09,George St,Otago,Electronics,6,607.48
S2052,2025-12-01,Riccarton,Canterbury,Home,11,907.89
S2053,2025-03-03,Lambton,Wellington,Beauty,7,911.19
S2054,2025-10-01,Riccarton,Canterbury,Beauty,12,212.89
S2055,2025-09-10,George St,Otago,Grocery,6,1052.93
S2056,2025-08-07,Hamilton Central,Waikato,Electronics,1,283.11
S2057,2025-07-27,Lambton,Wellington,Electronics,1,24.0
S2058,2025-09-13,George St,Otago,Apparel,3,618.71
S2059,2025-08-12,Riccarton,Canterbury,Electronics,7,1598.72
S2060,2025-10-01,Queen St,Auckland,Home,9,397.28
S2061,2025-04-09,George St,Otago,Apparel,6,1071.85
S2062,2025-08-25,Lambton,Wellington,Home,8,1140.7
S2063,2025-06-12,Queen St,Auckland,Home,7,895.16
S2064,2025-10-06,Queen St,Auckland,Electronics,9,1965.49
S2065,2025-08-17,Riccarton,Canterbury,Beauty,12,991.44
S2066,2025-02-22,Queen St,Auckland,Electronics,2,143.49
S2067,2025-03-01,Hamilton Central,Waikato,Electronics,6,1256.73
S2068,2025-05-14,Queen St,Auckland,Electronics,1,86.33
S2069,2025-10-01,Hamilton Central,Waikato,Electronics,4,1065.98
S2070,2025-11-03,Riccarton,Canterbury,Home,7,1944.99
S2071,2025-02-10,Lambton,Wellington,Home,3,458.06
S2072,2025-01-13,George St,Otago,Beauty,8,111.83
S2073,2025-09-28,Lambton,Wellington,Electronics,5,1457.85
S2074,2025-01-03,Riccarton,Canterbury,Grocery,1,262.48
S2075,2025-02-14,George St,Otago,Grocery,2,379.58
S2076,2025-03-04,Riccarton,Canterbury,Beauty,3,302.0
S2077,2025-02-09,Queen St,Auckland,Home,8,1515.43
S2078,2025-11-19,Hamilton Central,Waikato,Apparel,3,241.86
S2079,2025-09-01,Hamilton Central,Waikato,Grocery,4,998.32
S2080,2025-01-17,Lambton,Wellington,Electronics,12,1436.91
S2081,2025-05-11,Queen St,Auckland,Home,7,1945.82
S2082,2025-06-15,George St,Otago,Electronics,8,2010.31
S2083,2025-03-25,George St,Otago,Grocery,9,2574.37
S2084,2025-01-03,Lambton,Wellington,Electronics,3,299.93
S2085,2025-07-26,Queen St,Auckland,Apparel,8,1054.38
S2086,2025-11-24,Queen St,Auckland,Home,1,162.93
S2087,2025-07-16,Lambton,Wellington,Beauty,12,1854.39
S2088,2025-08-17,Queen St,Auckland,Beauty,10,1223.11
S2089,2025-08-15,Hamilton Central,Waikato,Electronics,6,1127.4
S2090,2025-12-20,Lambton,Wellington,Electronics,5,1476.52
S2091,2025-04-07,Lambton,Wellington,Grocery,4,49.5
S2092,2025-05-10,Lambton,Wellington,Grocery,7,1531.19
S2093,2025-10-10,Hamilton Central,Waikato,Apparel,11,2847.35
S2094,2025-07-25,Riccarton,Canterbury,Home,5,1078.92
S2095,2025-02-12,Riccarton,Canterbury,Home,5,305.75
S2096,2025-08-12,George St,Otago,Beauty,5,352.1
S2097,2025-04-16,Queen St,Auckland,Beauty,10,2921.41
S2098,2025-03-13,Lambton,Wellington,Apparel,2,552.2
S2099,2025-11-08,Queen St,Auckland,Grocery,6,253.91
S2100,2025-05-21,George St,Otago,Grocery,1,172.67
S2101,2025-07-09,George St,Otago,Home,9,1861.85
S2102,2025-08-20,George St,Otago,Grocery,5,1043.78
S2103,2025-08-18,Lambton,Wellington,Electronics,10,932.01
S2104,2025-10-06,Hamilton Central,Waikato,Grocery,5,484.87
S2105,2025-05-25,Lambton,Wellington,Electronics,5,762.83
S2106,2025-11-06,George St,Otago,Home,11,1160.7
S2107,2025-11-09,Queen St,Auckland,Apparel,4,901.63
S2108,2025-02-22,George St,Otago,Grocery,8,2384.26
S2109,2025-12-13,Queen St,Auckland,Home,6,1617.74
S2110,2025-11-19,Riccarton,Canterbury,Home,1,190.74
S2111,2025-08-01,Lambton,Wellington,Apparel,7,1300.78
S2112,2025-09-26,Lambton,Wellington,Home,6,1021.77
S2113,2025-02-11,Lambton,Wellington,Home,5,306.9
S2114,2025-01-20,Hamilton Central,Waikato,Apparel,1,122.75
S2115,2025-09-06,George St,Otago,Grocery,7,1028.95
S2116,2025-06-01,Queen St,Auckland,Beauty,9,897.16
S2117,2025-08-07,Queen St,Auckland,Grocery,8,1118.07
S2118,2025-12-08,George St,Otago,Apparel,11,645.23
S2119,2025-02-03,George St,Otago,Beauty,12,1722.28
S2120,2025-06-15,Lambton,Wellington,Grocery,2,127.32
S2121,2025-04-14,Hamilton Central,Waikato,Home,2,203.96
S2122,2025-11-26,George St,Otago,Grocery,9,773.92
S2123,2025-09-08,Lambton,Wellington,Apparel,2,579.2
S2124,2025-10-03,Hamilton Central,Waikato,Beauty,12,479.29
S2125,2025-04-16,Lambton,Wellington,Grocery,7,1684.99
S2126,2025-03-17,Queen St,Auckland,Electronics,8,595.69
S2127,2025-08-15,Riccarton,Canterbury,Electronics,4,102.31
S2128,2025-04-07,Riccarton,Canterbury,Electronics,7,2078.58
S2129,2025-07-09,Hamilton Central,Waikato,Electronics,1,139.68
S2130,2025-03-21,Lambton,Wellington,Apparel,9,1768.36
S2131,2025-07-26,Hamilton Central,Waikato,Apparel,7,702.43
S2132,2025-02-01,George St,Otago,Beauty,2,430.6
S2133,2025-10-21,George St,Otago,Beauty,9,2157.7
S2134,2025-02-22,George St,Otago,Grocery,1,227.57
S2135,2025-05-06,George St,Otago,Beauty,2,36.49
S2136,2025-05-10,Lambton,Wellington,Electronics,9,261.03
S2137,2025-10-26,Riccarton,Canterbury,Apparel,3,446.37
S2138,2025-12-01,George St,Otago,Beauty,5,957.79
S2139,2025-10-22,Queen St,Auckland,Home,5,319.06
S2140,2025-07-08,Hamilton Central,Waikato,Apparel,7,453.47
S2141,2025-02-02,Riccarton,Canterbury,Beauty,2,314.11
S2142,2025-12-12,Hamilton Central,Waikato,Beauty,3,835.57
S2143,2025-04-18,Queen St,Auckland,Apparel,11,2172.13
S2144,2025-07-14,George St,Otago,Electronics,4,54.56
S2145,2025-04-21,Hamilton Central,Waikato,Electronics,2,303.24
S2146,2025-12-24,Lambton,Wellington,Grocery,10,1180.6
S2147,2025-12-10,George St,Otago,Beauty,5,71.12
S2148,2025-04-03,Queen St,Auckland,Home,2,22.36
S2149,2025-11-20,Riccarton,Canterbury,Electronics,4,368.1
S2150,2025-06-27,George St,Otago,Home,2,41.16
S2151,2025-06-18,Hamilton Central,Waikato,Beauty,3,146.01
S2152,2025-03-17,Lambton,Wellington,Electronics,3,711.9
S2153,2025-05-16,Riccarton,Canterbury,Electronics,2,307.28
S2154,2025-02-26,Riccarton,Canterbury,Beauty,12,3102.83
S2155,2025-05-18,Hamilton Central,Waikato,Home,6,513.58
S2156,2025-09-27,Queen St,Auckland,Home,12,1910.92
S2157,2025-02-03,Riccarton,Canterbury,Home,4,47.96
S2158,2025-09-08,Hamilton Central,Waikato,Beauty,10,343.78
S2159,2025-07-04,Lambton,Wellington,Home,5,1474.56
S2160,2025-03-02,Queen St,Auckland,Grocery,9,2239.58
S2161,2025-03-21,Queen St,Auckland,Beauty,8,817.22
S2162,2025-05-08,Hamilton Central,Waikato,Electronics,4,954.7
S2163,2025-01-14,Lambton,Wellington,Grocery,4,174.31
S2164,2025-11-16,Hamilton Central,Waikato,Grocery,12,3103.09
S2165,2025-01-22,Riccarton,Canterbury,Grocery,11,3012.63
S2166,2025-09-11,Lambton,Wellington,Apparel,5,730.86
S2167,2025-12-20,Queen St,Auckland,Beauty,2,258.97
S2168,2025-08-28,Hamilton Central,Waikato,Grocery,10,1837.2
S2169,2025-06-11,Queen St,Auckland,Apparel,1,221.41
S2170,2025-03-27,Lambton,Wellington,Beauty,5,1216.98
S2171,2025-08-12,Hamilton Central,Waikato,Apparel,3,349.17
S2172,2025-11-03,Hamilton Central,Waikato,Apparel,7,215.63
S2173,2025-02-28,George St,Otago,Beauty,11,2176.86
S2174,2025-09-26,Lambton,Wellington,Beauty,4,701.61
S2175,2025-01-05,Lambton,Wellington,Grocery,3,730.23
S2176,2025-08-21,Hamilton Central,Waikato,Grocery,6,1158.27
S2177,2025-11-10,Riccarton,Canterbury,Apparel,9,99.03
S2178,2025-10-05,Riccarton,Canterbury,Grocery,2,282.95
S2179,2025-04-08,Queen St,Auckland,Grocery,1,192.61
S2180,2025-12-21,Queen St,Auckland,Home,9,1422.53
S2181,2025-09-25,Riccarton,Canterbury,Grocery,2,310.33
S2182,2025-09-13,Riccarton,Canterbury,Home,6,361.38
S2183,2025-12-26,Queen St,Auckland,Beauty,4,299.85
S2184,2025-04-17,Riccarton,Canterbury,Home,12,233.47
S2185,2025-08-03,Riccarton,Canterbury,Grocery,8,877.82
S2186,2025-07-02,Hamilton Central,Waikato,Apparel,5,604.66
S2187,2025-11-27,George St,Otago,Grocery,2,201.79
S2188,2025-06-21,Lambton,Wellington,Electronics,9,2372.78
S2189,2025-09-09,Lambton,Wellington,Electronics,6,1476.74
S2190,2025-12-08,Hamilton Central,Waikato,Apparel,8,470.09
S2191,2025-10-17,Lambton,Wellington,Grocery,12,2838.01
S2192,2025-04-07,Riccarton,Canterbury,Home,7,569.86
S2193,2025-07-21,George St,Otago,Home,1,143.25
S2194,2025-02-08,Queen St,Auckland,Grocery,4,1074.6
S2195,2025-06-07,Queen St,Auckland,Grocery,3,618.74
S2196,2025-04-12,Riccarton,Canterbury,Beauty,12,1618.42
S2197,2025-05-24,Lambton,Wellington,Electronics,2,212.07
S2198,2025-07-08,George St,Otago,Home,8,520.89
S2199,2025-11-04,Hamilton Central,Waikato,Electronics,4,518.91
S2200,2025-11-25,Lambton,Wellington,Home,12,699.24
S2201,2025-10-28,Riccarton,Canterbury,Electronics,4,1179.75
S2202,2025-04-22,Lambton,Wellington,Electronics,1,120.83
S2203,2025-04-10,George St,Otago,Beauty,6,144.02
S2204,2025-08-17,George St,Otago,Beauty,5,953.66
S2205,2025-12-06,George St,Otago,Apparel,5,1088.98
S2206,2025-05-20,George St,Otago,Electronics,5,738.21
S2207,2025-08-04,Hamilton Central,Waikato,Beauty,11,1194.76
S2208,2025-11-03,George St,Otago,Grocery,10,2618.53
S2209,2025-02-07,George St,Otago,Home,9,1520.36
S2210,2025-02-15,Hamilton Central,Waikato,Beauty,7,1441.17
S2211,2025-05-08,Hamilton Central,Waikato,Electronics,2,164.92
S2212,2025-08-19,George St,Otago,Electronics,5,1088.07
S2213,2025-09-25,Queen St,Auckland,Electronics,11,1965.37
S2214,2025-02-08,George St,Otago,Grocery,9,1733.55
S2215,2025-09-11,Hamilton Central,Waikato,Apparel,10,500.77
S2216,2025-07-07,George St,Otago,Grocery,12,3151.51
S2217,2025-09-13,George St,Otago,Grocery,6,1280.6
S2218,2025-10-23,Lambton,Wellington,Beauty,11,3139.16
S2219,2025-12-20,Hamilton Central,Waikato,Beauty,1,237.83
S2220,2025-02-28,Hamilton Central,Waikato,Apparel,1,112.54
S2221,2025-10-03,George St,Otago,Grocery,3,654.25
S2222,2025-08-28,Riccarton,Canterbury,Grocery,6,1195.9
S2223,2025-03-24,George St,Otago,Grocery,5,575.64
S2224,2025-04-28,George St,Otago,Electronics,8,2394.62
S2225,2025-05-10,Queen St,Auckland,Apparel,9,2696.15
S2226,2025-09-27,George St,Otago,Beauty,1,144.71
S2227,2025-10-18,Lambton,Wellington,Apparel,5,832.1
S2228,2025-04-18,Lambton,Wellington,Apparel,4,808.04
S2229,2025-04-06,George St,Otago,Electronics,5,892.25
S2230,2025-01-04,Lambton,Wellington,Apparel,7,1952.79
S2231,2025-02-05,Queen St,Auckland,Beauty,3,63.83
S2232,2025-03-08,Hamilton Central,Waikato,Grocery,10,706.73
S2233,2025-02-19,Riccarton,Canterbury,Beauty,8,1361.66
S2234,2025-02-13,Hamilton Central,Waikato,Beauty,9,154.57
S2235,2025-08-05,Hamilton Central,Waikato,Beauty,9,753.34
S2236,2025-08-19,George St,Otago,Beauty,9,1294.37
S2237,2025-12-11,Hamilton Central,Waikato,Beauty,7,1110.96
S2238,2025-11-09,Riccarton,Canterbury,Beauty,9,779.04
S2239,2025-01-26,Riccarton,Canterbury,Beauty,4,1171.21
S2240,2025-04-23,George St,Otago,Beauty,3,387.21
S2241,2025-11-27,Queen St,Auckland,Home,9,196.45
S2242,2025-11-28,Lambton,Wellington,Grocery,11,2121.34
S2243,2025-12-22,Lambton,Wellington,Electronics,6,418.87
S2244,2025-07-16,Hamilton Central,Waikato,Apparel,10,2563.5
S2245,2025-09-05,Riccarton,Canterbury,Electronics,1,231.2
S2246,2025-10-22,Lambton,Wellington,Electronics,4,285.52
S2247,2025-10-01,George St,Otago,Grocery,9,763.4
S2248,2025-05-26,Queen St,Auckland,Beauty,4,453.49
S2249,2025-05-19,Riccarton,Canterbury,Apparel,6,1474.05
S2250,2025-03-01,Riccarton,Canterbury,Grocery,1,62.98
S2251,2025-11-26,Lambton,Wellington,Beauty,1,119.67
S2252,2025-11-26,Lambton,Wellington,Home,2,70.37
S2253,2025-03-17,Riccarton,Canterbury,Home,5,1055.91
S2254,2025-11-02,George St,Otago,Beauty,10,418.46
S2255,2025-09-07,Riccarton,Canterbury,Grocery,5,225.53
S2256,2025-02-12,George St,Otago,Grocery,4,114.82
S2257,2025-06-22,George St,Otago,Apparel,10,1887.88
S2258,2025-10-14,Queen St,Auckland,Beauty,6,1584.13
S2259,2025-07-07,Lambton,Wellington,Electronics,10,782.21
S2260,2025-08-13,Lambton,Wellington,Beauty,11,689.8
S2261,2025-01-09,Queen St,Auckland,Beauty,9,1578.35
S2262,2025-05-23,Hamilton Central,Waikato,Apparel,1,288.01
S2263,2025-07-17,Lambton,Wellington,Home,6,230.18
S2264,2025-07-09,Queen St,Auckland,Beauty,7,527.0
S2265,2025-12-14,Lambton,Wellington,Electronics,1,197.28
S2266,2025-04-02,Hamilton Central,Waikato,Beauty,5,472.88
S2267,2025-11-02,Lambton,Wellington,Home,4,509.9
S2268,2025-01-16,Hamilton Central,Waikato,Electronics,11,544.16
S2269,2025-11-21,George St,Otago,Home,10,1518.03
S2270,2025-04-03,Lambton,Wellington,Beauty,2,237.29
S2271,2025-01-17,Lambton,Wellington,Electronics,6,1441.71
S2272,2025-08-04,George St,Otago,Home,8,638.59
S2273,2025-08-07,Queen St,Auckland,Grocery,2,409.39
S2274,2025-12-20,Lambton,Wellington,Home,10,353.76
S2275,2025-03-04,Riccarton,Canterbury,Grocery,1,234.39
S2276,2025-08-12,Queen St,Auckland,Beauty,1,230.28
S2277,2025-02-04,Hamilton Central,Waikato,Beauty,4,251.28
S2278,2025-09-12,Lambton,Wellington,Apparel,1,214.96
S2279,2025-05-06,Riccarton,Canterbury,Apparel,3,69.38
S2280,2025-08-20,Queen St,Auckland,Electronics,7,1319.3
S2281,2025-12-13,Queen St,Auckland,Beauty,11,380.44
S2282,2025-11-16,Lambton,Wellington,Grocery,9,2593.58
S2283,2025-02-09,Lambton,Wellington,Home,8,1939.84
S2284,2025-03-02,Hamilton Central,Waikato,Home,2,440.22
S2285,2025-10-11,Hamilton Central,Waikato,Beauty,8,804.18
S2286,2025-10-07,Queen St,Auckland,Home,5,1261.34
S2287,2025-07-17,Queen St,Auckland,Home,5,487.03
S2288,2025-01-01,Queen St,Auckland,Electronics,11,1248.53
S2289,2025-10-05,George St,Otago,Home,3,237.42
S2290,2025-09-07,Riccarton,Canterbury,Beauty,1,106.24
S2291,2025-04-02,Queen St,Auckland,Home,11,1288.27
S2292,2025-11-23,Riccarton,Canterbury,Apparel,9,652.71
S2293,2025-04-19,George St,Otago,Electronics,3,61.5
S2294,2025-09-07,Lambton,Wellington,Electronics,6,505.34
S2295,2025-08-20,Hamilton Central,Waikato,Beauty,12,3040.94
S2296,2025-11-15,Lambton,Wellington,Home,9,2510.42
S2297,2025-05-11,Hamilton Central,Waikato,Grocery,11,2993.03
S2298,2025-08-04,Queen St,Auckland,Home,1,266.6
S2299,2025-05-02,George St,Otago,Electronics,9,1327.79
S2300,2025-07-16,Lambton,Wellington,Home,6,921.24
S2301,2025-06-26,Lambton,Wellington,Home,4,140.02
S2302,2025-05-06,George St,Otago,Apparel,7,372.81
S2303,2025-02-11,Queen St,Auckland,Electronics,9,319.88
S2304,2025-01-26,Queen St,Auckland,Beauty,3,213.26
S2305,2025-11-16,Hamilton Central,Waikato,Beauty,5,376.73
S2306,2025-12-03,Hamilton Central,Waikato,Beauty,12,876.32
S2307,2025-09-22,Lambton,Wellington,Grocery,3,541.6
S2308,2025-03-12,Hamilton Central,Waikato,Apparel,12,1949.45
S2309,2025-09-10,Lambton,Wellington,Apparel,11,2618.55
S2310,2025-09-14,Hamilton Central,Waikato,Electronics,5,1497.17
S2311,2025-07-20,George St,Otago,Beauty,10,396.66
S2312,2025-08-03,Queen St,Auckland,Grocery,8,2325.21
S2313,2025-10-09,Lambton,Wellington,Home,9,2097.08
S2314,2025-06-02,Hamilton Central,Waikato,Home,4,1083.47
S2315,2025-10-26,Hamilton Central,Waikato,Apparel,7,1956.23
S2316,2025-02-26,Hamilton Central,Waikato,Home,4,526.3
S2317,2025-12-06,Queen St,Auckland,Beauty,7,627.9
S2318,2025-02-08,Lambton,Wellington,Home,8,1350.25
S2319,2025-02-02,Hamilton Central,Waikato,Home,8,2315.46
S2320,2025-03-21,Hamilton Central,Waikato,Grocery,5,634.27
S2321,2025-03-22,Lambton,Wellington,Beauty,7,1305.22
S2322,2025-05-17,Hamilton Central,Waikato,Apparel,6,1087.76
S2323,2025-09-10,George St,Otago,Beauty,6,592.28
S2324,2025-02-28,Hamilton Central,Waikato,Electronics,7,151.87
S2325,2025-01-04,George St,Otago,Grocery,5,642.09
S2326,2025-01-11,Riccarton,Canterbury,Grocery,12,2012.95
S2327,2025-07-25,Lambton,Wellington,Apparel,9,1726.01
S2328,2025-09-25,Hamilton Central,Waikato,Grocery,5,793.65
S2329,2025-09-27,George St,Otago,Home,10,469.03
S2330,2025-11-17,Riccarton,Canterbury,Electronics,12,2978.97
S2331,2025-12-09,Hamilton Central,Waikato,Beauty,4,755.1
S2332,2025-08-20,Queen St,Auckland,Electronics,6,1733.06
S2333,2025-12-18,Lambton,Wellington,Electronics,7,530.2
S2334,2025-06-24,Hamilton Central,Waikato,Grocery,7,1312.34
S2335,2025-01-08,Lambton,Wellington,Grocery,7,212.62
S2336,2025-09-02,Hamilton Central,Waikato,Electronics,7,1214.36
S2337,2025-09-02,Lambton,Wellington,Apparel,10,2377.69
S2338,2025-10-18,Queen St,Auckland,Apparel,3,472.26
S2339,2025-07-12,Lambton,Wellington,Home,5,959.83
S2340,2025-04-17,George St,Otago,Apparel,5,801.48
S2341,2025-02-15,George St,Otago,Grocery,5,396.28
S2342,2025-07-05,Lambton,Wellington,Grocery,4,1146.65
S2343,2025-11-17,Queen St,Auckland,Grocery,6,829.06
S2344,2025-10-26,George St,Otago,Electronics,12,3336.18
S2345,2025-06-05,Riccarton,Canterbury,Beauty,3,111.14
S2346,2025-01-12,Riccarton,Canterbury,Apparel,9,1061.17
S2347,2025-03-11,Lambton,Wellington,Apparel,3,212.21
S2348,2025-11-04,Lambton,Wellington,Electronics,3,146.47
S2349,2025-11-05,George St,Otago,Grocery,12,2360.5
S2350,2025-06-02,Queen St,Auckland,Grocery,5,1297.36
S2351,2025-04-19,Lambton,Wellington,Apparel,3,292.72
S2352,2025-06-25,Hamilton Central,Waikato,Home,11,930.85
S2353,2025-06-17,Riccarton,Canterbury,Electronics,2,449.8
S2354,2025-10-25,Hamilton Central,Waikato,Electronics,3,446.53
S2355,2025-12-01,Hamilton Central,Waikato,Beauty,10,2008.34
S2356,2025-06-26,George St,Otago,Home,10,2991.98
S2357,2025-06-08,Riccarton,Canterbury,Grocery,10,1442.6
S2358,2025-05-13,Riccarton,Canterbury,Electronics,2,398.35
S2359,2025-12-08,Lambton,Wellington,Apparel,7,375.67
S2360,2025-03-23,George St,Otago,Home,12,570.96
S2361,2025-04-15,Queen St,Auckland,Electronics,10,1616.57
S2362,2025-11-09,George St,Otago,Apparel,5,1032.58
S2363,2025-11-02,Queen St,Auckland,Home,6,1102.52
S2364,2025-05-08,Riccarton,Canterbury,Grocery,12,3586.97
S2365,2025-10-04,Lambton,Wellington,Electronics,9,1053.79
S2366,2025-11-27,George St,Otago,Home,1,59.05
S2367,2025-04-23,Queen St,Auckland,Apparel,9,2539.99
S2368,2025-01-16,Queen St,Auckland,Electronics,2,38.65
S2369,2025-03-24,Lambton,Wellington,Electronics,1,112.33
S2370,2025-08-27,Queen St,Auckland,Home,5,117.36
S2371,2025-09-04,Lambton,Wellington,Home,7,732.39
S2372,2025-03-24,George St,Otago,Electronics,2,466.01
S2373,2025-03-01,George St,Otago,Grocery,4,867.01
S2374,2025-02-13,George St,Otago,Beauty,10,1953.2
S2375,2025-03-28,Queen St,Auckland,Beauty,11,3194.51
S2376,2025-11-16,Lambton,Wellington,Grocery,5,1226.28
S2377,2025-09-28,Lambton,Wellington,Apparel,9,323.69
S2378,2025-08-25,Riccarton,Canterbury,Beauty,12,1917.18
S2379,2025-06-18,Lambton,Wellington,Grocery,11,1059.11
S2380,2025-06-06,George St,Otago,Beauty,12,1683.5
S2381,2025-02-21,George St,Otago,Beauty,12,3111.81
S2382,2025-02-11,Lambton,Wellington,Grocery,4,973.94
S2383,2025-07-08,Hamilton Central,Waikato,Beauty,10,2541.65
S2384,2025-08-11,Queen St,Auckland,Electronics,5,147.88
S2385,2025-04-01,Riccarton,Canterbury,Apparel,4,427.13
S2386,2025-10-21,Lambton,Wellington,Apparel,2,407.28
S2387,2025-03-02,George St,Otago,Home,1,253.11
S2388,2025-01-03,Queen St,Auckland,Electronics,4,477.35
S2389,2025-02-09,Lambton,Wellington,Home,3,159.38
S2390,2025-01-18,Lambton,Wellington,Electronics,6,1219.74
S2391,2025-05-21,Hamilton Central,Waikato,Apparel,3,728.47
S2392,2025-03-02,George St,Otago,Beauty,8,1965.19
S2393,2025-07-27,Lambton,Wellington,Beauty,8,1389.61
S2394,2025-02-20,Riccarton,Canterbury,Beauty,3,95.53
S2395,2025-05-25,George St,Otago,Electronics,12,2960.96
S2396,2025-10-27,Hamilton Central,Waikato,Home,7,1324.46
S2397,2025-10-19,George St,Otago,Home,7,239.32
S2398,2025-03-02,George St,Otago,Electronics,6,1273.17
S2399,2025-08-05,Riccarton,Canterbury,Beauty,12,673.61
S2400,2025-07-23,Hamilton Central,Waikato,Beauty,7,375.88
S2401,2025-09-21,Lambton,Wellington,Beauty,12,421.14
S2402,2025-09-19,George St,Otago,Beauty,1,157.2
S2403,2025-10-25,Queen St,Auckland,Grocery,7,163.38
S2404,2025-06-07,Lambton,Wellington,Electronics,6,1573.41
S2405,2025-03-20,Queen St,Auckland,Home,6,1300.71
S2406,2025-01-10,Lambton,Wellington,Grocery,9,246.59
S2407,2025-06-06,Riccarton,Canterbury,Apparel,2,573.48
S2408,2025-12-21,Lambton,Wellington,Electronics,3,36.44
S2409,2025-01-07,Riccarton,Canterbury,Grocery,8,1253.14
S2410,2025-02-19,Lambton,Wellington,Apparel,11,3090.3
S2411,2025-11-16,Queen St,Auckland,Electronics,8,1091.78
S2412,2025-11-27,Hamilton Central,Waikato,Apparel,9,393.79
S2413,2025-10-10,George St,Otago,Home,11,2174.14
S2414,2025-03-02,Hamilton Central,Waikato,Home,7,1642.09
S2415,2025-12-10,Riccarton,Canterbury,Electronics,7,1942.73
S2416,2025-04-04,George St,Otago,Apparel,5,1333.63
S2417,2025-07-13,Riccarton,Canterbury,Home,6,213.46
S2418,2025-04-17,Lambton,Wellington,Grocery,6,805.2
S2419,2025-05-18,Queen St,Auckland,Home,7,1477.58
S2420,2025-05-05,George St,Otago,Electronics,8,1312.17
S2421,2025-01-11,Riccarton,Canterbury,Electronics,2,196.03
S2422,2025-06-11,Queen St,Auckland,Home,1,289.93
S2423,2025-02-01,Queen St,Auckland,Apparel,2,158.24
S2424,2025-07-27,Hamilton Central,Waikato,Electronics,6,592.53
S2425,2025-10-12,Lambton,Wellington,Home,2,396.89
S2426,2025-08-11,Hamilton Central,Waikato,Beauty,8,1021.04
S2427,2025-09-06,Queen St,Auckland,Apparel,4,663.36
S2428,2025-11-17,Queen St,Auckland,Beauty,9,2618.54
S2429,2025-11-28,George St,Otago,Home,1,160.85
S2430,2025-10-11,Lambton,Wellington,Beauty,9,2210.33
S2431,2025-02-16,Queen St,Auckland,Home,11,1926.92
S2432,2025-10-01,George St,Otago,Grocery,6,1140.2
S2433,2025-01-14,Queen St,Auckland,Home,12,2114.0
S2434,2025-08-22,Hamilton Central,Waikato,Grocery,9,1300.89
S2435,2025-05-09,Riccarton,Canterbury,Beauty,6,527.08
S2436,2025-11-08,Queen St,Auckland,Electronics,12,1164.34
S2437,2025-06-24,Lambton,Wellington,Electronics,9,1536.41
S2438,2025-01-17,George St,Otago,Home,6,1657.64
S2439,2025-03-22,George St,Otago,Home,9,1584.58
S2440,2025-09-25,Hamilton Central,Waikato,Apparel,6,1593.37
S2441,2025-11-02,Lambton,Wellington,Home,7,1885.57
S2442,2025-06-06,Hamilton Central,Waikato,Beauty,10,2103.71
S2443,2025-03-04,George St,Otago,Electronics,10,1447.16
S2444,2025-05-21,George St,Otago,Beauty,9,1984.92
S2445,2025-06-06,Hamilton Central,Waikato,Beauty,7,1139.72
S2446,2025-03-28,Hamilton Central,Waikato,Apparel,7,1678.12
S2447,2025-10-16,Hamilton Central,Waikato,Grocery,1,136.35
S2448,2025-06-24,Lambton,Wellington,Apparel,9,337.76
S2449,2025-03-25,George St,Otago,Electronics,4,753.6
S2450,2025-04-13,Lambton,Wellington,Apparel,3,47.01
S2451,2025-04-12,Hamilton Central,Waikato,Electronics,4,184.65
S2452,2025-09-15,Riccarton,Canterbury,Grocery,7,1825.63
S2453,2025-03-24,George St,Otago,Electronics,11,554.63
S2454,2025-07-12,Riccarton,Canterbury,Home,1,40.38
S2455,2025-09-28,Hamilton Central,Waikato,Electronics,9,1590.5
S2456,2025-11-24,Lambton,Wellington,Electronics,8,1730.67
S2457,2025-10-24,Queen St,Auckland,Beauty,2,111.91
S2458,2025-03-26,Queen St,Auckland,Apparel,12,868.19
S2459,2025-04-12,Queen St,Auckland,Beauty,9,2015.36
S2460,2025-08-02,George St,Otago,Apparel,7,226.14
S2461,2025-01-13,Queen St,Auckland,Beauty,10,531.92
S2462,2025-11-20,Hamilton Central,Waikato,Home,7,70.46
S2463,2025-04-12,Lambton,Wellington,Apparel,1,124.07
S2464,2025-12-06,Hamilton Central,Waikato,Beauty,8,1362.14
S2465,2025-07-06,Hamilton Central,Waikato,Beauty,1,182.06
S2466,2025-10-26,Hamilton Central,Waikato,Beauty,9,1756.54
S2467,2025-05-19,Lambton,Wellington,Grocery,5,359.62
S2468,2025-08-17,Lambton,Wellington,Home,10,1661.29
S2469,2025-11-13,Lambton,Wellington,Apparel,1,235.32
S2470,2025-05-26,George St,Otago,Electronics,2,396.58
S2471,2025-11-20,George St,Otago,Grocery,12,582.89
S2472,2025-09-20,Queen St,Auckland,Home,5,621.8
S2473,2025-02-06,Lambton,Wellington,Grocery,9,1351.81
S2474,2025-11-16,Queen St,Auckland,Beauty,11,2993.24
S2475,2025-03-04,Lambton,Wellington,Home,4,136.5
S2476,2025-03-17,Hamilton Central,Waikato,Beauty,1,179.11
S2477,2025-01-24,Queen St,Auckland,Home,9,1952.59
S2478,2025-10-07,Hamilton Central,Waikato,Electronics,12,1535.58
S2479,2025-09-26,George St,Otago,Apparel,5,116.4
S2480,2025-03-21,George St,Otago,Electronics,1,204.81
S2481,2025-11-05,Riccarton,Canterbury,Home,5,1293.18
S2482,2025-11-19,Lambton,Wellington,Beauty,5,1250.14
S2483,2025-09-14,Lambton,Wellington,Grocery,5,676.59
S2484,2025-12-04,Queen St,Auckland,Home,12,3460.87
S2485,2025-12-26,George St,Otago,Home,2,222.21
S2486,2025-12-28,Queen St,Auckland,Home,4,563.47
S2487,2025-01-08,George St,Otago,Apparel,5,573.26
S2488,2025-04-27,Lambton,Wellington,Grocery,12,3431.87
S2489,2025-04-12,Lambton,Wellington,Electronics,1,160.87
S2490,2025-12-07,Queen St,Auckland,Grocery,2,98.41
S2491,2025-06-22,George St,Otago,Home,11,2665.06
S2492,2025-08-28,Riccarton,Canterbury,Home,6,1141.75
S2493,2025-02-10,Queen St,Auckland,Grocery,1,280.19
S2494,2025-04-05,Riccarton,Canterbury,Home,5,383.79
S2495,2025-09-15,Hamilton Central,Waikato,Grocery,11,1761.67
S2496,2025-02-16,Hamilton Central,Waikato,Beauty,9,2299.18
S2497,2025-04-16,Lambton,Wellington,Electronics,10,538.9
S2498,2025-02-18,Queen St,Auckland,Apparel,11,1170.88
S2499,2025-11-15,Queen St,Auckland,Grocery,11,2952.45
S2500,2025-02-04,Queen St,Auckland,Electronics,8,2135.23
S2501,2025-09-06,Queen St,Auckland,Home,7,265.18
S2502,2025-04-16,Lambton,Wellington,Apparel,11,2183.31
S2503,2025-11-05,Lambton,Wellington,Grocery,12,2630.03
S2504,2025-03-17,Lambton,Wellington,Grocery,8,1994.73
S2505,2025-06-20,Lambton,Wellington,Apparel,12,196.39
S2506,2025-12-04,Lambton,Wellington,Electronics,7,584.79
S2507,2025-06-20,George St,Otago,Apparel,5,671.19
S2508,2025-06-27,Queen St,Auckland,Electronics,3,427.23
S2509,2025-12-19,George St,Otago,Apparel,3,575.34
S2510,2025-08-21,George St,Otago,Electronics,7,1650.77
S2511,2025-01-10,Riccarton,Canterbury,Grocery,1,76.83
S2512,2025-12-19,Hamilton Central,Waikato,Home,4,493.67
S2513,2025-01-26,George St,Otago,Apparel,5,1431.59
S2514,2025-03-21,Lambton,Wellington,Grocery,12,1963.64
S2515,2025-02-08,Queen St,Auckland,Home,3,227.83
S2516,2025-04-27,Hamilton Central,Waikato,Electronics,3,52.76
S2517,2025-08-01,George St,Otago,Grocery,5,1038.81
S2518,2025-05-10,Hamilton Central,Waikato,Home,9,752.65
S2519,2025-05-26,Queen St,Auckland,Grocery,5,1373.11
S2520,2025-09-12,Queen St,Auckland,Grocery,6,1447.82
S2521,2025-12-18,Queen St,Auckland,Beauty,3,387.63
S2522,2025-04-26,George St,Otago,Grocery,6,1266.04
S2523,2025-04-08,Riccarton,Canterbury,Electronics,6,1457.8
S2524,2025-01-20,Queen St,Auckland,Apparel,2,408.73
S2525,2025-06-09,Riccarton,Canterbury,Beauty,10,1140.03
S2526,2025-05-15,Riccarton,Canterbury,Beauty,1,69.07
S2527,2025-06-28,George St,Otago,Grocery,12,635.45
S2528,2025-05-03,Lambton,Wellington,Electronics,3,510.3
S2529,2025-06-21,Lambton,Wellington,Electronics,8,1141.84
S2530,2025-08-24,Lambton,Wellington,Electronics,7,1933.06
S2531,2025-01-21,Riccarton,Canterbury,Home,11,1652.83
S2532,2025-05-22,Hamilton Central,Waikato,Grocery,9,217.31
S2533,2025-10-10,Riccarton,Canterbury,Beauty,3,154.93
S2534,2025-06-27,Hamilton Central,Waikato,Grocery,10,2667.35
S2535,2025-05-08,George St,Otago,Beauty,10,530.77
S2536,2025-07-27,Riccarton,Canterbury,Beauty,3,887.3
S2537,2025-07-25,Hamilton Central,Waikato,Apparel,9,936.05
S2538,2025-08-03,George St,Otago,Beauty,3,514.85
S2539,2025-03-04,Queen St,Auckland,Home,3,717.59
S2540,2025-01-14,Queen St,Auckland,Apparel,3,767.79
S2541,2025-08-14,George St,Otago,Beauty,11,2120.49
S2542,2025-08-21,Hamilton Central,Waikato,Electronics,12,3555.38
S2543,2025-10-25,George St,Otago,Beauty,4,837.55
S2544,2025-06-27,Riccarton,Canterbury,Electronics,4,661.26
S2545,2025-07-03,Queen St,Auckland,Apparel,6,1379.1
S2546,2025-11-25,Riccarton,Canterbury,Electronics,2,376.15
S2547,2025-09-19,Lambton,Wellington,Beauty,1,79.83
S2548,2025-10-17,Hamilton Central,Waikato,Home,7,995.22
S2549,2025-04-02,George St,Otago,Apparel,10,508.02
S2550,2025-04-25,Lambton,Wellington,Apparel,4,822.51
S2551,2025-03-28,George St,Otago,Beauty,6,302.12
S2552,2025-09-20,Riccarton,Canterbury,Home,6,1743.58
S2553,2025-09-17,Queen St,Auckland,Electronics,1,213.34
S2554,2025-06-20,Queen St,Auckland,Beauty,10,562.51
S2555,2025-04-23,Riccarton,Canterbury,Home,1,191.0
S2556,2025-02-20,Hamilton Central,Waikato,Electronics,9,1587.53
S2557,2025-06-05,George St,Otago,Home,2,406.01
S2558,2025-01-04,George St,Otago,Electronics,9,1358.33
S2559,2025-01-20,Hamilton Central,Waikato,Electronics,12,1301.55
S2560,2025-01-10,Riccarton,Canterbury,Grocery,12,2390.37
S2561,2025-11-01,Lambton,Wellington,Grocery,11,757.68
S2562,2025-02-11,Queen St,Auckland,Home,11,3126.61
S2563,2025-10-27,George St,Otago,Beauty,8,1160.17
S2564,2025-12-16,Hamilton Central,Waikato,Apparel,6,465.67
S2565,2025-12-05,Hamilton Central,Waikato,Beauty,11,1729.21
S2566,2025-11-12,Queen St,Auckland,Grocery,3,214.04
S2567,2025-02-25,Queen St,Auckland,Grocery,4,181.08
S2568,2025-10-23,George St,Otago,Electronics,3,886.84
S2569,2025-12-20,Hamilton Central,Waikato,Electronics,3,496.13
S2570,2025-12-15,Riccarton,Canterbury,Grocery,10,1863.32
S2571,2025-09-04,Lambton,Wellington,Home,9,1431.38
S2572,2025-06-16,George St,Otago,Beauty,1,186.97
S2573,2025-04-16,George St,Otago,Apparel,7,197.55
S2574,2025-05-26,Queen St,Auckland,Electronics,9,1489.67
S2575,2025-11-09,Lambton,Wellington,Apparel,10,2103.94
S2576,2025-02-26,George St,Otago,Beauty,12,651.89
S2577,2025-05-09,Riccarton,Canterbury,Apparel,5,1062.57
S2578,2025-05-22,George St,Otago,Beauty,6,1401.96
S2579,2025-02-07,Hamilton Central,Waikato,Beauty,2,107.92
S2580,2025-06-16,Queen St,Auckland,Grocery,1,209.52
S2581,2025-06-01,George St,Otago,Grocery,3,320.75
S2582,2025-01-16,Queen St,Auckland,Apparel,10,2245.6
S2583,2025-02-07,Queen St,Auckland,Home,3,843.5
S2584,2025-07-02,Lambton,Wellington,Electronics,9,162.07
S2585,2025-09-10,Hamilton Central,Waikato,Electronics,2,451.42
S2586,2025-10-19,Lambton,Wellington,Apparel,9,2192.95
S2587,2025-12-19,Riccarton,Canterbury,Grocery,9,2224.72
S2588,2025-07-07,Hamilton Central,Waikato,Grocery,2,319.8
S2589,2025-06-10,Lambton,Wellington,Apparel,4,962.27
S2590,2025-07-23,Hamilton Central,Waikato,Apparel,11,434.44
S2591,2025-10-12,Lambton,Wellington,Beauty,3,115.21
S2592,2025-02-25,Hamilton Central,Waikato,Electronics,9,1201.86
S2593,2025-11-28,Riccarton,Canterbury,Apparel,12,469.96
S2594,2025-10-24,Queen St,Auckland,Beauty,11,2622.39
S2595,2025-08-14,Riccarton,Canterbury,Grocery,6,365.16
S2596,2025-11-02,Queen St,Auckland,Apparel,3,244.06
S2597,2025-11-16,Hamilton Central,Waikato,Home,6,1747.29
S2598,2025-11-06,Hamilton Central,Waikato,Home,5,866.11
S2599,2025-04-13,Riccarton,Canterbury,Grocery,5,546.54
S2600,2025-10-01,Hamilton Central,Waikato,Electronics,3,392.67
S2601,2025-07-19,Riccarton,Canterbury,Grocery,4,680.7
S2602,2025-05-07,Lambton,Wellington,Beauty,2,348.92
S2603,2025-08-14,Hamilton Central,Waikato,Apparel,5,1009.73
S2604,2025-01-27,Hamilton Central,Waikato,Beauty,5,1006.93
S2605,2025-12-23,Riccarton,Canterbury,Grocery,2,568.68
S2606,2025-08-14,Lambton,Wellington,Home,9,1455.44
S2607,2025-09-22,Riccarton,Canterbury,Grocery,7,1411.34
S2608,2025-10-11,George St,Otago,Beauty,10,2422.84
S2609,2025-09-03,Queen St,Auckland,Grocery,10,2288.41
S2610,2025-07-18,Hamilton Central,Waikato,Beauty,12,932.26
S2611,2025-10-01,George St,Otago,Electronics,8,176.84
S2612,2025-10-18,Lambton,Wellington,Grocery,3,76.87
S2613,2025-04-07,Riccarton,Canterbury,Apparel,10,462.23
S2614,2025-06-06,Queen St,Auckland,Apparel,9,2063.01
S2615,2025-11-05,Hamilton Central,Waikato,Beauty,2,148.12
S2616,2025-10-19,George St,Otago,Electronics,8,1571.19
S2617,2025-03-01,George St,Otago,Home,2,281.62
S2618,2025-05-14,Riccarton,Canterbury,Electronics,8,2114.95
S2619,2025-10-10,George St,Otago,Beauty,10,2345.78
S2620,2025-02-23,Riccarton,Canterbury,Beauty,7,971.8
S2621,2025-10-10,Queen St,Auckland,Home,5,51.13
S2622,2025-03-24,Lambton,Wellington,Beauty,11,1094.8
S2623,2025-02-02,George St,Otago,Home,5,502.24
S2624,2025-07-08,Lambton,Wellington,Home,9,1737.72
S2625,2025-12-01,Riccarton,Canterbury,Electronics,12,3013.27
S2626,2025-01-06,Hamilton Central,Waikato,Beauty,6,1199.28
S2627,2025-08-03,Lambton,Wellington,Electronics,11,357.24
S2628,2025-10-07,Riccarton,Canterbury,Electronics,10,1094.1
S2629,2025-01-06,George St,Otago,Grocery,10,865.61
S2630,2025-04-08,Queen St,Auckland,Home,1,54.7
S2631,2025-07-23,Hamilton Central,Waikato,Grocery,8,2079.09
S2632,2025-03-08,Hamilton Central,Waikato,Home,12,2814.27
S2633,2025-11-03,Lambton,Wellington,Apparel,10,1079.38
S2634,2025-05-04,George St,Otago,Grocery,11,2149.37
S2635,2025-06-08,Hamilton Central,Waikato,Electronics,3,746.17
S2636,2025-10-17,Lambton,Wellington,Electronics,4,108.91
S2637,2025-10-18,Riccarton,Canterbury,Home,12,3387.0
S2638,2025-01-06,Queen St,Auckland,Grocery,2,355.46
S2639,2025-11-12,George St,Otago,Apparel,4,352.75
S2640,2025-03-25,Queen St,Auckland,Electronics,5,356.94
S2641,2025-01-02,Lambton,Wellington,Home,6,1606.79
S2642,2025-04-09,Hamilton Central,Waikato,Grocery,10,1418.27
S2643,2025-02-17,George St,Otago,Beauty,5,1118.58
S2644,2025-08-17,Lambton,Wellington,Home,5,1228.56
S2645,2025-10-17,Riccarton,Canterbury,Beauty,11,1338.33
S2646,2025-01-08,Hamilton Central,Waikato,Beauty,9,687.91
S2647,2025-07-09,Riccarton,Canterbury,Grocery,8,218.07
S2648,2025-01-28,Lambton,Wellington,Grocery,1,130.29
S2649,2025-09-22,Queen St,Auckland,Home,8,2252.51
S2650,2025-06-23,George St,Otago,Beauty,2,585.48
S2651,2025-09-06,George St,Otago,Home,5,343.64
S2652,2025-07-23,Riccarton,Canterbury,Electronics,10,489.33
S2653,2025-09-18,Hamilton Central,Waikato,Home,12,203.45
S2654,2025-10-17,Queen St,Auckland,Apparel,9,2552.86
S2655,2025-11-16,George St,Otago,Electronics,11,430.39
S2656,2025-11-24,George St,Otago,Home,11,532.22
S2657,2025-01-09,George St,Otago,Grocery,7,1034.08
S2658,2025-08-17,George St,Otago,Home,7,1370.47
S2659,2025-06-13,Lambton,Wellington,Home,7,1651.42
S2660,2025-06-03,George St,Otago,Apparel,12,2062.67
S2661,2025-08-17,Riccarton,Canterbury,Home,5,1331.45
S2662,2025-08-08,Queen St,Auckland,Home,7,1111.78
S2663,2025-08-09,Hamilton Central,Waikato,Home,5,906.23
S2664,2025-09-27,Queen St,Auckland,Beauty,9,1080.16
S2665,2025-06-11,Hamilton Central,Waikato,Home,5,1335.63
S2666,2025-01-19,George St,Otago,Beauty,6,628.55
S2667,2025-07-04,Hamilton Central,Waikato,Beauty,11,952.03
S2668,2025-03-21,Hamilton Central,Waikato,Electronics,7,1075.75
S2669,2025-05-26,Hamilton Central,Waikato,Electronics,9,1199.0
S2670,2025-12-21,George St,Otago,Beauty,8,247.01
S2671,2025-05-21,Queen St,Auckland,Electronics,12,3322.99
S2672,2025-12-05,George St,Otago,Electronics,8,1024.59
S2673,2025-08-11,Lambton,Wellington,Home,12,146.73
S2674,2025-07-10,Queen St,Auckland,Grocery,10,455.96
S2675,2025-03-10,George St,Otago,Beauty,11,2756.6
S2676,2025-12-08,Lambton,Wellington,Apparel,8,1753.66
S2677,2025-08-22,Queen St,Auckland,Beauty,12,1151.29
S2678,2025-07-19,George St,Otago,Apparel,6,1209.12
S2679,2025-12-18,Hamilton Central,Waikato,Apparel,5,500.15
S2680,2025-05-06,Riccarton,Canterbury,Home,12,1670.68
S2681,2025-02-15,Hamilton Central,Waikato,Beauty,5,440.89
S2682,2025-01-10,George St,Otago,Electronics,2,451.97
S2683,2025-06-24,Riccarton,Canterbury,Electronics,9,2137.79
S2684,2025-02-13,Queen St,Auckland,Apparel,12,2738.45
S2685,2025-03-18,Hamilton Central,Waikato,Beauty,5,218.21
S2686,2025-02-07,Hamilton Central,Waikato,Beauty,5,1386.53
S2687,2025-01-26,Riccarton,Canterbury,Electronics,12,2204.96
S2688,2025-12-21,Queen St,Auckland,Electronics,7,518.05
S2689,2025-04-05,George St,Otago,Apparel,7,376.02
S2690,2025-02-14,Lambton,Wellington,Beauty,5,1120.81
S2691,2025-09-21,Queen St,Auckland,Home,5,1045.04
S2692,2025-11-16,George St,Otago,Grocery,4,328.98
S2693,2025-08-03,Lambton,Wellington,Electronics,10,2408.54
S2694,2025-11-14,Hamilton Central,Waikato,Beauty,9,544.31
S2695,2025-11-25,Lambton,Wellington,Electronics,10,1735.57
S2696,2025-07-21,Hamilton Central,Waikato,Grocery,2,532.68
S2697,2025-11-16,Lambton,Wellington,Apparel,2,469.08
S2698,2025-03-11,Queen St,Auckland,Electronics,1,216.8
S2699,2025-10-05,Lambton,Wellington,Electronics,12,2807.11
S2700,2025-10-26,Lambton,Wellington,Grocery,5,1092.33
S2701,2025-10-11,Lambton,Wellington,Electronics,9,1963.15
S2702,2025-07-14,Queen St,Auckland,Beauty,7,1817.42
S2703,2025-02-06,Lambton,Wellington,Beauty,11,1126.78
S2704,2025-03-27,George St,Otago,Home,11,2228.3
S2705,2025-05-26,Lambton,Wellington,Apparel,9,563.78
S2706,2025-07-13,George St,Otago,Electronics,8,311.86
S2707,2025-02-06,George St,Otago,Grocery,1,209.8
S2708,2025-12-22,George St,Otago,Electronics,10,1536.4
S2709,2025-02-04,Riccarton,Canterbury,Grocery,7,471.78
S2710,2025-08-09,George St,Otago,Beauty,5,443.58
S2711,2025-04-24,Queen St,Auckland,Apparel,10,327.05
S2712,2025-04-06,George St,Otago,Home,2,362.26
S2713,2025-05-16,George St,Otago,Grocery,7,310.75
S2714,2025-07-23,Lambton,Wellington,Apparel,1,124.99
S2715,2025-05-28,Queen St,Auckland,Beauty,12,3266.53
S2716,2025-09-09,George St,Otago,Apparel,9,448.94
S2717,2025-04-01,Riccarton,Canterbury,Home,12,2887.34
S2718,2025-08-24,Lambton,Wellington,Apparel,8,215.96
S2719,2025-07-26,Riccarton,Canterbury,Grocery,7,1057.85
S2720,2025-07-09,Queen St,Auckland,Beauty,3,878.03
S2721,2025-03-13,Queen St,Auckland,Electronics,9,2393.93
S2722,2025-04-19,Riccarton,Canterbury,Electronics,10,390.95
S2723,2025-09-04,Queen St,Auckland,Grocery,11,1400.64
S2724,2025-07-10,George St,Otago,Home,7,712.25
S2725,2025-04-25,Lambton,Wellington,Grocery,5,52.07
S2726,2025-06-08,Hamilton Central,Waikato,Apparel,2,530.51
S2727,2025-04-26,Queen St,Auckland,Home,10,1018.33
S2728,2025-12-07,Queen St,Auckland,Beauty,8,2126.84
S2729,2025-08-26,Queen St,Auckland,Beauty,7,598.53
S2730,2025-05-19,Queen St,Auckland,Grocery,3,138.46
S2731,2025-11-19,Queen St,Auckland,Apparel,4,615.49
S2732,2025-08-24,Hamilton Central,Waikato,Beauty,2,66.11
S2733,2025-04-24,Queen St,Auckland,Electronics,6,815.22
S2734,2025-02-20,Queen St,Auckland,Beauty,3,747.58
S2735,2025-07-11,Riccarton,Canterbury,Home,1,33.76
S2736,2025-04-24,George St,Otago,Home,4,612.05
S2737,2025-04-27,Queen St,Auckland,Electronics,11,682.56
S2738,2025-06-18,Queen St,Auckland,Home,7,1098.68
S2739,2025-10-11,Riccarton,Canterbury,Home,3,128.94
S2740,2025-05-06,Lambton,Wellington,Home,10,2129.9
S2741,2025-06-25,Queen St,Auckland,Electronics,7,833.2
S2742,2025-09-26,George St,Otago,Beauty,11,2602.0
S2743,2025-03-20,Riccarton,Canterbury,Home,6,347.88
S2744,2025-06-11,George St,Otago,Grocery,9,890.43
S2745,2025-01-04,Lambton,Wellington,Beauty,3,707.73
S2746,2025-10-03,Hamilton Central,Waikato,Beauty,2,595.63
S2747,2025-08-07,Lambton,Wellington,Home,3,693.42
S2748,2025-11-02,George St,Otago,Home,6,1736.5
S2749,2025-06-15,Lambton,Wellington,Beauty,6,1573.01
S2750,2025-02-05,Lambton,Wellington,Apparel,10,1955.51
S2751,2025-12-07,George St,Otago,Electronics,10,2218.57
S2752,2025-02-09,George St,Otago,Electronics,4,252.11
S2753,2025-04-20,Lambton,Wellington,Home,11,2825.69
S2754,2025-12-22,Hamilton Central,Waikato,Beauty,3,567.41
S2755,2025-05-12,George St,Otago,Beauty,6,1773.46
S2756,2025-03-21,Hamilton Central,Waikato,Home,9,2068.52
S2757,2025-11-21,Lambton,Wellington,Electronics,4,629.23
S2758,2025-11-24,Hamilton Central,Waikato,Beauty,6,1243.05
S2759,2025-11-01,Queen St,Auckland,Beauty,2,102.69
S2760,2025-06-16,George St,Otago,Electronics,8,1045.77
S2761,2025-12-08,Hamilton Central,Waikato,Beauty,5,453.39
S2762,2025-06-11,Lambton,Wellington,Electronics,4,829.49
S2763,2025-02-02,Queen St,Auckland,Beauty,7,547.13
S2764,2025-03-17,Riccarton,Canterbury,Home,4,68.88
S2765,2025-02-22,Riccarton,Canterbury,Home,8,298.06
S2766,2025-06-25,George St,Otago,Electronics,12,1743.18
S2767,2025-06-15,Queen St,Auckland,Apparel,3,783.69
S2768,2025-05-09,Queen St,Auckland,Grocery,2,419.41
S2769,2025-12-18,Queen St,Auckland,Beauty,11,932.55
S2770,2025-07-08,Hamilton Central,Waikato,Apparel,6,697.46
S2771,2025-01-10,Queen St,Auckland,Grocery,7,247.08
S2772,2025-10-13,Riccarton,Canterbury,Apparel,8,205.29
S2773,2025-04-28,George St,Otago,Electronics,4,754.02
S2774,2025-01-04,Hamilton Central,Waikato,Grocery,7,1019.92
S2775,2025-02-26,Hamilton Central,Waikato,Apparel,7,769.53
S2776,2025-02-15,Queen St,Auckland,Home,12,3031.08
S2777,2025-05-24,Queen St,Auckland,Electronics,1,288.87
S2778,2025-02-26,Queen St,Auckland,Electronics,1,132.14
S2779,2025-02-08,Lambton,Wellington,Grocery,6,836.24
S2780,2025-03-18,Lambton,Wellington,Electronics,4,398.74
S2781,2025-05-14,Queen St,Auckland,Home,1,187.55
S2782,2025-01-12,Riccarton,Canterbury,Beauty,12,2887.58
S2783,2025-10-27,Riccarton,Canterbury,Electronics,9,1348.26
S2784,2025-10-11,Hamilton Central,Waikato,Electronics,11,155.48
S2785,2025-02-28,Hamilton Central,Waikato,Apparel,9,145.56
S2786,2025-01-01,Riccarton,Canterbury,Beauty,8,1550.23
S2787,2025-05-13,Riccarton,Canterbury,Beauty,1,285.16
S2788,2025-02-25,Hamilton Central,Waikato,Electronics,10,1568.86
S2789,2025-01-21,Hamilton Central,Waikato,Home,10,2693.42
S2790,2025-11-20,Riccarton,Canterbury,Home,8,237.6
S2791,2025-12-08,George St,Otago,Beauty,10,324.18
S2792,2025-06-03,Queen St,Auckland,Electronics,8,518.64
S2793,2025-04-10,Lambton,Wellington,Apparel,7,1671.13
S2794,2025-02-17,Lambton,Wellington,Home,11,2128.27
S2795,2025-02-25,Riccarton,Canterbury,Beauty,11,1577.03
S2796,2025-04-13,Riccarton,Canterbury,Electronics,1,154.86
S2797,2025-03-16,Riccarton,Canterbury,Grocery,2,265.11
S2798,2025-12-26,George St,Otago,Beauty,6,1701.59
S2799,2025-02-21,Queen St,Auckland,Grocery,2,201.83
S2800,2025-04-21,Hamilton Central,Waikato,Beauty,2,418.04
S2801,2025-09-09,Lambton,Wellington,Apparel,1,72.2
S2802,2025-09-06,Hamilton Central,Waikato,Apparel,12,286.29
S2803,2025-10-03,Queen St,Auckland,Home,9,2545.52
S2804,2025-04-04,George St,Otago,Apparel,2,26.68
S2805,2025-01-19,George St,Otago,Grocery,1,29.37
S2806,2025-09-26,George St,Otago,Home,3,863.45
S2807,2025-11-19,George St,Otago,Electronics,2,316.13
S2808,2025-05-05,George St,Otago,Electronics,7,1106.63
S2809,2025-04-23,Riccarton,Canterbury,Apparel,1,92.79
S2810,2025-01-14,Hamilton Central,Waikato,Home,4,572.33
S2811,2025-04-11,Riccarton,Canterbury,Home,11,3093.36
S2812,2025-03-24,Riccarton,Canterbury,Home,6,1622.68
S2813,2025-05-05,Hamilton Central,Waikato,Apparel,12,1459.89
S2814,2025-04-27,Riccarton,Canterbury,Home,5,340.86
S2815,2025-04-12,Queen St,Auckland,Apparel,12,841.13
S2816,2025-09-28,Hamilton Central,Waikato,Electronics,4,420.88
S2817,2025-02-11,Queen St,Auckland,Home,11,2434.7
S2818,2025-02-19,George St,Otago,Grocery,7,2094.25
S2819,2025-04-26,Lambton,Wellington,Electronics,12,1199.02
S2820,2025-05-22,Riccarton,Canterbury,Apparel,9,592.05
S2821,2025-09-02,Hamilton Central,Waikato,Grocery,4,1096.83
S2822,2025-05-28,Riccarton,Canterbury,Electronics,4,641.04
S2823,2025-10-11,Hamilton Central,Waikato,Apparel,8,109.76
S2824,2025-03-05,Queen St,Auckland,Home,4,751.73
S2825,2025-12-24,Riccarton,Canterbury,Electronics,8,1506.73
S2826,2025-04-22,Queen St,Auckland,Grocery,2,580.66
S2827,2025-11-04,Lambton,Wellington,Beauty,7,2092.59
S2828,2025-02-14,Riccarton,Canterbury,Grocery,3,492.35
S2829,2025-08-11,George St,Otago,Beauty,3,327.12
S2830,2025-03-15,Queen St,Auckland,Apparel,8,2256.36
S2831,2025-12-22,Riccarton,Canterbury,Grocery,5,539.63
S2832,2025-01-01,Hamilton Central,Waikato,Home,9,1957.36
S2833,2025-08-04,Hamilton Central,Waikato,Apparel,1,216.54
S2834,2025-07-18,Queen St,Auckland,Beauty,4,527.0
S2835,2025-06-06,George St,Otago,Apparel,5,921.97
S2836,2025-01-24,Riccarton,Canterbury,Electronics,6,1016.63
S2837,2025-11-18,Lambton,Wellington,Home,6,1196.01
S2838,2025-07-23,Queen St,Auckland,Apparel,4,98.76
S2839,2025-04-08,Queen St,Auckland,Apparel,12,2573.23
S2840,2025-05-14,Queen St,Auckland,Home,9,950.88
S2841,2025-03-26,Hamilton Central,Waikato,Electronics,8,835.17
S2842,2025-06-25,Hamilton Central,Waikato,Apparel,10,556.51
S2843,2025-11-14,Queen St,Auckland,Electronics,6,412.33
S2844,2025-10-15,Queen St,Auckland,Apparel,2,597.83
S2845,2025-04-16,Riccarton,Canterbury,Beauty,9,376.12
S2846,2025-11-09,Hamilton Central,Waikato,Home,7,1845.27
S2847,2025-07-05,George St,Otago,Electronics,12,1580.14
S2848,2025-12-24,Hamilton Central,Waikato,Home,4,823.87
S2849,2025-03-23,Hamilton Central,Waikato,Electronics,7,753.74
S2850,2025-11-11,Hamilton Central,Waikato,Home,1,245.89
S2851,2025-11-21,Lambton,Wellington,Grocery,10,1308.74
S2852,2025-01-19,Riccarton,Canterbury,Beauty,1,274.13
S2853,2025-06-03,Hamilton Central,Waikato,Grocery,10,2019.51
S2854,2025-05-14,Riccarton,Canterbury,Home,6,486.25
S2855,2025-08-07,George St,Otago,Electronics,3,333.86
S2856,2025-08-14,Lambton,Wellington,Electronics,12,3565.99
S2857,2025-01-19,Lambton,Wellington,Home,3,863.04
S2858,2025-04-23,Queen St,Auckland,Beauty,9,232.05
S2859,2025-06-18,Hamilton Central,Waikato,Home,12,2409.67
S2860,2025-05-17,Queen St,Auckland,Apparel,5,395.72
S2861,2025-11-27,Lambton,Wellington,Home,1,71.15
S2862,2025-09-23,Hamilton Central,Waikato,Grocery,3,575.94
S2863,2025-07-25,George St,Otago,Beauty,1,195.99
S2864,2025-08-24,George St,Otago,Home,5,783.77
S2865,2025-10-11,Riccarton,Canterbury,Electronics,5,589.43
S2866,2025-04-21,Lambton,Wellington,Electronics,5,216.5
S2867,2025-07-24,George St,Otago,Apparel,8,798.46
S2868,2025-02-01,Queen St,Auckland,Grocery,7,1255.16
S2869,2025-01-04,George St,Otago,Home,10,862.46
S2870,2025-10-11,George St,Otago,Beauty,10,1481.51
S2871,2025-07-16,Queen St,Auckland,Beauty,7,94.42
S2872,2025-12-02,Riccarton,Canterbury,Home,11,1578.67
S2873,2025-03-09,Hamilton Central,Waikato,Grocery,12,1386.76
S2874,2025-09-07,George St,Otago,Grocery,6,755.5
S2875,2025-03-26,Lambton,Wellington,Beauty,3,152.26
S2876,2025-04-09,Lambton,Wellington,Apparel,10,2258.24
S2877,2025-02-28,Queen St,Auckland,Apparel,11,1883.05
S2878,2025-08-10,Riccarton,Canterbury,Electronics,5,1397.27
S2879,2025-07-13,Riccarton,Canterbury,Grocery,5,608.15
S2880,2025-09-26,Riccarton,Canterbury,Electronics,8,321.26
S2881,2025-08-24,Riccarton,Canterbury,Electronics,5,694.82
S2882,2025-09-05,Lambton,Wellington,Grocery,11,2600.44
S2883,2025-12-21,Queen St,Auckland,Apparel,12,2924.65
S2884,2025-03-24,Hamilton Central,Waikato,Home,3,94.89
S2885,2025-04-20,George St,Otago,Home,4,169.86
S2886,2025-03-14,Riccarton,Canterbury,Home,3,450.79
S2887,2025-07-03,George St,Otago,Grocery,8,2130.02
S2888,2025-12-04,George St,Otago,Grocery,12,2460.18
S2889,2025-02-14,Riccarton,Canterbury,Home,9,2013.69
S2890,2025-04-04,Queen St,Auckland,Apparel,1,68.19
S2891,2025-01-09,George St,Otago,Home,11,2962.06
S2892,2025-03-17,Queen St,Auckland,Electronics,2,128.38
S2893,2025-11-27,Queen St,Auckland,Home,10,531.04
S2894,2025-01-08,George St,Otago,Apparel,10,2172.53
S2895,2025-12-28,Queen St,Auckland,Home,2,112.7
S2896,2025-12-26,George St,Otago,Grocery,7,1543.42
S2897,2025-09-27,Queen St,Auckland,Grocery,1,207.16
S2898,2025-06-05,Hamilton Central,Waikato,Apparel,8,904.89
S2899,2025-10-28,Queen St,Auckland,Grocery,8,111.5
S2900,2025-06-11,Lambton,Wellington,Beauty,2,253.54
S2901,2025-09-13,Hamilton Central,Waikato,Apparel,5,536.03
S2902,2025-12-04,George St,Otago,Grocery,9,460.09
S2903,2025-07-07,Hamilton Central,Waikato,Electronics,7,855.21
S2904,2025-07-23,George St,Otago,Electronics,7,1681.54
S2905,2025-11-08,Lambton,Wellington,Home,12,2296.75
S2906,2025-07-06,Riccarton,Canterbury,Apparel,1,165.45
S2907,2025-01-24,Hamilton Central,Waikato,Grocery,9,524.2
S2908,2025-06-08,Lambton,Wellington,Home,9,198.37
S2909,2025-10-03,Hamilton Central,Waikato,Electronics,5,630.1
S2910,2025-01-23,George St,Otago,Home,7,1483.61
S2911,2025-09-27,Queen St,Auckland,Electronics,12,2616.28
S2912,2025-10-10,Lambton,Wellington,Home,7,624.36
S2913,2025-03-03,Queen St,Auckland,Apparel,5,539.05
S2914,2025-08-20,George St,Otago,Electronics,3,694.51
S2915,2025-01-11,Lambton,Wellington,Home,8,502.84
S2916,2025-12-23,Riccarton,Canterbury,Apparel,1,237.01
S2917,2025-09-08,George St,Otago,Beauty,8,2063.39
S2918,2025-01-09,Lambton,Wellington,Electronics,1,29.67
S2919,2025-11-19,George St,Otago,Home,10,2690.88
S2920,2025-08-02,Queen St,Auckland,Home,1,159.07
S2921,2025-03-14,George St,Otago,Beauty,5,418.97
S2922,2025-06-11,Hamilton Central,Waikato,Electronics,9,480.27
S2923,2025-05-04,Lambton,Wellington,Apparel,9,2542.42
S2924,2025-07-26,Queen St,Auckland,Electronics,12,883.98
S2925,2025-03-21,Riccarton,Canterbury,Beauty,5,308.94
S2926,2025-05-16,Queen St,Auckland,Apparel,4,341.29
S2927,2025-05-06,Lambton,Wellington,Grocery,7,1374.9
S2928,2025-07-22,Riccarton,Canterbury,Apparel,6,510.44
S2929,2025-03-04,Hamilton Central,Waikato,Apparel,3,425.55
S2930,2025-11-01,George St,Otago,Apparel,5,1437.31
S2931,2025-05-03,George St,Otago,Apparel,7,1036.93
S2932,2025-08-21,Riccarton,Canterbury,Electronics,9,2594.8
S2933,2025-07-01,Hamilton Central,Waikato,Home,3,603.06
S2934,2025-08-11,Lambton,Wellington,Apparel,11,3141.28
S2935,2025-01-23,George St,Otago,Home,6,847.56
S2936,2025-10-28,Queen St,Auckland,Beauty,6,599.94
S2937,2025-02-08,Hamilton Central,Waikato,Electronics,1,230.81
S2938,2025-02-09,Hamilton Central,Waikato,Electronics,1,156.93
S2939,2025-10-19,George St,Otago,Apparel,2,69.41
S2940,2025-10-24,Lambton,Wellington,Electronics,2,471.3
S2941,2025-02-01,Lambton,Wellington,Apparel,8,162.38
S2942,2025-01-04,Hamilton Central,Waikato,Apparel,8,2000.48
S2943,2025-08-14,Lambton,Wellington,Apparel,1,257.55
S2944,2025-05-04,Riccarton,Canterbury,Apparel,6,1242.97
S2945,2025-07-19,Lambton,Wellington,Home,5,124.1
S2946,2025-11-18,Queen St,Auckland,Electronics,9,807.12
S2947,2025-05-18,Lambton,Wellington,Grocery,3,707.52
S2948,2025-11-20,George St,Otago,Beauty,12,2051.52
S2949,2025-06-16,Hamilton Central,Waikato,Home,3,364.61
S2950,2025-03-03,Lambton,Wellington,Beauty,11,1211.54
S2951,2025-05-05,George St,Otago,Home,3,732.1
S2952,2025-02-11,Riccarton,Canterbury,Grocery,6,1311.83
S2953,2025-04-08,Queen St,Auckland,Apparel,8,1340.6
S2954,2025-09-28,Hamilton Central,Waikato,Grocery,6,1326.4
S2955,2025-07-16,Hamilton Central,Waikato,Apparel,8,1482.45
S2956,2025-04-13,Riccarton,Canterbury,Home,4,594.91
S2957,2025-08-27,Hamilton Central,Waikato,Electronics,2,347.05
S2958,2025-02-10,George St,Otago,Electronics,2,396.6
S2959,2025-07-26,Hamilton Central,Waikato,Electronics,10,983.01
S2960,2025-03-01,Hamilton Central,Waikato,Electronics,10,147.7
S2961,2025-01-07,Queen St,Auckland,Home,12,1992.46
S2962,2025-11-18,George St,Otago,Home,5,565.76
S2963,2025-12-12,Riccarton,Canterbury,Home,11,1339.17
S2964,2025-09-14,Hamilton Central,Waikato,Apparel,10,2842.84
S2965,2025-12-26,Riccarton,Canterbury,Apparel,2,314.65
S2966,2025-09-15,Queen St,Auckland,Apparel,5,729.22
S2967,2025-02-08,Hamilton Central,Waikato,Electronics,7,1912.69
S2968,2025-10-24,George St,Otago,Apparel,6,299.56
S2969,2025-09-02,George St,Otago,Apparel,9,1348.78
S2970,2025-05-23,Queen St,Auckland,Electronics,8,2394.46
S2971,2025-10-15,Riccarton,Canterbury,Home,9,850.05
S2972,2025-02-05,Hamilton Central,Waikato,Home,8,2372.86
S2973,2025-09-09,Riccarton,Canterbury,Electronics,1,179.94
S2974,2025-03-11,Riccarton,Canterbury,Apparel,3,753.57
S2975,2025-06-19,George St,Otago,Electronics,1,68.78
S2976,2025-02-04,Riccarton,Canterbury,Electronics,7,1942.3
S2977,2025-08-21,Queen St,Auckland,Grocery,5,428.63
S2978,2025-06-28,Hamilton Central,Waikato,Home,10,2231.02
S2979,2025-11-11,Hamilton Central,Waikato,Grocery,5,543.14
S2980,2025-11-12,Queen St,Auckland,Apparel,2,582.6
S2981,2025-10-27,Riccarton,Canterbury,Beauty,5,248.79
S2982,2025-12-27,Lambton,Wellington,Electronics,11,979.61
S2983,2025-03-13,Riccarton,Canterbury,Electronics,8,1338.86
S2984,2025-03-23,Lambton,Wellington,Home,1,216.86
S2985,2025-08-24,Lambton,Wellington,Home,5,708.5
S2986,2025-07-10,Lambton,Wellington,Electronics,3,741.88
S2987,2025-10-06,George St,Otago,Grocery,11,1512.43
S2988,2025-10-27,Hamilton Central,Waikato,Electronics,12,1891.72
S2989,2025-04-19,Hamilton Central,Waikato,Apparel,10,1224.21
S2990,2025-12-08,Hamilton Central,Waikato,Apparel,6,494.22
S2991,2025-11-16,Queen St,Auckland,Beauty,5,1048.1
S2992,2025-02-04,Hamilton Central,Waikato,Apparel,11,2686.58
S2993,2025-09-16,Queen St,Auckland,Beauty,12,537.44
S2994,2025-12-12,George St,Otago,Beauty,1,227.58
S2995,2025-02-02,Queen St,Auckland,Apparel,9,1181.77
S2996,2025-10-07,Lambton,Wellington,Electronics,11,2760.65
S2997,2025-03-02,Riccarton,Canterbury,Electronics,6,1707.74
S2998,2025-02-17,Lambton,Wellington,Beauty,11,1693.26
S2999,2025-07-15,Queen St,Auckland,Home,7,814.56
S3000,2025-06-22,Lambton,Wellington,Grocery,11,2380.89
S3001,2025-10-12,Hamilton Central,Waikato,Grocery,9,2470.59
S3002,2025-02-19,George St,Otago,Beauty,12,1870.92
S3003,2025-12-17,George St,Otago,Apparel,5,534.03
S3004,2025-03-07,Lambton,Wellington,Home,4,787.69
S3005,2025-08-12,George St,Otago,Beauty,8,732.51
S3006,2025-03-15,Riccarton,Canterbury,Grocery,5,1105.05
S3007,2025-11-09,Hamilton Central,Waikato,Apparel,8,925.18
S3008,2025-11-14,Lambton,Wellington,Home,7,473.11
S3009,2025-04-27,Queen St,Auckland,Grocery,8,1243.91
S3010,2025-10-05,Hamilton Central,Waikato,Beauty,4,1116.48
S3011,2025-06-06,Hamilton Central,Waikato,Apparel,1,44.71
S3012,2025-02-11,Lambton,Wellington,Home,11,147.54
S3013,2025-10-17,George St,Otago,Beauty,2,520.4
S3014,2025-03-13,Riccarton,Canterbury,Beauty,10,2219.53
S3015,2025-04-26,Hamilton Central,Waikato,Grocery,1,91.19
S3016,2025-08-05,Riccarton,Canterbury,Apparel,11,1338.94
S3017,2025-10-12,Riccarton,Canterbury,Home,6,1694.73
S3018,2025-11-12,Lambton,Wellington,Apparel,10,420.62
S3019,2025-11-25,Lambton,Wellington,Electronics,10,1098.37
S3020,2025-07-02,Hamilton Central,Waikato,Apparel,2,581.09
S3021,2025-03-12,Riccarton,Canterbury,Home,5,223.86
S3022,2025-07-19,Riccarton,Canterbury,Grocery,9,1070.06
S3023,2025-04-25,George St,Otago,Beauty,3,695.34
S3024,2025-01-24,Hamilton Central,Waikato,Beauty,2,211.16
S3025,2025-05-23,Lambton,Wellington,Apparel,2,542.04
S3026,2025-05-16,Lambton,Wellington,Grocery,7,1241.9
S3027,2025-11-27,Hamilton Central,Waikato,Electronics,7,972.23
S3028,2025-12-16,George St,Otago,Apparel,8,1482.64
S3029,2025-06-23,George St,Otago,Home,6,1133.28
S3030,2025-05-08,Queen St,Auckland,Electronics,7,925.86
S3031,2025-06-01,Hamilton Central,Waikato,Apparel,2,470.47
S3032,2025-12-05,Lambton,Wellington,Grocery,3,407.77
S3033,2025-05-11,Hamilton Central,Waikato,Grocery,3,501.26
S3034,2025-05-03,George St,Otago,Grocery,7,1389.69
S3035,2025-02-02,Riccarton,Canterbury,Home,1,25.1
S3036,2025-05-11,Lambton,Wellington,Apparel,10,2334.38
S3037,2025-03-04,Riccarton,Canterbury,Electronics,5,768.4
S3038,2025-07-02,Riccarton,Canterbury,Grocery,9,2117.18
S3039,2025-05-01,Riccarton,Canterbury,Electronics,5,59.56
S3040,2025-10-06,Hamilton Central,Waikato,Beauty,6,920.0
S3041,2025-07-10,Riccarton,Canterbury,Apparel,6,141.76
S3042,2025-12-10,Queen St,Auckland,Apparel,2,487.61
S3043,2025-10-20,Riccarton,Canterbury,Apparel,1,113.22
S3044,2025-08-05,Hamilton Central,Waikato,Electronics,10,1500.7
S3045,2025-12-28,George St,Otago,Electronics,8,185.71
S3046,2025-05-27,Lambton,Wellington,Home,9,2614.34
S3047,2025-09-22,Hamilton Central,Waikato,Home,11,2733.77
S3048,2025-02-12,Lambton,Wellington,Apparel,9,1261.58
S3049,2025-03-10,Queen St,Auckland,Electronics,10,2501.29
S3050,2025-11-08,Queen St,Auckland,Beauty,6,513.62
S3051,2025-10-19,Hamilton Central,Waikato,Beauty,8,1521.17
S3052,2025-02-16,Riccarton,Canterbury,Home,2,26.11
S3053,2025-10-27,Queen St,Auckland,Apparel,2,286.05
S3054,2025-04-08,Queen St,Auckland,Grocery,4,671.69
S3055,2025-07-24,Hamilton Central,Waikato,Beauty,2,525.52
S3056,2025-12-26,George St,Otago,Electronics,8,660.39
S3057,2025-12-23,George St,Otago,Beauty,11,1729.72
S3058,2025-11-26,Lambton,Wellington,Home,8,579.85
S3059,2025-01-23,Lambton,Wellington,Apparel,11,2717.5
S3060,2025-12-10,Hamilton Central,Waikato,Grocery,8,1002.29
S3061,2025-10-26,Lambton,Wellington,Grocery,1,296.49
S3062,2025-02-28,Hamilton Central,Waikato,Home,1,260.2
S3063,2025-02-01,George St,Otago,Electronics,10,570.43
S3064,2025-08-08,Lambton,Wellington,Grocery,11,2582.49
S3065,2025-12-10,Queen St,Auckland,Home,8,1507.76
S3066,2025-08-01,George St,Otago,Electronics,7,1272.46
S3067,2025-09-19,Queen St,Auckland,Beauty,5,86.66
S3068,2025-12-13,George St,Otago,Home,11,2029.88
S3069,2025-12-05,Queen St,Auckland,Electronics,8,688.74
S3070,2025-09-06,Lambton,Wellington,Beauty,4,815.82
S3071,2025-04-18,Queen St,Auckland,Home,7,1671.71
S3072,2025-03-01,Queen St,Auckland,Beauty,11,2804.28
S3073,2025-02-04,Hamilton Central,Waikato,Electronics,5,916.96
S3074,2025-03-08,Queen St,Auckland,Electronics,10,705.4
S3075,2025-08-16,Lambton,Wellington,Beauty,4,971.88
S3076,2025-05-09,Lambton,Wellington,Electronics,4,388.81
S3077,2025-10-01,Riccarton,Canterbury,Beauty,12,3266.11
S3078,2025-01-19,Lambton,Wellington,Electronics,4,328.44
S3079,2025-03-05,Hamilton Central,Waikato,Grocery,6,1064.76
S3080,2025-09-19,George St,Otago,Grocery,11,860.6
S3081,2025-10-03,Riccarton,Canterbury,Beauty,9,1959.01
S3082,2025-07-28,Riccarton,Canterbury,Grocery,6,1318.78
S3083,2025-01-15,Lambton,Wellington,Grocery,4,1002.63
S3084,2025-04-25,George St,Otago,Apparel,8,885.99
S3085,2025-12-08,Queen St,Auckland,Apparel,2,233.38
S3086,2025-03-04,Lambton,Wellington,Beauty,6,419.56
S3087,2025-08-25,George St,Otago,Home,11,1175.2
S3088,2025-04-22,Queen St,Auckland,Apparel,11,1062.95
S3089,2025-10-22,Queen St,Auckland,Home,11,1219.48
S3090,2025-07-23,Queen St,Auckland,Home,5,1037.28
S3091,2025-07-27,George St,Otago,Apparel,3,479.66
S3092,2025-06-08,George St,Otago,Electronics,6,1568.75
S3093,2025-08-13,George St,Otago,Apparel,1,259.37
S3094,2025-05-02,Riccarton,Canterbury,Beauty,12,3512.36
S3095,2025-11-26,George St,Otago,Electronics,5,1421.48
S3096,2025-12-25,George St,Otago,Apparel,3,341.7
S3097,2025-03-01,George St,Otago,Electronics,12,1218.49
S3098,2025-05-28,Hamilton Central,Waikato,Electronics,7,1359.95
S3099,2025-09-01,George St,Otago,Beauty,5,381.69
S3100,2025-07-08,Lambton,Wellington,Home,5,954.65
S3101,2025-08-15,George St,Otago,Beauty,2,147.98
S3102,2025-10-18,Queen St,Auckland,Beauty,6,505.52
S3103,2025-12-12,George St,Otago,Apparel,3,845.46
S3104,2025-04-25,Riccarton,Canterbury,Home,1,124.76
S3105,2025-06-12,Hamilton Central,Waikato,Grocery,6,1254.75
S3106,2025-02-15,Queen St,Auckland,Electronics,3,409.91
S3107,2025-06-03,Queen St,Auckland,Apparel,9,1067.35
S3108,2025-12-21,Riccarton,Canterbury,Home,11,2364.81
S3109,2025-04-24,George St,Otago,Grocery,12,256.88
S3110,2025-05-24,Hamilton Central,Waikato,Apparel,3,667.23
S3111,2025-08-23,Queen St,Auckland,Home,5,64.7
S3112,2025-07-17,Hamilton Central,Waikato,Apparel,9,657.5
S3113,2025-01-12,Riccarton,Canterbury,Home,12,1747.27
S3114,2025-08-22,Queen St,Auckland,Apparel,8,1244.5
S3115,2025-07-27,Riccarton,Canterbury,Grocery,4,965.08
S3116,2025-09-12,Hamilton Central,Waikato,Home,5,278.81
S3117,2025-02-15,Hamilton Central,Waikato,Electronics,10,813.01
S3118,2025-01-21,Queen St,Auckland,Electronics,11,1100.49
S3119,2025-11-04,George St,Otago,Apparel,8,1436.4
S3120,2025-07-09,Hamilton Central,Waikato,Electronics,12,1214.04
S3121,2025-03-07,Hamilton Central,Waikato,Beauty,2,508.96
S3122,2025-04-09,George St,Otago,Apparel,8,1554.89
S3123,2025-02-12,Queen St,Auckland,Grocery,5,1416.88
S3124,2025-03-23,Queen St,Auckland,Beauty,3,289.59
S3125,2025-04-28,George St,Otago,Apparel,3,565.38
S3126,2025-02-01,George St,Otago,Electronics,1,123.76
S3127,2025-04-04,Lambton,Wellington,Grocery,1,114.43
S3128,2025-11-03,Hamilton Central,Waikato,Electronics,10,1420.63
S3129,2025-08-05,Queen St,Auckland,Grocery,9,2292.01
S3130,2025-03-16,Riccarton,Canterbury,Apparel,7,430.28
S3131,2025-05-17,Riccarton,Canterbury,Grocery,10,2624.78
S3132,2025-09-28,Hamilton Central,Waikato,Beauty,9,2245.49
S3133,2025-04-25,Queen St,Auckland,Home,7,396.85
S3134,2025-12-11,Lambton,Wellington,Electronics,10,2006.63
S3135,2025-10-18,Hamilton Central,Waikato,Grocery,11,1836.07
S3136,2025-07-01,Riccarton,Canterbury,Electronics,6,1003.07
S3137,2025-07-03,George St,Otago,Electronics,7,1502.15
S3138,2025-04-19,Hamilton Central,Waikato,Home,12,620.94
S3139,2025-05-11,Riccarton,Canterbury,Home,4,514.69
S3140,2025-07-12,Lambton,Wellington,Apparel,8,562.06
S3141,2025-09-24,Riccarton,Canterbury,Grocery,4,54.09
S3142,2025-03-19,Riccarton,Canterbury,Electronics,4,878.74
S3143,2025-05-24,Riccarton,Canterbury,Apparel,10,1927.19
S3144,2025-12-26,Lambton,Wellington,Electronics,7,1641.54
S3145,2025-04-09,George St,Otago,Beauty,8,1569.53
S3146,2025-09-09,Hamilton Central,Waikato,Beauty,7,100.44
S3147,2025-04-05,Queen St,Auckland,Apparel,3,886.19
S3148,2025-09-12,Hamilton Central,Waikato,Electronics,4,705.89
S3149,2025-09-24,Hamilton Central,Waikato,Home,4,375.03
S3150,2025-08-19,George St,Otago,Beauty,5,656.52
S3151,2025-02-18,Lambton,Wellington,Home,4,1066.97
S3152,2025-02-28,Lambton,Wellington,Beauty,3,459.07
S3153,2025-01-25,Hamilton Central,Waikato,Electronics,4,753.22
S3154,2025-01-20,Lambton,Wellington,Apparel,9,1760.42
S3155,2025-05-11,George St,Otago,Grocery,3,794.81
S3156,2025-03-24,Queen St,Auckland,Apparel,4,1131.95
S3157,2025-10-09,Riccarton,Canterbury,Grocery,8,1400.62
S3158,2025-07-08,Hamilton Central,Waikato,Grocery,8,849.95
S3159,2025-03-01,George St,Otago,Beauty,1,104.31
S3160,2025-12-28,Queen St,Auckland,Home,9,1620.46
S3161,2025-06-23,Riccarton,Canterbury,Apparel,6,143.88
S3162,2025-11-19,Queen St,Auckland,Apparel,10,199.02
S3163,2025-08-15,Riccarton,Canterbury,Beauty,9,193.38
S3164,2025-02-07,Hamilton Central,Waikato,Electronics,8,1310.34
S3165,2025-09-21,Hamilton Central,Waikato,Apparel,1,227.46
S3166,2025-01-07,Lambton,Wellington,Grocery,5,1006.89
S3167,2025-10-06,Lambton,Wellington,Electronics,6,1734.52
S3168,2025-05-20,Hamilton Central,Waikato,Grocery,12,2079.62
S3169,2025-05-06,Riccarton,Canterbury,Apparel,1,17.5
S3170,2025-09-13,George St,Otago,Electronics,5,838.29
S3171,2025-04-25,Lambton,Wellington,Beauty,11,2871.16
S3172,2025-07-27,Hamilton Central,Waikato,Home,10,883.49
S3173,2025-08-13,Riccarton,Canterbury,Beauty,10,720.31
S3174,2025-01-08,Lambton,Wellington,Grocery,11,613.36
S3175,2025-04-21,George St,Otago,Home,2,159.05
S3176,2025-10-03,George St,Otago,Home,11,1769.78
S3177,2025-05-06,Queen St,Auckland,Grocery,2,73.78
S3178,2025-06-10,Hamilton Central,Waikato,Beauty,10,2832.43
S3179,2025-04-12,Hamilton Central,Waikato,Apparel,9,2645.85
S3180,2025-10-25,Queen St,Auckland,Grocery,8,1202.45
S3181,2025-07-18,George St,Otago,Electronics,3,221.17
S3182,2025-03-12,George St,Otago,Home,4,470.71
S3183,2025-03-12,Hamilton Central,Waikato,Grocery,12,1486.03
S3184,2025-07-02,George St,Otago,Beauty,1,50.84
S3185,2025-01-23,George St,Otago,Apparel,11,670.41
S3186,2025-09-14,Riccarton,Canterbury,Beauty,12,1295.44
S3187,2025-04-04,Queen St,Auckland,Grocery,4,451.39
S3188,2025-09-04,Hamilton Central,Waikato,Beauty,11,3083.12
S3189,2025-07-27,Riccarton,Canterbury,Electronics,5,641.95
S3190,2025-06-18,Riccarton,Canterbury,Grocery,4,410.32
S3191,2025-01-26,Hamilton Central,Waikato,Apparel,11,157.24
S3192,2025-07-24,Hamilton Central,Waikato,Beauty,4,183.39
S3193,2025-06-04,Lambton,Wellington,Grocery,1,265.09
S3194,2025-03-05,George St,Otago,Beauty,6,1093.23
S3195,2025-07-21,Queen St,Auckland,Apparel,12,630.83
S3196,2025-10-09,Queen St,Auckland,Apparel,2,322.4
S3197,2025-02-27,Queen St,Auckland,Home,12,1484.37
S3198,2025-09-11,Hamilton Central,Waikato,Apparel,8,667.01
S3199,2025-03-09,George St,Otago,Electronics,1,266.29
S3200,2025-12-14,Riccarton,Canterbury,Apparel,5,135.09
S3201,2025-02-25,George St,Otago,Electronics,5,847.09
S3202,2025-12-20,George St,Otago,Grocery,8,648.33
S3203,2025-03-10,Lambton,Wellington,Beauty,10,2498.96
S3204,2025-02-03,Riccarton,Canterbury,Electronics,3,233.78
S3205,2025-02-13,Queen St,Auckland,Grocery,5,518.38
S3206,2025-05-18,Queen St,Auckland,Beauty,6,1662.62
S3207,2025-11-25,Riccarton,Canterbury,Beauty,11,2389.07
S3208,2025-01-02,Lambton,Wellington,Home,3,123.37
S3209,2025-05-19,Lambton,Wellington,Home,11,2367.27
S3210,2025-04-18,George St,Otago,Apparel,6,757.12
S3211,2025-01-04,Riccarton,Canterbury,Home,9,1359.81
S3212,2025-04-06,Riccarton,Canterbury,Home,12,1465.51
S3213,2025-07-23,Queen St,Auckland,Home,10,1871.23
S3214,2025-07-06,Riccarton,Canterbury,Electronics,1,83.91
S3215,2025-10-14,Hamilton Central,Waikato,Apparel,11,1773.4
S3216,2025-02-16,Hamilton Central,Waikato,Grocery,9,1819.5
S3217,2025-07-08,Hamilton Central,Waikato,Electronics,5,584.48
S3218,2025-07-13,Riccarton,Canterbury,Home,4,770.21
S3219,2025-08-25,George St,Otago,Grocery,4,831.17
S3220,2025-11-27,Queen St,Auckland,Grocery,11,562.22
S3221,2025-10-08,Queen St,Auckland,Apparel,2,226.25
S3222,2025-12-13,George St,Otago,Apparel,6,594.98
S3223,2025-07-23,Riccarton,Canterbury,Electronics,11,583.2
S3224,2025-03-24,Hamilton Central,Waikato,Apparel,1,230.72
S3225,2025-10-22,George St,Otago,Electronics,4,761.19
S3226,2025-11-14,Riccarton,Canterbury,Electronics,6,487.96
S3227,2025-03-03,Riccarton,Canterbury,Electronics,8,1633.0
S3228,2025-07-14,Riccarton,Canterbury,Apparel,5,1230.5
S3229,2025-09-04,Hamilton Central,Waikato,Home,6,377.76
S3230,2025-04-18,George St,Otago,Electronics,10,2420.11
S3231,2025-11-19,Riccarton,Canterbury,Grocery,7,1968.84
S3232,2025-04-28,Lambton,Wellington,Grocery,6,119.25
S3233,2025-10-27,Queen St,Auckland,Electronics,4,395.43
S3234,2025-10-03,Riccarton,Canterbury,Beauty,7,1461.6
S3235,2025-05-12,Lambton,Wellington,Beauty,3,87.62
S3236,2025-11-07,Queen St,Auckland,Beauty,4,832.83
S3237,2025-10-02,Riccarton,Canterbury,Beauty,11,805.57
S3238,2025-09-27,Queen St,Auckland,Electronics,11,1419.03
S3239,2025-02-17,Lambton,Wellington,Electronics,8,277.69
S3240,2025-01-14,Hamilton Central,Waikato,Beauty,12,3534.19
S3241,2025-02-26,Lambton,Wellington,Home,7,1677.01
S3242,2025-09-27,Queen St,Auckland,Apparel,6,63.33
S3243,2025-10-03,Riccarton,Canterbury,Home,11,2070.47
S3244,2025-11-12,Queen St,Auckland,Grocery,12,1689.54
S3245,2025-09-22,Lambton,Wellington,Electronics,6,1570.78
S3246,2025-11-02,Lambton,Wellington,Apparel,7,297.7
S3247,2025-01-09,Queen St,Auckland,Apparel,5,412.01
S3248,2025-01-16,George St,Otago,Home,5,799.06
S3249,2025-02-07,Riccarton,Canterbury,Apparel,9,650.72
S3250,2025-06-05,George St,Otago,Grocery,6,1122.59
S3251,2025-03-26,Hamilton Central,Waikato,Beauty,4,960.9
S3252,2025-04-11,Queen St,Auckland,Home,7,697.24
S3253,2025-03-03,Queen St,Auckland,Electronics,1,166.66
S3254,2025-05-27,George St,Otago,Beauty,10,2583.52
S3255,2025-05-24,Lambton,Wellington,Home,8,545.76
S3256,2025-12-03,Hamilton Central,Waikato,Apparel,12,531.23
S3257,2025-06-21,Lambton,Wellington,Grocery,3,87.65
S3258,2025-09-26,Queen St,Auckland,Beauty,11,1296.13
S3259,2025-08-28,George St,Otago,Beauty,3,318.97
S3260,2025-08-28,Queen St,Auckland,Electronics,8,2183.33
S3261,2025-06-07,Lambton,Wellington,Grocery,11,1148.62
S3262,2025-05-14,Queen St,Auckland,Electronics,11,1348.79
S3263,2025-02-05,Hamilton Central,Waikato,Beauty,9,1161.53
S3264,2025-05-14,Hamilton Central,Waikato,Electronics,6,730.55
S3265,2025-12-23,Queen St,Auckland,Beauty,5,690.49
S3266,2025-03-19,George St,Otago,Grocery,4,1162.06
S3267,2025-07-26,George St,Otago,Home,10,1466.79
S3268,2025-08-05,Lambton,Wellington,Beauty,5,1381.68
S3269,2025-06-04,George St,Otago,Grocery,9,2404.24
S3270,2025-05-16,Lambton,Wellington,Home,1,281.37
S3271,2025-02-11,Queen St,Auckland,Apparel,12,2962.21
S3272,2025-02-26,Lambton,Wellington,Apparel,11,2023.63
S3273,2025-11-18,Queen St,Auckland,Grocery,5,1070.04
S3274,2025-09-07,George St,Otago,Grocery,6,1509.23
S3275,2025-06-25,Lambton,Wellington,Apparel,4,738.12
S3276,2025-11-07,Lambton,Wellington,Grocery,9,1916.18
S3277,2025-02-09,George St,Otago,Beauty,1,261.88
S3278,2025-11-16,Queen St,Auckland,Apparel,1,254.34
S3279,2025-02-26,Riccarton,Canterbury,Apparel,1,72.0
S3280,2025-09-20,Queen St,Auckland,Grocery,1,235.7
S3281,2025-11-18,Lambton,Wellington,Home,7,268.59
S3282,2025-01-10,Riccarton,Canterbury,Electronics,1,29.7
S3283,2025-08-23,Queen St,Auckland,Beauty,11,3096.53
S3284,2025-03-09,Riccarton,Canterbury,Electronics,11,2859.29
S3285,2025-02-19,Riccarton,Canterbury,Apparel,6,1533.92
S3286,2025-03-10,Lambton,Wellington,Beauty,8,576.91
S3287,2025-06-28,Lambton,Wellington,Electronics,2,469.54
S3288,2025-11-28,Hamilton Central,Waikato,Beauty,9,2165.0
S3289,2025-08-25,Hamilton Central,Waikato,Beauty,5,483.48
S3290,2025-10-03,Queen St,Auckland,Grocery,7,375.71
S3291,2025-08-12,Hamilton Central,Waikato,Grocery,2,231.81
S3292,2025-06-20,George St,Otago,Electronics,1,283.27
S3293,2025-08-26,Lambton,Wellington,Electronics,2,564.67
S3294,2025-09-19,George St,Otago,Home,6,659.85
S3295,2025-01-22,Lambton,Wellington,Home,10,2361.77
S3296,2025-01-17,Lambton,Wellington,Grocery,12,2071.1
S3297,2025-03-01,Hamilton Central,Waikato,Electronics,8,1038.7
S3298,2025-02-05,Hamilton Central,Waikato,Home,5,816.62
S3299,2025-07-22,Hamilton Central,Waikato,Beauty,8,2016.2
S3300,2025-09-16,Hamilton Central,Waikato,Home,10,1027.37
S3301,2025-07-16,Lambton,Wellington,Home,8,329.02
S3302,2025-09-13,Hamilton Central,Waikato,Electronics,2,169.04
S3303,2025-08-21,Queen St,Auckland,Home,8,1385.62
S3304,2025-02-02,Hamilton Central,Waikato,Beauty,8,1852.67
S3305,2025-02-10,Lambton,Wellington,Electronics,8,1239.55
S3306,2025-03-21,Lambton,Wellington,Grocery,6,357.52
S3307,2025-09-05,Queen St,Auckland,Grocery,7,1911.11
S3308,2025-09-24,Riccarton,Canterbury,Beauty,3,434.34
S3309,2025-05-17,Lambton,Wellington,Beauty,7,345.84
S3310,2025-08-12,Hamilton Central,Waikato,Apparel,10,1323.97
S3311,2025-12-05,Lambton,Wellington,Electronics,12,1319.44
S3312,2025-02-15,Riccarton,Canterbury,Apparel,11,121.66
S3313,2025-10-22,Queen St,Auckland,Home,2,571.01
S3314,2025-11-21,Riccarton,Canterbury,Electronics,8,220.27
S3315,2025-12-05,Lambton,Wellington,Electronics,6,1790.06
S3316,2025-06-11,Queen St,Auckland,Apparel,7,1857.95
S3317,2025-09-04,George St,Otago,Electronics,12,1453.16
S3318,2025-04-07,Queen St,Auckland,Apparel,9,201.14
S3319,2025-03-08,Riccarton,Canterbury,Electronics,12,423.73
S3320,2025-08-11,Queen St,Auckland,Grocery,5,125.12
S3321,2025-12-21,Lambton,Wellington,Apparel,10,435.65
S3322,2025-06-22,Hamilton Central,Waikato,Beauty,11,1790.58
S3323,2025-01-26,Queen St,Auckland,Apparel,10,1754.15
S3324,2025-09-25,George St,Otago,Electronics,6,719.76
S3325,2025-02-16,Lambton,Wellington,Grocery,9,555.71
S3326,2025-05-24,Hamilton Central,Waikato,Apparel,8,1407.3
S3327,2025-04-20,Hamilton Central,Waikato,Electronics,1,20.84
S3328,2025-04-18,Hamilton Central,Waikato,Apparel,3,695.39
S3329,2025-07-21,Queen St,Auckland,Apparel,5,250.21
S3330,2025-01-24,Lambton,Wellington,Home,8,503.54
S3331,2025-07-16,George St,Otago,Apparel,11,3218.12
S3332,2025-07-15,Riccarton,Canterbury,Home,12,2351.54
S3333,2025-05-16,Hamilton Central,Waikato,Electronics,3,192.89
S3334,2025-02-27,Hamilton Central,Waikato,Grocery,7,1159.36
S3335,2025-05-20,George St,Otago,Grocery,5,955.64
S3336,2025-12-22,George St,Otago,Electronics,3,81.28
S3337,2025-10-25,Hamilton Central,Waikato,Grocery,6,1643.67
S3338,2025-07-07,Riccarton,Canterbury,Beauty,6,806.98
S3339,2025-10-26,Riccarton,Canterbury,Beauty,12,555.47
S3340,2025-06-19,George St,Otago,Electronics,7,823.36
S3341,2025-05-15,George St,Otago,Home,6,1676.36
S3342,2025-01-06,Queen St,Auckland,Grocery,10,2931.11
S3343,2025-01-04,George St,Otago,Grocery,4,1004.78
S3344,2025-01-10,Lambton,Wellington,Apparel,8,1336.5
S3345,2025-08-05,George St,Otago,Home,12,835.63
S3346,2025-08-02,Hamilton Central,Waikato,Beauty,6,470.63
S3347,2025-06-13,Queen St,Auckland,Grocery,9,938.71
S3348,2025-10-05,George St,Otago,Grocery,6,1757.68
S3349,2025-10-25,Hamilton Central,Waikato,Apparel,8,1939.74
S3350,2025-07-08,Lambton,Wellington,Beauty,7,1366.75
S3351,2025-12-02,Riccarton,Canterbury,Grocery,10,1214.45
S3352,2025-05-18,Lambton,Wellington,Beauty,8,1108.03
S3353,2025-08-07,Queen St,Auckland,Home,10,458.21
S3354,2025-01-09,Lambton,Wellington,Electronics,6,66.16
S3355,2025-09-24,Queen St,Auckland,Beauty,11,2634.68
S3356,2025-08-11,Queen St,Auckland,Grocery,10,2086.27
S3357,2025-03-08,Queen St,Auckland,Grocery,11,664.23
S3358,2025-01-03,Queen St,Auckland,Beauty,2,223.78
S3359,2025-06-10,Queen St,Auckland,Home,6,1608.59
S3360,2025-05-16,Queen St,Auckland,Beauty,3,694.64
S3361,2025-04-20,George St,Otago,Grocery,12,2992.06
S3362,2025-01-24,Lambton,Wellington,Grocery,1,58.0
S3363,2025-09-10,Queen St,Auckland,Electronics,5,882.19
S3364,2025-04-09,Queen St,Auckland,Electronics,8,894.66
S3365,2025-01-10,Riccarton,Canterbury,Beauty,2,246.81
S3366,2025-10-27,Queen St,Auckland,Electronics,8,2329.17
S3367,2025-02-25,George St,Otago,Apparel,3,56.09
S3368,2025-05-16,Hamilton Central,Waikato,Grocery,4,662.61
S3369,2025-01-05,Hamilton Central,Waikato,Electronics,5,666.67
S3370,2025-07-28,Riccarton,Canterbury,Home,8,169.14
S3371,2025-07-13,George St,Otago,Grocery,7,656.55
S3372,2025-02-04,Queen St,Auckland,Grocery,6,1537.65
S3373,2025-05-06,Hamilton Central,Waikato,Electronics,9,561.72
S3374,2025-09-21,Hamilton Central,Waikato,Apparel,1,44.48
S3375,2025-07-05,Lambton,Wellington,Beauty,10,1245.39
S3376,2025-05-08,George St,Otago,Electronics,3,640.17
S3377,2025-08-17,Riccarton,Canterbury,Electronics,9,2065.2
S3378,2025-10-27,Riccarton,Canterbury,Grocery,11,154.35
S3379,2025-09-01,Hamilton Central,Waikato,Home,5,661.91
S3380,2025-01-26,Lambton,Wellington,Home,6,847.69
S3381,2025-11-01,George St,Otago,Grocery,6,1748.27
S3382,2025-12-08,Queen St,Auckland,Apparel,7,1503.79
S3383,2025-07-21,Hamilton Central,Waikato,Electronics,3,812.38
S3384,2025-07-10,Queen St,Auckland,Beauty,5,706.8
S3385,2025-10-23,Riccarton,Canterbury,Home,3,291.08
S3386,2025-07-16,Hamilton Central,Waikato,Beauty,7,1589.49
S3387,2025-07-18,George St,Otago,Home,10,1048.29
S3388,2025-06-07,Riccarton,Canterbury,Apparel,11,377.03
S3389,2025-07-01,Hamilton Central,Waikato,Beauty,6,1687.89
S3390,2025-03-13,Hamilton Central,Waikato,Electronics,5,749.68
S3391,2025-01-06,Queen St,Auckland,Electronics,1,218.89
S3392,2025-09-06,Riccarton,Canterbury,Apparel,10,1630.04
S3393,2025-08-17,Queen St,Auckland,Grocery,8,1148.74
S3394,2025-02-15,Hamilton Central,Waikato,Apparel,12,2819.32
S3395,2025-09-05,Lambton,Wellington,Apparel,5,90.54
S3396,2025-03-24,Lambton,Wellington,Electronics,5,1359.57
S3397,2025-03-03,George St,Otago,Electronics,7,2071.32
S3398,2025-12-03,Lambton,Wellington,Home,4,572.58
S3399,2025-08-21,Riccarton,Canterbury,Home,10,351.62
S3400,2025-09-10,Riccarton,Canterbury,Grocery,4,1191.8
S3401,2025-04-11,Riccarton,Canterbury,Apparel,10,821.5
S3402,2025-03-04,Queen St,Auckland,Electronics,8,2029.77
S3403,2025-04-05,Queen St,Auckland,Grocery,11,535.46
S3404,2025-04-22,Queen St,Auckland,Apparel,4,1084.42
S3405,2025-07-20,George St,Otago,Beauty,7,410.37
S3406,2025-10-03,Queen St,Auckland,Home,1,168.3
S3407,2025-06-16,Lambton,Wellington,Grocery,7,459.6
S3408,2025-11-14,George St,Otago,Grocery,9,469.43
S3409,2025-12-15,Hamilton Central,Waikato,Grocery,8,602.29
S3410,2025-12-21,Queen St,Auckland,Beauty,10,396.68
S3411,2025-04-27,Lambton,Wellington,Beauty,4,759.54
S3412,2025-05-03,Hamilton Central,Waikato,Home,12,792.12
S3413,2025-09-14,Hamilton Central,Waikato,Electronics,11,2607.55
S3414,2025-03-04,Queen St,Auckland,Apparel,3,869.11
S3415,2025-02-01,Queen St,Auckland,Electronics,9,2123.2
S3416,2025-04-24,Lambton,Wellington,Grocery,10,2785.48
S3417,2025-08-01,Hamilton Central,Waikato,Apparel,10,2616.29
S3418,2025-02-06,Lambton,Wellington,Grocery,6,762.98
S3419,2025-05-07,Lambton,Wellington,Electronics,10,1449.75
S3420,2025-07-19,Riccarton,Canterbury,Apparel,12,171.55
S3421,2025-04-13,George St,Otago,Home,5,672.26
S3422,2025-08-23,Hamilton Central,Waikato,Apparel,2,412.76
S3423,2025-03-17,Riccarton,Canterbury,Grocery,9,1317.68
S3424,2025-02-27,Hamilton Central,Waikato,Beauty,11,2046.26
S3425,2025-08-16,George St,Otago,Beauty,4,465.91
S3426,2025-01-13,George St,Otago,Apparel,2,577.72
S3427,2025-07-02,George St,Otago,Electronics,6,243.7
S3428,2025-05-03,George St,Otago,Grocery,9,387.83
S3429,2025-04-02,Lambton,Wellington,Beauty,6,1299.99
S3430,2025-02-27,Lambton,Wellington,Grocery,8,1104.14
S3431,2025-05-10,Hamilton Central,Waikato,Electronics,6,108.58
S3432,2025-08-14,Queen St,Auckland,Grocery,3,539.17
S3433,2025-10-11,Hamilton Central,Waikato,Apparel,8,1516.12
S3434,2025-05-19,Queen St,Auckland,Electronics,3,781.1
S3435,2025-07-02,George St,Otago,Electronics,3,98.43
S3436,2025-03-09,Lambton,Wellington,Home,8,1844.43
S3437,2025-01-27,George St,Otago,Apparel,9,2216.27
S3438,2025-06-07,George St,Otago,Grocery,6,675.98
S3439,2025-05-05,Lambton,Wellington,Electronics,10,2375.94
S3440,2025-10-08,Queen St,Auckland,Beauty,4,1164.22
S3441,2025-04-09,Riccarton,Canterbury,Home,12,3467.43
S3442,2025-05-27,Riccarton,Canterbury,Beauty,9,2386.92
S3443,2025-10-22,Hamilton Central,Waikato,Home,1,249.54
S3444,2025-08-03,Lambton,Wellington,Beauty,6,350.18
S3445,2025-03-06,Hamilton Central,Waikato,Grocery,7,1176.75
S3446,2025-02-07,Queen St,Auckland,Apparel,11,2967.88
S3447,2025-05-02,George St,Otago,Beauty,1,235.83
S3448,2025-01-07,Riccarton,Canterbury,Electronics,6,646.9
S3449,2025-11-05,George St,Otago,Grocery,5,1095.23
S3450,2025-01-26,Queen St,Auckland,Apparel,2,218.66
S3451,2025-03-20,Riccarton,Canterbury,Grocery,3,274.29
S3452,2025-06-03,George St,Otago,Apparel,9,2126.27
S3453,2025-03-06,Hamilton Central,Waikato,Electronics,9,2582.42
S3454,2025-11-16,Riccarton,Canterbury,Beauty,3,365.85
S3455,2025-03-04,Lambton,Wellington,Apparel,8,1205.64
S3456,2025-12-07,George St,Otago,Apparel,2,482.76
S3457,2025-03-19,Queen St,Auckland,Home,6,1784.24
S3458,2025-05-16,Lambton,Wellington,Electronics,6,611.77
S3459,2025-05-14,Hamilton Central,Waikato,Grocery,2,308.13
S3460,2025-07-24,Hamilton Central,Waikato,Grocery,9,2239.25
S3461,2025-02-02,Hamilton Central,Waikato,Electronics,10,464.37
S3462,2025-07-26,Riccarton,Canterbury,Electronics,4,875.14
S3463,2025-09-13,Hamilton Central,Waikato,Home,7,1447.03
S3464,2025-01-19,Riccarton,Canterbury,Home,4,64.26
S3465,2025-09-02,Hamilton Central,Waikato,Electronics,9,1199.49
S3466,2025-07-11,Hamilton Central,Waikato,Beauty,6,979.12
S3467,2025-11-23,Queen St,Auckland,Electronics,10,666.27
S3468,2025-07-24,Queen St,Auckland,Apparel,10,1148.58
S3469,2025-01-20,George St,Otago,Home,11,2321.55
S3470,2025-06-03,Queen St,Auckland,Apparel,6,119.38
S3471,2025-01-12,Hamilton Central,Waikato,Home,7,505.51
S3472,2025-06-26,George St,Otago,Home,1,74.39
S3473,2025-03-08,Lambton,Wellington,Beauty,12,2952.82
S3474,2025-04-10,Lambton,Wellington,Electronics,2,451.43
S3475,2025-11-23,Riccarton,Canterbury,Apparel,10,825.8
S3476,2025-05-04,Hamilton Central,Waikato,Home,2,424.94
S3477,2025-07-12,Lambton,Wellington,Electronics,5,1424.69
S3478,2025-11-16,Queen St,Auckland,Grocery,4,984.0
S3479,2025-01-09,Queen St,Auckland,Apparel,8,726.93
S3480,2025-04-27,George St,Otago,Beauty,4,267.34
S3481,2025-05-02,George St,Otago,Beauty,10,358.47
S3482,2025-05-19,Queen St,Auckland,Apparel,7,1039.31
S3483,2025-08-17,George St,Otago,Apparel,9,676.23
S3484,2025-10-23,Riccarton,Canterbury,Home,10,1128.59
S3485,2025-07-10,Riccarton,Canterbury,Grocery,3,90.69
S3486,2025-12-10,Queen St,Auckland,Beauty,1,26.63
S3487,2025-11-26,Queen St,Auckland,Electronics,5,1118.89
S3488,2025-10-02,Hamilton Central,Waikato,Home,1,259.41
S3489,2025-01-06,Lambton,Wellington,Electronics,2,318.47
S3490,2025-06-17,Lambton,Wellington,Apparel,7,1228.4
S3491,2025-11-06,Queen St,Auckland,Beauty,6,1467.4
S3492,2025-07-03,Queen St,Auckland,Home,1,189.94
S3493,2025-01-20,Queen St,Auckland,Home,4,213.6
S3494,2025-06-27,Lambton,Wellington,Apparel,5,570.73
S3495,2025-01-23,Riccarton,Canterbury,Apparel,2,249.61
S3496,2025-09-16,Riccarton,Canterbury,Electronics,9,2034.3
S3497,2025-08-08,Hamilton Central,Waikato,Grocery,5,1402.46
S3498,2025-11-13,Riccarton,Canterbury,Beauty,1,148.5
S3499,2025-01-06,George St,Otago,Beauty,10,710.91
S3500,2025-11-19,Hamilton Central,Waikato,Home,12,2506.28
S3501,2025-04-15,Hamilton Central,Waikato,Home,6,331.87
S3502,2025-02-03,Riccarton,Canterbury,Home,12,1964.98
S3503,2025-05-24,George St,Otago,Home,12,3252.75
S3504,2025-07-05,Hamilton Central,Waikato,Apparel,9,584.64
S3505,2025-05-28,George St,Otago,Electronics,6,1244.1
S3506,2025-02-17,Lambton,Wellington,Electronics,7,422.23
S3507,2025-05-01,Riccarton,Canterbury,Grocery,6,1565.96
S3508,2025-08-09,George St,Otago,Home,12,1568.48
S3509,2025-09-20,Queen St,Auckland,Electronics,4,1103.91
S3510,2025-04-03,George St,Otago,Home,12,1591.84
S3511,2025-02-06,Riccarton,Canterbury,Electronics,7,1198.99
S3512,2025-12-28,Queen St,Auckland,Apparel,11,603.08
S3513,2025-09-19,George St,Otago,Electronics,10,1849.7
S3514,2025-09-01,Queen St,Auckland,Grocery,10,1930.2
S3515,2025-08-10,Riccarton,Canterbury,Electronics,11,2170.07
S3516,2025-05-14,Queen St,Auckland,Electronics,8,929.65
S3517,2025-08-05,Riccarton,Canterbury,Grocery,8,1464.44
S3518,2025-02-22,Queen St,Auckland,Home,4,602.5
S3519,2025-11-16,George St,Otago,Home,12,426.45
S3520,2025-01-09,George St,Otago,Home,3,345.28
S3521,2025-10-24,Queen St,Auckland,Apparel,10,2771.41
S3522,2025-12-25,George St,Otago,Beauty,4,360.55
S3523,2025-02-14,George St,Otago,Home,2,292.71
S3524,2025-12-05,Queen St,Auckland,Apparel,12,456.09
S3525,2025-04-16,George St,Otago,Home,8,1205.63
S3526,2025-02-05,Queen St,Auckland,Electronics,8,1018.09
S3527,2025-06-16,Lambton,Wellington,Home,10,339.84
S3528,2025-07-05,George St,Otago,Grocery,3,222.48
S3529,2025-07-14,Hamilton Central,Waikato,Home,8,985.16
S3530,2025-06-08,Queen St,Auckland,Beauty,2,375.31
S3531,2025-06-17,Hamilton Central,Waikato,Home,3,395.07
S3532,2025-12-07,Hamilton Central,Waikato,Apparel,11,2789.81
S3533,2025-07-25,Lambton,Wellington,Apparel,4,1094.61
S3534,2025-08-13,Lambton,Wellington,Home,3,102.67
S3535,2025-06-05,Riccarton,Canterbury,Home,6,498.6
S3536,2025-08-16,Lambton,Wellington,Home,3,559.37
S3537,2025-02-16,George St,Otago,Grocery,8,1685.09
S3538,2025-09-08,Riccarton,Canterbury,Electronics,6,472.45
S3539,2025-11-20,Hamilton Central,Waikato,Apparel,1,151.26
S3540,2025-10-25,Riccarton,Canterbury,Apparel,7,673.09
S3541,2025-01-20,Riccarton,Canterbury,Grocery,10,2905.84
S3542,2025-04-19,Hamilton Central,Waikato,Apparel,5,877.37
S3543,2025-04-16,Queen St,Auckland,Electronics,12,259.81
S3544,2025-09-17,Riccarton,Canterbury,Beauty,7,191.52
S3545,2025-07-20,Queen St,Auckland,Electronics,7,1418.84
S3546,2025-04-06,Riccarton,Canterbury,Grocery,2,261.06
S3547,2025-09-21,George St,Otago,Beauty,2,339.48
S3548,2025-01-23,Riccarton,Canterbury,Beauty,4,486.14
S3549,2025-08-25,Queen St,Auckland,Beauty,1,63.45
S3550,2025-02-22,George St,Otago,Grocery,11,949.9
S3551,2025-01-24,Lambton,Wellington,Home,11,2358.11
S3552,2025-01-01,George St,Otago,Beauty,3,161.7
S3553,2025-08-17,Riccarton,Canterbury,Apparel,8,108.26
S3554,2025-01-12,Hamilton Central,Waikato,Grocery,4,159.71
S3555,2025-08-23,George St,Otago,Beauty,4,369.61
S3556,2025-12-08,George St,Otago,Apparel,5,215.04
S3557,2025-06-27,Hamilton Central,Waikato,Beauty,2,112.76
S3558,2025-02-21,Riccarton,Canterbury,Grocery,2,378.77
S3559,2025-08-11,Queen St,Auckland,Home,3,247.2
S3560,2025-08-08,George St,Otago,Beauty,1,13.03
S3561,2025-03-18,Queen St,Auckland,Home,4,87.29
S3562,2025-07-19,Queen St,Auckland,Apparel,11,3229.96
S3563,2025-07-21,Riccarton,Canterbury,Beauty,4,912.73
S3564,2025-10-18,Lambton,Wellington,Beauty,8,2074.0
S3565,2025-09-13,Lambton,Wellington,Apparel,11,1288.95
S3566,2025-10-02,Queen St,Auckland,Grocery,11,1060.13
S3567,2025-04-24,Riccarton,Canterbury,Apparel,12,2374.02
S3568,2025-09-12,George St,Otago,Home,12,1669.18
S3569,2025-11-12,Queen St,Auckland,Apparel,3,439.16
S3570,2025-08-27,Lambton,Wellington,Grocery,1,12.97
S3571,2025-01-01,Queen St,Auckland,Grocery,3,188.29
S3572,2025-05-07,Hamilton Central,Waikato,Electronics,2,159.19
S3573,2025-02-23,Hamilton Central,Waikato,Grocery,3,266.75
S3574,2025-02-06,Lambton,Wellington,Grocery,8,978.55
S3575,2025-09-27,George St,Otago,Beauty,12,2975.84
S3576,2025-12-08,Queen St,Auckland,Electronics,2,461.06
S3577,2025-08-16,Hamilton Central,Waikato,Beauty,3,766.37
S3578,2025-03-12,George St,Otago,Apparel,4,446.85
S3579,2025-05-08,Queen St,Auckland,Electronics,10,2712.52
S3580,2025-07-24,Lambton,Wellington,Grocery,4,518.21
S3581,2025-08-03,George St,Otago,Beauty,1,142.25
S3582,2025-12-04,Hamilton Central,Waikato,Grocery,10,620.71
S3583,2025-06-17,Queen St,Auckland,Apparel,11,1427.51
S3584,2025-01-14,Riccarton,Canterbury,Apparel,10,2958.8
S3585,2025-02-18,Queen St,Auckland,Apparel,4,208.08
S3586,2025-11-23,George St,Otago,Electronics,8,173.47
S3587,2025-04-25,George St,Otago,Grocery,10,1531.21
S3588,2025-01-21,George St,Otago,Grocery,10,2981.01
S3589,2025-08-25,Lambton,Wellington,Grocery,12,3400.41
S3590,2025-05-14,Queen St,Auckland,Grocery,2,65.93
S3591,2025-10-12,Hamilton Central,Waikato,Beauty,5,599.72
S3592,2025-11-12,Hamilton Central,Waikato,Electronics,8,2353.42
S3593,2025-11-17,Lambton,Wellington,Home,6,268.02
S3594,2025-07-16,Riccarton,Canterbury,Beauty,1,23.57
S3595,2025-04-15,Lambton,Wellington,Electronics,9,588.22
S3596,2025-09-06,Queen St,Auckland,Apparel,10,2372.31
S3597,2025-02-17,George St,Otago,Grocery,8,383.42
S3598,2025-01-14,Lambton,Wellington,Beauty,7,1713.18
S3599,2025-12-01,Queen St,Auckland,Electronics,8,1590.38
S3600,2025-02-06,Queen St,Auckland,Grocery,2,541.41
S3601,2025-02-13,Lambton,Wellington,Beauty,10,394.14
S3602,2025-10-02,Hamilton Central,Waikato,Apparel,7,2051.58
S3603,2025-06-15,Riccarton,Canterbury,Beauty,7,543.96
S3604,2025-09-19,Hamilton Central,Waikato,Grocery,6,716.53
S3605,2025-02-11,George St,Otago,Electronics,11,2156.01
S3606,2025-07-14,Riccarton,Canterbury,Home,4,351.23
S3607,2025-05-13,Riccarton,Canterbury,Apparel,3,681.74
S3608,2025-10-15,Lambton,Wellington,Grocery,10,2489.03
S3609,2025-06-06,Lambton,Wellington,Electronics,3,380.96
S3610,2025-02-14,Riccarton,Canterbury,Beauty,2,293.64
S3611,2025-02-03,Queen St,Auckland,Grocery,8,84.17
S3612,2025-05-23,Riccarton,Canterbury,Electronics,3,538.22
S3613,2025-05-05,Queen St,Auckland,Apparel,12,3291.71
S3614,2025-11-13,George St,Otago,Grocery,8,2166.32
S3615,2025-05-23,Lambton,Wellington,Electronics,10,1084.0
S3616,2025-01-28,Riccarton,Canterbury,Beauty,5,1450.4
S3617,2025-07-03,Lambton,Wellington,Electronics,6,950.74
S3618,2025-08-09,Hamilton Central,Waikato,Beauty,3,114.17
S3619,2025-10-24,Lambton,Wellington,Beauty,12,2623.38
S3620,2025-05-01,Riccarton,Canterbury,Apparel,4,550.72
S3621,2025-05-25,Queen St,Auckland,Electronics,1,170.92
S3622,2025-03-03,Lambton,Wellington,Beauty,3,727.76
S3623,2025-10-16,Lambton,Wellington,Home,7,1276.21
S3624,2025-05-03,Riccarton,Canterbury,Beauty,12,2569.6
S3625,2025-12-16,George St,Otago,Grocery,3,452.04
S3626,2025-04-26,George St,Otago,Apparel,6,1109.87
S3627,2025-09-01,Lambton,Wellington,Grocery,8,1859.86
S3628,2025-02-28,Hamilton Central,Waikato,Beauty,12,2034.99
S3629,2025-01-24,Hamilton Central,Waikato,Beauty,9,435.08
S3630,2025-01-12,Lambton,Wellington,Apparel,9,2384.05
S3631,2025-03-17,George St,Otago,Beauty,4,675.01
S3632,2025-07-11,George St,Otago,Beauty,6,1381.03
S3633,2025-04-05,Lambton,Wellington,Grocery,1,262.34
S3634,2025-07-06,Hamilton Central,Waikato,Beauty,9,1043.57
S3635,2025-05-10,Queen St,Auckland,Home,4,807.34
S3636,2025-05-18,George St,Otago,Electronics,6,853.95
S3637,2025-09-06,Riccarton,Canterbury,Electronics,4,1096.04
S3638,2025-06-09,Hamilton Central,Waikato,Electronics,1,256.87
S3639,2025-05-10,Riccarton,Canterbury,Electronics,1,130.87
S3640,2025-04-10,Lambton,Wellington,Apparel,1,141.56
S3641,2025-04-22,Lambton,Wellington,Electronics,6,422.56
S3642,2025-11-10,Hamilton Central,Waikato,Beauty,6,630.77
S3643,2025-11-26,Hamilton Central,Waikato,Apparel,10,2879.32
S3644,2025-07-08,George St,Otago,Home,1,227.27
S3645,2025-05-01,George St,Otago,Apparel,4,302.2
S3646,2025-03-01,Lambton,Wellington,Apparel,8,635.63
S3647,2025-03-28,Queen St,Auckland,Home,3,124.49
S3648,2025-09-16,Queen St,Auckland,Beauty,9,2214.73
S3649,2025-01-28,George St,Otago,Beauty,1,101.95
S3650,2025-10-27,Lambton,Wellington,Beauty,11,2886.8
S3651,2025-05-04,Hamilton Central,Waikato,Electronics,10,2982.9
S3652,2025-11-21,Riccarton,Canterbury,Apparel,5,603.87
S3653,2025-02-24,Lambton,Wellington,Apparel,3,99.32
S3654,2025-08-21,Lambton,Wellington,Electronics,9,1632.04
S3655,2025-05-04,Queen St,Auckland,Home,10,1034.75
S3656,2025-09-13,Hamilton Central,Waikato,Apparel,9,1219.27
S3657,2025-03-12,Queen St,Auckland,Beauty,4,82.98
S3658,2025-11-10,Riccarton,Canterbury,Electronics,5,1000.06
S3659,2025-10-26,Riccarton,Canterbury,Beauty,5,649.78
S3660,2025-04-19,Lambton,Wellington,Grocery,3,408.7
S3661,2025-06-16,Queen St,Auckland,Grocery,6,786.29
S3662,2025-07-25,George St,Otago,Grocery,6,1461.58
S3663,2025-01-06,Hamilton Central,Waikato,Grocery,5,1075.43
S3664,2025-05-12,Queen St,Auckland,Home,8,1283.36
S3665,2025-08-04,George St,Otago,Electronics,12,3132.21
S3666,2025-03-19,Queen St,Auckland,Electronics,1,199.09
S3667,2025-09-16,Queen St,Auckland,Grocery,8,2361.87
S3668,2025-12-12,Lambton,Wellington,Home,6,811.78
S3669,2025-04-14,Riccarton,Canterbury,Beauty,12,2754.03
S3670,2025-12-12,Queen St,Auckland,Grocery,6,1727.75
S3671,2025-01-05,George St,Otago,Grocery,5,1019.18
S3672,2025-07-24,Lambton,Wellington,Apparel,8,421.77
S3673,2025-05-07,Riccarton,Canterbury,Home,12,1303.3
S3674,2025-08-28,George St,Otago,Beauty,7,937.88
S3675,2025-07-21,Lambton,Wellington,Beauty,3,626.33
S3676,2025-08-02,Lambton,Wellington,Apparel,2,242.76
S3677,2025-06-28,Lambton,Wellington,Apparel,6,1326.11
S3678,2025-07-16,Lambton,Wellington,Apparel,7,701.97
S3679,2025-05-07,Queen St,Auckland,Beauty,7,585.05
S3680,2025-09-12,George St,Otago,Apparel,12,2018.2
S3681,2025-09-04,Lambton,Wellington,Electronics,7,386.62
S3682,2025-08-26,Riccarton,Canterbury,Beauty,12,920.0
S3683,2025-03-02,Lambton,Wellington,Apparel,8,676.97
S3684,2025-12-04,Hamilton Central,Waikato,Electronics,4,1028.91
S3685,2025-06-10,Riccarton,Canterbury,Electronics,7,575.77
S3686,2025-02-13,Hamilton Central,Waikato,Beauty,6,90.66
S3687,2025-06-04,Lambton,Wellington,Grocery,5,1216.39
S3688,2025-03-18,Queen St,Auckland,Home,8,2114.51
S3689,2025-06-06,Hamilton Central,Waikato,Beauty,6,244.33
S3690,2025-05-16,Queen St,Auckland,Electronics,3,607.47
S3691,2025-11-23,Lambton,Wellington,Home,2,97.33
S3692,2025-06-15,Queen St,Auckland,Beauty,12,999.67
S3693,2025-09-06,Lambton,Wellington,Beauty,5,1196.42
S3694,2025-01-12,Hamilton Central,Waikato,Electronics,12,3149.72
S3695,2025-05-22,Riccarton,Canterbury,Apparel,7,1744.86
S3696,2025-07-10,Riccarton,Canterbury,Grocery,10,1886.97
S3697,2025-09-07,Hamilton Central,Waikato,Electronics,11,863.95
S3698,2025-11-25,Hamilton Central,Waikato,Apparel,2,559.54
S3699,2025-08-05,Queen St,Auckland,Grocery,10,1061.38
S3700,2025-04-03,George St,Otago,Grocery,6,108.8
S3701,2025-03-24,Queen St,Auckland,Electronics,6,1167.76
S3702,2025-04-12,Hamilton Central,Waikato,Electronics,2,27.93
S3703,2025-11-26,Riccarton,Canterbury,Beauty,9,1299.66
S3704,2025-02-24,Hamilton Central,Waikato,Beauty,10,638.04
S3705,2025-08-12,Queen St,Auckland,Electronics,10,1138.46
S3706,2025-09-13,Queen St,Auckland,Beauty,2,129.13
S3707,2025-05-08,George St,Otago,Home,4,570.64
S3708,2025-02-18,Lambton,Wellington,Electronics,9,1136.5
S3709,2025-05-04,Lambton,Wellington,Beauty,9,1162.77
S3710,2025-07-02,Lambton,Wellington,Apparel,9,2449.63
S3711,2025-12-25,Queen St,Auckland,Beauty,12,2629.69
S3712,2025-07-28,Riccarton,Canterbury,Apparel,11,1071.43
S3713,2025-02-14,George St,Otago,Beauty,3,617.85
S3714,2025-10-23,Lambton,Wellington,Grocery,7,865.57
S3715,2025-05-25,George St,Otago,Grocery,12,3089.54
S3716,2025-07-27,Hamilton Central,Waikato,Grocery,3,247.94
S3717,2025-05-01,Lambton,Wellington,Apparel,7,240.66
S3718,2025-04-12,Hamilton Central,Waikato,Grocery,7,409.41
S3719,2025-07-10,George St,Otago,Grocery,7,1516.22
S3720,2025-05-04,Lambton,Wellington,Electronics,1,11.58
S3721,2025-06-01,Queen St,Auckland,Beauty,8,1881.28
S3722,2025-05-23,Riccarton,Canterbury,Apparel,3,698.66
S3723,2025-12-28,Queen St,Auckland,Electronics,1,228.1
S3724,2025-12-27,Hamilton Central,Waikato,Apparel,6,1470.31
S3725,2025-09-24,Lambton,Wellington,Home,4,295.94
S3726,2025-01-14,Hamilton Central,Waikato,Apparel,12,776.45
S3727,2025-05-11,Lambton,Wellington,Apparel,12,976.79
S3728,2025-05-23,Queen St,Auckland,Apparel,2,45.02
S3729,2025-08-05,Hamilton Central,Waikato,Apparel,1,272.75
S3730,2025-06-07,Hamilton Central,Waikato,Beauty,1,149.74
S3731,2025-11-03,Queen St,Auckland,Beauty,5,257.3
S3732,2025-08-13,Queen St,Auckland,Grocery,8,534.66
S3733,2025-11-28,Hamilton Central,Waikato,Home,10,621.25
S3734,2025-04-10,Riccarton,Canterbury,Grocery,9,2413.28
S3735,2025-10-11,Queen St,Auckland,Apparel,7,1010.55
S3736,2025-09-20,Lambton,Wellington,Home,12,2742.79
S3737,2025-05-26,Queen St,Auckland,Beauty,10,1335.88
S3738,2025-04-25,Hamilton Central,Waikato,Apparel,11,905.43
S3739,2025-08-21,Lambton,Wellington,Beauty,7,680.81
S3740,2025-12-19,Lambton,Wellington,Beauty,4,1179.39
S3741,2025-03-28,George St,Otago,Electronics,2,455.37
S3742,2025-04-09,Queen St,Auckland,Grocery,12,1138.28
S3743,2025-06-21,Queen St,Auckland,Apparel,12,1249.62
S3744,2025-10-06,Riccarton,Canterbury,Beauty,8,834.92
S3745,2025-11-01,Lambton,Wellington,Grocery,12,3018.65
S3746,2025-11-05,Riccarton,Canterbury,Home,5,1152.42
S3747,2025-12-11,Lambton,Wellington,Home,6,1092.03
S3748,2025-07-18,Hamilton Central,Waikato,Apparel,12,1206.23
S3749,2025-10-24,Lambton,Wellington,Grocery,5,1312.61
S3750,2025-08-28,George St,Otago,Grocery,9,1998.47
S3751,2025-01-16,George St,Otago,Electronics,10,2731.14
S3752,2025-10-15,Riccarton,Canterbury,Grocery,2,366.55
S3753,2025-12-16,Lambton,Wellington,Grocery,11,1332.04
S3754,2025-05-07,Riccarton,Canterbury,Beauty,12,2491.41
S3755,2025-09-22,Lambton,Wellington,Apparel,2,197.68
S3756,2025-07-18,George St,Otago,Apparel,10,1323.66
S3757,2025-10-23,Riccarton,Canterbury,Beauty,10,800.53
S3758,2025-01-25,Riccarton,Canterbury,Electronics,5,510.21
S3759,2025-09-06,Hamilton Central,Waikato,Grocery,4,55.2
S3760,2025-02-21,George St,Otago,Apparel,7,521.93
S3761,2025-08-14,Lambton,Wellington,Grocery,2,210.8
S3762,2025-04-01,George St,Otago,Apparel,3,523.95
S3763,2025-07-04,Riccarton,Canterbury,Beauty,3,675.69
S3764,2025-03-28,George St,Otago,Home,1,98.27
S3765,2025-03-02,Riccarton,Canterbury,Electronics,6,1293.89
S3766,2025-10-16,Queen St,Auckland,Apparel,9,473.61
S3767,2025-05-07,Hamilton Central,Waikato,Apparel,5,364.61
S3768,2025-11-15,Hamilton Central,Waikato,Home,9,1406.62
S3769,2025-04-06,Hamilton Central,Waikato,Beauty,3,106.69
S3770,2025-04-09,Lambton,Wellington,Electronics,3,215.67
S3771,2025-05-28,Lambton,Wellington,Electronics,8,223.24
S3772,2025-05-04,Queen St,Auckland,Grocery,2,310.6
S3773,2025-10-26,Queen St,Auckland,Apparel,9,1481.34
S3774,2025-07-03,Queen St,Auckland,Beauty,8,419.3
S3775,2025-04-13,Hamilton Central,Waikato,Electronics,5,108.77
S3776,2025-01-01,Queen St,Auckland,Beauty,3,131.47
S3777,2025-02-22,George St,Otago,Apparel,7,431.52
S3778,2025-08-04,Hamilton Central,Waikato,Beauty,5,290.17
S3779,2025-12-20,Riccarton,Canterbury,Electronics,4,687.23
S3780,2025-06-01,Queen St,Auckland,Beauty,10,665.62
S3781,2025-04-06,George St,Otago,Grocery,9,2190.76
S3782,2025-12-27,Lambton,Wellington,Grocery,1,66.57
S3783,2025-06-28,Riccarton,Canterbury,Grocery,4,1148.25
S3784,2025-10-07,George St,Otago,Apparel,1,278.01
S3785,2025-03-18,George St,Otago,Beauty,10,2752.99
S3786,2025-12-12,Hamilton Central,Waikato,Grocery,11,530.8
S3787,2025-01-06,Riccarton,Canterbury,Beauty,12,328.28
S3788,2025-02-27,Hamilton Central,Waikato,Beauty,12,315.64
S3789,2025-12-02,Queen St,Auckland,Grocery,4,458.74
S3790,2025-09-19,Lambton,Wellington,Beauty,7,1945.99
S3791,2025-07-08,George St,Otago,Electronics,5,493.14
S3792,2025-02-05,Lambton,Wellington,Electronics,3,267.13
S3793,2025-02-02,Lambton,Wellington,Grocery,8,884.39
S3794,2025-11-15,Hamilton Central,Waikato,Home,9,1819.48
S3795,2025-07-13,Lambton,Wellington,Apparel,10,2329.89
S3796,2025-12-14,Lambton,Wellington,Electronics,9,733.66
S3797,2025-10-08,Hamilton Central,Waikato,Apparel,7,1936.82
S3798,2025-10-08,Lambton,Wellington,Beauty,11,1840.97
S3799,2025-11-17,Queen St,Auckland,Beauty,5,812.36
S3800,2025-11-02,Queen St,Auckland,Apparel,4,428.81
S3801,2025-06-09,Queen St,Auckland,Apparel,7,912.79
S3802,2025-01-11,Queen St,Auckland,Electronics,3,377.01
S3803,2025-03-03,Queen St,Auckland,Electronics,12,2292.57
S3804,2025-01-19,Riccarton,Canterbury,Grocery,11,1384.84
S3805,2025-08-08,Hamilton Central,Waikato,Grocery,5,107.12
S3806,2025-02-06,Hamilton Central,Waikato,Beauty,12,1251.53
S3807,2025-07-21,Hamilton Central,Waikato,Beauty,9,2359.27
S3808,2025-06-04,George St,Otago,Electronics,12,2815.51
S3809,2025-11-24,George St,Otago,Home,1,13.38
S3810,2025-09-23,George St,Otago,Beauty,9,1349.58
S3811,2025-09-28,Riccarton,Canterbury,Grocery,8,2277.82
S3812,2025-07-24,Queen St,Auckland,Electronics,4,1079.02
S3813,2025-10-25,Hamilton Central,Waikato,Grocery,10,1228.1
S3814,2025-06-05,Hamilton Central,Waikato,Grocery,10,2743.9
S3815,2025-06-14,Lambton,Wellington,Grocery,11,2356.25
S3816,2025-04-17,Hamilton Central,Waikato,Beauty,12,324.91
S3817,2025-02-01,George St,Otago,Electronics,4,73.81
S3818,2025-08-23,Queen St,Auckland,Electronics,3,215.5
S3819,2025-10-11,Queen St,Auckland,Electronics,5,1270.34
S3820,2025-07-21,Hamilton Central,Waikato,Electronics,4,979.93
S3821,2025-05-04,Hamilton Central,Waikato,Grocery,8,231.88
S3822,2025-02-08,Hamilton Central,Waikato,Apparel,7,1144.24
S3823,2025-05-02,Lambton,Wellington,Beauty,11,1367.18
S3824,2025-02-09,Hamilton Central,Waikato,Home,3,284.23
S3825,2025-03-10,George St,Otago,Grocery,7,1186.69
S3826,2025-05-11,George St,Otago,Apparel,11,169.96
S3827,2025-10-27,George St,Otago,Apparel,2,324.51
S3828,2025-11-03,Queen St,Auckland,Grocery,5,413.2
S3829,2025-06-23,Riccarton,Canterbury,Home,3,675.74
S3830,2025-11-02,Queen St,Auckland,Grocery,1,185.11
S3831,2025-02-21,Queen St,Auckland,Home,11,1369.06
S3832,2025-06-16,Riccarton,Canterbury,Beauty,1,77.7
S3833,2025-12-04,Lambton,Wellington,Beauty,4,743.53
S3834,2025-04-07,Hamilton Central,Waikato,Beauty,6,1061.15
S3835,2025-07-10,Queen St,Auckland,Home,3,470.35
S3836,2025-09-01,George St,Otago,Beauty,3,418.39
S3837,2025-01-01,George St,Otago,Apparel,7,1708.07
S3838,2025-07-16,Lambton,Wellington,Apparel,11,1264.52
S3839,2025-01-25,Lambton,Wellington,Beauty,2,503.76
S3840,2025-08-10,Queen St,Auckland,Electronics,2,462.71
S3841,2025-06-27,Riccarton,Canterbury,Electronics,4,976.03
S3842,2025-08-02,Riccarton,Canterbury,Electronics,10,145.75
S3843,2025-11-16,Lambton,Wellington,Home,6,264.58
S3844,2025-09-14,Hamilton Central,Waikato,Grocery,5,1066.08
S3845,2025-03-04,George St,Otago,Beauty,1,60.53
S3846,2025-06-18,Riccarton,Canterbury,Beauty,7,1662.49
S3847,2025-12-25,Riccarton,Canterbury,Apparel,9,2171.8
S3848,2025-11-22,Hamilton Central,Waikato,Grocery,1,199.74
S3849,2025-02-03,Riccarton,Canterbury,Beauty,8,1934.3
S3850,2025-09-03,Hamilton Central,Waikato,Apparel,5,1065.72
S3851,2025-10-04,Hamilton Central,Waikato,Electronics,9,250.41
S3852,2025-02-19,Queen St,Auckland,Beauty,1,25.33
S3853,2025-10-14,Lambton,Wellington,Home,2,128.93
S3854,2025-02-10,Hamilton Central,Waikato,Grocery,6,692.24
S3855,2025-10-22,Lambton,Wellington,Home,4,749.47
S3856,2025-07-19,Lambton,Wellington,Grocery,7,682.22
S3857,2025-10-15,Lambton,Wellington,Apparel,4,893.1
S3858,2025-11-20,Queen St,Auckland,Apparel,6,1096.15
S3859,2025-10-26,Hamilton Central,Waikato,Home,6,1491.6
S3860,2025-11-04,Riccarton,Canterbury,Electronics,10,1369.51
S3861,2025-06-16,Hamilton Central,Waikato,Beauty,1,55.96
S3862,2025-01-20,George St,Otago,Beauty,3,344.41
S3863,2025-02-13,George St,Otago,Electronics,1,46.56
S3864,2025-02-16,Hamilton Central,Waikato,Home,3,289.68
S3865,2025-11-16,Riccarton,Canterbury,Beauty,9,2198.88
S3866,2025-10-11,Lambton,Wellington,Apparel,9,2067.12
S3867,2025-08-08,Lambton,Wellington,Apparel,3,313.49
S3868,2025-11-18,Queen St,Auckland,Home,11,2019.05
S3869,2025-08-02,Queen St,Auckland,Beauty,2,583.27
S3870,2025-06-17,Riccarton,Canterbury,Grocery,6,528.59
S3871,2025-11-01,Lambton,Wellington,Beauty,2,463.6
S3872,2025-07-12,Lambton,Wellington,Apparel,10,1798.17
S3873,2025-10-23,Riccarton,Canterbury,Home,10,531.74
S3874,2025-03-25,Lambton,Wellington,Apparel,2,266.82
S3875,2025-05-21,Hamilton Central,Waikato,Grocery,1,161.86
S3876,2025-12-09,Riccarton,Canterbury,Home,11,565.07
S3877,2025-02-04,Queen St,Auckland,Apparel,10,1725.18
S3878,2025-11-09,Riccarton,Canterbury,Electronics,12,1784.71
S3879,2025-02-17,Lambton,Wellington,Beauty,8,1036.8
S3880,2025-09-25,Hamilton Central,Waikato,Home,11,1155.47
S3881,2025-12-15,Hamilton Central,Waikato,Home,11,2411.43
S3882,2025-07-15,Queen St,Auckland,Home,5,382.8
S3883,2025-07-08,Queen St,Auckland,Electronics,5,1314.59
S3884,2025-02-20,Queen St,Auckland,Grocery,1,279.43
S3885,2025-06-24,George St,Otago,Grocery,6,1246.86
S3886,2025-05-15,George St,Otago,Grocery,9,208.96
S3887,2025-07-05,George St,Otago,Grocery,12,2112.15
S3888,2025-05-08,Riccarton,Canterbury,Beauty,4,556.02
S3889,2025-02-24,Lambton,Wellington,Apparel,5,1339.16
S3890,2025-04-28,George St,Otago,Grocery,2,492.08
S3891,2025-02-14,George St,Otago,Beauty,6,509.22
S3892,2025-10-17,George St,Otago,Grocery,4,195.11
S3893,2025-06-26,Riccarton,Canterbury,Electronics,12,2880.14
S3894,2025-06-16,Lambton,Wellington,Apparel,9,2512.64
S3895,2025-09-20,Queen St,Auckland,Beauty,11,704.66
S3896,2025-08-08,Riccarton,Canterbury,Beauty,5,780.46
S3897,2025-03-26,George St,Otago,Electronics,7,1321.21
S3898,2025-02-03,Hamilton Central,Waikato,Beauty,8,2132.26
S3899,2025-06-12,Queen St,Auckland,Beauty,1,178.99
S3900,2025-10-10,Riccarton,Canterbury,Home,2,277.26
S3901,2025-01-15,Riccarton,Canterbury,Grocery,6,598.92
S3902,2025-09-23,Hamilton Central,Waikato,Electronics,4,836.72
S3903,2025-08-18,Queen St,Auckland,Home,10,2608.9
S3904,2025-06-10,Hamilton Central,Waikato,Apparel,1,46.81
S3905,2025-01-25,Hamilton Central,Waikato,Electronics,6,1104.78
S3906,2025-07-03,Hamilton Central,Waikato,Electronics,4,989.82
S3907,2025-03-03,Riccarton,Canterbury,Beauty,12,408.89
S3908,2025-11-27,Queen St,Auckland,Grocery,4,1012.33
S3909,2025-01-25,George St,Otago,Electronics,3,831.36
S3910,2025-09-09,Queen St,Auckland,Apparel,2,357.17
S3911,2025-12-08,Hamilton Central,Waikato,Electronics,12,1830.02
S3912,2025-08-19,George St,Otago,Grocery,4,1016.07
S3913,2025-12-28,Lambton,Wellington,Grocery,5,1033.81
S3914,2025-04-23,Hamilton Central,Waikato,Beauty,7,1628.92
S3915,2025-04-28,George St,Otago,Home,8,948.4
S3916,2025-02-17,Hamilton Central,Waikato,Beauty,11,670.07
S3917,2025-02-20,Lambton,Wellington,Beauty,7,1929.97
S3918,2025-04-17,Lambton,Wellington,Electronics,4,1005.96
S3919,2025-10-25,Queen St,Auckland,Apparel,8,966.59
S3920,2025-05-21,Hamilton Central,Waikato,Apparel,4,932.2
S3921,2025-05-25,Queen St,Auckland,Electronics,12,1407.39
S3922,2025-08-04,Riccarton,Canterbury,Home,12,2794.43
S3923,2025-07-27,Queen St,Auckland,Grocery,1,104.91
S3924,2025-04-11,Lambton,Wellington,Home,12,2853.99
S3925,2025-02-05,George St,Otago,Electronics,4,876.85
S3926,2025-09-05,Hamilton Central,Waikato,Beauty,3,701.91
S3927,2025-03-22,George St,Otago,Beauty,6,427.0
S3928,2025-10-19,George St,Otago,Apparel,11,2273.19
S3929,2025-06-11,Hamilton Central,Waikato,Beauty,3,371.33
S3930,2025-11-08,Lambton,Wellington,Home,4,1074.99
S3931,2025-02-02,Queen St,Auckland,Electronics,10,1953.87
S3932,2025-01-05,Lambton,Wellington,Beauty,2,571.6
S3933,2025-12-18,Queen St,Auckland,Beauty,1,83.36
S3934,2025-03-20,Lambton,Wellington,Beauty,6,1572.05
S3935,2025-01-05,Lambton,Wellington,Beauty,3,460.97
S3936,2025-12-13,Queen St,Auckland,Apparel,1,146.37
S3937,2025-04-27,Riccarton,Canterbury,Apparel,11,2526.99
S3938,2025-01-07,Queen St,Auckland,Grocery,6,492.6
S3939,2025-04-13,Lambton,Wellington,Apparel,1,272.18
S3940,2025-08-01,Queen St,Auckland,Home,12,224.59
S3941,2025-09-19,Queen St,Auckland,Beauty,12,2871.87
S3942,2025-11-27,George St,Otago,Electronics,8,1357.75
S3943,2025-06-11,Hamilton Central,Waikato,Grocery,8,2349.86
S3944,2025-08-14,Queen St,Auckland,Apparel,7,866.34
S3945,2025-01-19,Riccarton,Canterbury,Beauty,9,1249.32
S3946,2025-06-12,George St,Otago,Beauty,5,1038.48
S3947,2025-01-28,Queen St,Auckland,Electronics,2,461.51
S3948,2025-02-22,Lambton,Wellington,Home,9,1144.91
S3949,2025-11-20,George St,Otago,Grocery,4,255.55
S3950,2025-09-01,Riccarton,Canterbury,Home,11,3057.14
S3951,2025-04-22,Queen St,Auckland,Home,6,1114.77
S3952,2025-09-09,Queen St,Auckland,Home,5,753.22
S3953,2025-10-12,Lambton,Wellington,Grocery,3,876.09
S3954,2025-11-28,Lambton,Wellington,Apparel,12,1748.98
S3955,2025-04-27,Riccarton,Canterbury,Grocery,7,1134.07
S3956,2025-04-09,George St,Otago,Grocery,2,187.51
S3957,2025-08-15,George St,Otago,Home,6,622.04
S3958,2025-03-03,Riccarton,Canterbury,Grocery,2,220.26
S3959,2025-04-15,Queen St,Auckland,Grocery,5,203.26
S3960,2025-11-15,Lambton,Wellington,Beauty,5,134.66
S3961,2025-07-25,Lambton,Wellington,Grocery,7,733.79
S3962,2025-08-18,Queen St,Auckland,Home,4,1004.47
S3963,2025-03-28,Hamilton Central,Waikato,Beauty,5,262.02
S3964,2025-11-21,Hamilton Central,Waikato,Beauty,12,2853.55
S3965,2025-05-15,George St,Otago,Beauty,8,1083.54
S3966,2025-12-09,Lambton,Wellington,Apparel,12,677.92
S3967,2025-10-02,Lambton,Wellington,Beauty,10,2100.14
S3968,2025-10-08,Riccarton,Canterbury,Beauty,11,1128.17
S3969,2025-09-03,Hamilton Central,Waikato,Electronics,5,585.32
S3970,2025-12-14,Queen St,Auckland,Apparel,12,2068.54
S3971,2025-06-14,Hamilton Central,Waikato,Apparel,9,1505.2
S3972,2025-07-24,Hamilton Central,Waikato,Beauty,10,2039.61
S3973,2025-06-24,Riccarton,Canterbury,Grocery,6,480.22
S3974,2025-06-22,Lambton,Wellington,Home,3,630.8
S3975,2025-11-07,Lambton,Wellington,Electronics,10,873.96
S3976,2025-03-22,Queen St,Auckland,Electronics,2,442.67
S3977,2025-04-07,Riccarton,Canterbury,Beauty,2,30.14
S3978,2025-07-18,George St,Otago,Beauty,10,2066.79
S3979,2025-12-09,Riccarton,Canterbury,Electronics,10,2666.67
S3980,2025-04-11,George St,Otago,Electronics,6,1449.72
S3981,2025-05-25,Riccarton,Canterbury,Grocery,1,171.92
S3982,2025-02-17,Queen St,Auckland,Grocery,11,797.21
S3983,2025-04-13,George St,Otago,Home,11,135.11
S3984,2025-04-21,George St,Otago,Home,4,392.87
S3985,2025-10-19,Queen St,Auckland,Apparel,6,65.92
S3986,2025-06-06,George St,Otago,Grocery,7,1281.11
S3987,2025-08-18,Riccarton,Canterbury,Home,7,81.1
S3988,2025-08-09,Queen St,Auckland,Grocery,2,179.05
S3989,2025-06-16,Queen St,Auckland,Apparel,2,113.51
S3990,2025-02-02,Lambton,Wellington,Grocery,6,1178.49
S3991,2025-11-07,Lambton,Wellington,Apparel,4,238.62
S3992,2025-05-20,Lambton,Wellington,Beauty,6,414.63
S3993,2025-06-27,Hamilton Central,Waikato,Grocery,11,2657.37
S3994,2025-09-06,Riccarton,Canterbury,Beauty,6,808.12
S3995,2025-06-03,Riccarton,Canterbury,Home,3,431.42
S3996,2025-10-16,Lambton,Wellington,Home,4,690.94
S3997,2025-12-12,Hamilton Central,Waikato,Electronics,10,1783.04
S3998,2025-07-13,Lambton,Wellington,Apparel,4,73.05
S3999,2025-12-26,George St,Otago,Grocery,12,2091.29
S4000,2025-07-26,Queen St,Auckland,Beauty,6,1304.95
S4001,2025-08-01,Queen St,Auckland,Beauty,2,81.7
S4002,2025-05-13,Hamilton Central,Waikato,Beauty,4,1112.4
S4003,2025-08-03,Lambton,Wellington,Beauty,8,2109.63
S4004,2025-06-01,Queen St,Auckland,Electronics,9,1002.23
S4005,2025-09-08,Riccarton,Canterbury,Home,3,465.64
S4006,2025-07-28,George St,Otago,Home,7,1739.66
S4007,2025-11-16,Queen St,Auckland,Home,5,574.72
S4008,2025-01-20,George St,Otago,Home,8,503.72
S4009,2025-06-18,George St,Otago,Electronics,8,2218.19
S4010,2025-08-04,Queen St,Auckland,Electronics,1,182.67
S4011,2025-10-22,Riccarton,Canterbury,Electronics,4,1107.84
S4012,2025-09-13,Lambton,Wellington,Grocery,11,2569.78
S4013,2025-09-06,George St,Otago,Home,9,1936.76
S4014,2025-04-03,Lambton,Wellington,Electronics,2,32.92
S4015,2025-07-15,Hamilton Central,Waikato,Electronics,3,884.28
S4016,2025-01-07,Hamilton Central,Waikato,Beauty,5,945.79
S4017,2025-01-05,Riccarton,Canterbury,Home,11,3051.58
S4018,2025-05-21,Queen St,Auckland,Electronics,12,1418.47
S4019,2025-07-24,Hamilton Central,Waikato,Apparel,10,1759.15
S4020,2025-03-05,George St,Otago,Grocery,4,1017.68
S4021,2025-07-21,George St,Otago,Home,6,747.63
S4022,2025-04-07,Lambton,Wellington,Beauty,7,1198.28
S4023,2025-06-25,Riccarton,Canterbury,Home,4,1193.0
S4024,2025-12-17,Hamilton Central,Waikato,Grocery,2,585.88
S4025,2025-02-28,George St,Otago,Beauty,12,265.08
S4026,2025-12-14,George St,Otago,Apparel,7,1398.51
S4027,2025-09-17,Hamilton Central,Waikato,Grocery,11,1896.14
S4028,2025-08-14,Lambton,Wellington,Beauty,10,2307.06
S4029,2025-06-19,Queen St,Auckland,Electronics,8,1503.27
S4030,2025-07-05,Hamilton Central,Waikato,Apparel,9,532.33
S4031,2025-10-09,Queen St,Auckland,Apparel,12,681.42
S4032,2025-02-05,George St,Otago,Electronics,3,604.28
S4033,2025-08-11,George St,Otago,Home,3,133.58
S4034,2025-09-24,Hamilton Central,Waikato,Apparel,10,2150.91
S4035,2025-07-02,George St,Otago,Apparel,5,440.34
S4036,2025-05-07,Queen St,Auckland,Home,1,265.42
S4037,2025-04-06,Lambton,Wellington,Electronics,6,140.56
S4038,2025-12-11,Queen St,Auckland,Apparel,2,101.22
S4039,2025-11-21,Riccarton,Canterbury,Electronics,12,1857.17
S4040,2025-07-26,Hamilton Central,Waikato,Home,11,1678.96
S4041,2025-06-14,Lambton,Wellington,Home,4,263.34
S4042,2025-07-18,Lambton,Wellington,Home,1,108.66
S4043,2025-10-28,Lambton,Wellington,Home,1,106.06
S4044,2025-02-13,Queen St,Auckland,Beauty,2,535.67
S4045,2025-10-08,Queen St,Auckland,Apparel,5,79.36
S4046,2025-04-01,Hamilton Central,Waikato,Electronics,2,337.02
S4047,2025-05-06,George St,Otago,Grocery,12,1897.8
S4048,2025-03-16,Riccarton,Canterbury,Electronics,10,505.96
S4049,2025-01-11,Queen St,Auckland,Home,4,455.44
S4050,2025-12-01,Lambton,Wellington,Home,4,175.83
S4051,2025-07-06,Queen St,Auckland,Grocery,12,3107.57
S4052,2025-02-15,Lambton,Wellington,Grocery,11,645.95
S4053,2025-02-06,Riccarton,Canterbury,Home,4,1142.16
S4054,2025-05-06,Hamilton Central,Waikato,Home,2,271.19
S4055,2025-04-02,Hamilton Central,Waikato,Grocery,12,2149.7
S4056,2025-10-20,Riccarton,Canterbury,Beauty,5,1489.11
S4057,2025-05-26,George St,Otago,Beauty,2,557.19
S4058,2025-08-18,George St,Otago,Electronics,7,1927.73
S4059,2025-02-10,Hamilton Central,Waikato,Beauty,8,2337.35
S4060,2025-10-25,Hamilton Central,Waikato,Beauty,4,1074.85
S4061,2025-05-16,Riccarton,Canterbury,Home,1,154.96
S4062,2025-07-20,George St,Otago,Electronics,1,31.88
S4063,2025-03-21,Riccarton,Canterbury,Apparel,8,1564.65
S4064,2025-06-28,Queen St,Auckland,Electronics,6,235.58
S4065,2025-06-18,George St,Otago,Apparel,3,656.14
S4066,2025-07-24,Queen St,Auckland,Grocery,2,110.79
S4067,2025-01-03,Hamilton Central,Waikato,Home,11,2921.15
S4068,2025-09-10,Lambton,Wellington,Apparel,5,634.51
S4069,2025-07-04,Riccarton,Canterbury,Home,3,574.26
S4070,2025-02-26,Lambton,Wellington,Home,7,650.79
S4071,2025-02-21,George St,Otago,Apparel,4,647.79
S4072,2025-04-26,George St,Otago,Home,2,363.02
S4073,2025-07-14,Hamilton Central,Waikato,Home,6,1690.63
S4074,2025-01-11,Riccarton,Canterbury,Electronics,11,2763.57
S4075,2025-05-22,Queen St,Auckland,Beauty,3,362.23
S4076,2025-10-10,Queen St,Auckland,Apparel,9,1799.65
S4077,2025-09-12,George St,Otago,Apparel,9,2616.16
S4078,2025-01-21,George St,Otago,Home,6,1527.43
S4079,2025-02-22,George St,Otago,Grocery,8,653.71
S4080,2025-01-26,Hamilton Central,Waikato,Grocery,5,408.01
S4081,2025-02-28,George St,Otago,Beauty,1,65.52
S4082,2025-12-07,Queen St,Auckland,Apparel,6,1175.95
S4083,2025-08-20,Lambton,Wellington,Apparel,2,382.83
S4084,2025-05-04,Riccarton,Canterbury,Electronics,12,859.26
S4085,2025-09-26,Hamilton Central,Waikato,Apparel,8,589.41
S4086,2025-01-19,Riccarton,Canterbury,Apparel,7,873.85
S4087,2025-08-21,Hamilton Central,Waikato,Home,12,2313.45
S4088,2025-08-24,Riccarton,Canterbury,Beauty,6,1390.04
S4089,2025-10-23,Lambton,Wellington,Beauty,6,200.62
S4090,2025-10-24,Lambton,Wellington,Beauty,9,2083.17
S4091,2025-06-17,Hamilton Central,Waikato,Home,5,417.42
S4092,2025-10-16,George St,Otago,Electronics,6,1547.97
S4093,2025-02-05,George St,Otago,Home,7,218.22
S4094,2025-08-22,George St,Otago,Electronics,1,258.37
S4095,2025-04-17,Lambton,Wellington,Home,9,2501.86
S4096,2025-04-02,George St,Otago,Grocery,2,196.96
S4097,2025-07-14,Queen St,Auckland,Grocery,5,759.91
S4098,2025-01-22,Queen St,Auckland,Grocery,12,2915.27
S4099,2025-04-16,Lambton,Wellington,Electronics,8,2211.27
S4100,2025-10-07,George St,Otago,Grocery,11,2825.26
S4101,2025-02-15,Queen St,Auckland,Beauty,2,348.44
S4102,2025-08-27,Queen St,Auckland,Electronics,5,444.31
S4103,2025-06-12,Lambton,Wellington,Apparel,2,91.24
S4104,2025-12-20,Lambton,Wellington,Home,3,601.33
S4105,2025-12-15,Hamilton Central,Waikato,Electronics,1,89.49
S4106,2025-10-21,Hamilton Central,Waikato,Apparel,2,552.99
S4107,2025-08-04,Queen St,Auckland,Beauty,6,1209.57
S4108,2025-02-06,Queen St,Auckland,Home,9,1887.7
S4109,2025-10-01,Lambton,Wellington,Grocery,8,1622.13
S4110,2025-07-11,Riccarton,Canterbury,Grocery,1,128.39
S4111,2025-01-14,Hamilton Central,Waikato,Electronics,10,2386.53
S4112,2025-02-14,Hamilton Central,Waikato,Home,3,736.92
S4113,2025-12-27,Riccarton,Canterbury,Apparel,8,1837.3
S4114,2025-07-22,Queen St,Auckland,Apparel,5,1139.06
S4115,2025-03-26,Lambton,Wellington,Apparel,4,574.13
S4116,2025-02-03,Riccarton,Canterbury,Beauty,11,1967.92
S4117,2025-11-22,Hamilton Central,Waikato,Apparel,7,571.82
S4118,2025-10-23,Hamilton Central,Waikato,Apparel,3,414.7
S4119,2025-07-25,Riccarton,Canterbury,Grocery,7,1939.17
S4120,2025-01-25,Lambton,Wellington,Home,11,460.14
S4121,2025-04-20,Queen St,Auckland,Beauty,9,1292.52
S4122,2025-12-07,Queen St,Auckland,Grocery,9,861.86
S4123,2025-04-09,George St,Otago,Home,2,58.71
S4124,2025-03-08,Lambton,Wellington,Home,7,1473.4
S4125,2025-12-10,Hamilton Central,Waikato,Electronics,3,252.74
S4126,2025-06-14,Queen St,Auckland,Beauty,12,2532.32
S4127,2025-02-04,Lambton,Wellington,Home,1,24.85
S4128,2025-03-05,Riccarton,Canterbury,Grocery,2,273.62
S4129,2025-11-16,Hamilton Central,Waikato,Apparel,3,337.22
S4130,2025-12-24,Riccarton,Canterbury,Apparel,12,811.94
S4131,2025-11-14,Hamilton Central,Waikato,Electronics,8,1937.57
S4132,2025-04-08,Hamilton Central,Waikato,Apparel,5,808.18
S4133,2025-01-25,George St,Otago,Electronics,11,1390.45
S4134,2025-05-03,Hamilton Central,Waikato,Beauty,12,655.15
S4135,2025-12-05,Queen St,Auckland,Beauty,10,2655.98
S4136,2025-10-15,George St,Otago,Beauty,6,1175.09
S4137,2025-08-12,Hamilton Central,Waikato,Beauty,7,1150.76
S4138,2025-12-20,Lambton,Wellington,Grocery,9,973.54
S4139,2025-10-26,Hamilton Central,Waikato,Beauty,3,92.25
S4140,2025-10-10,Riccarton,Canterbury,Grocery,3,303.14
S4141,2025-07-25,Queen St,Auckland,Apparel,11,359.18
S4142,2025-05-09,Queen St,Auckland,Beauty,2,227.67
S4143,2025-12-26,Queen St,Auckland,Grocery,7,2030.37
S4144,2025-11-16,Lambton,Wellington,Grocery,4,262.28
S4145,2025-07-02,Riccarton,Canterbury,Grocery,4,787.72
S4146,2025-07-06,Lambton,Wellington,Home,3,722.56
S4147,2025-10-10,George St,Otago,Home,9,1776.36
S4148,2025-12-09,Lambton,Wellington,Grocery,9,2019.74
S4149,2025-02-26,Riccarton,Canterbury,Grocery,12,1894.34
S4150,2025-02-01,Hamilton Central,Waikato,Home,3,821.12
S4151,2025-07-22,Lambton,Wellington,Grocery,3,521.91
S4152,2025-01-12,Hamilton Central,Waikato,Apparel,3,655.2
S4153,2025-05-25,Queen St,Auckland,Grocery,7,1632.09
S4154,2025-08-06,Queen St,Auckland,Electronics,8,1335.44
S4155,2025-03-03,Queen St,Auckland,Beauty,1,84.05
S4156,2025-07-19,Riccarton,Canterbury,Electronics,4,1180.03
S4157,2025-06-28,Hamilton Central,Waikato,Electronics,6,546.17
S4158,2025-09-19,Lambton,Wellington,Electronics,9,1218.17
S4159,2025-08-19,Riccarton,Canterbury,Grocery,1,190.04
S4160,2025-05-10,George St,Otago,Home,1,219.67
S4161,2025-08-06,Riccarton,Canterbury,Apparel,5,985.6
S4162,2025-09-24,Hamilton Central,Waikato,Electronics,1,52.45
S4163,2025-01-23,Queen St,Auckland,Grocery,12,1887.32
S4164,2025-04-18,Queen St,Auckland,Electronics,2,558.11
S4165,2025-02-08,Hamilton Central,Waikato,Electronics,5,1130.49
S4166,2025-03-04,Hamilton Central,Waikato,Apparel,11,2119.87
S4167,2025-07-04,Hamilton Central,Waikato,Apparel,7,563.4
S4168,2025-09-19,Lambton,Wellington,Apparel,5,1224.34
S4169,2025-10-06,George St,Otago,Home,7,1733.9
S4170,2025-09-05,Lambton,Wellington,Home,8,2382.12
S4171,2025-05-18,Queen St,Auckland,Grocery,2,311.99
S4172,2025-08-14,Hamilton Central,Waikato,Apparel,1,22.6
S4173,2025-02-01,Lambton,Wellington,Grocery,2,100.26
S4174,2025-02-24,Lambton,Wellington,Apparel,1,96.92
S4175,2025-08-18,Queen St,Auckland,Home,9,2393.22
S4176,2025-04-08,Lambton,Wellington,Apparel,1,202.09
S4177,2025-07-04,Lambton,Wellington,Beauty,1,194.73
S4178,2025-07-04,Queen St,Auckland,Grocery,11,2300.58
S4179,2025-02-14,Riccarton,Canterbury,Home,12,2167.38
S4180,2025-03-25,George St,Otago,Apparel,2,423.0
S4181,2025-02-27,Hamilton Central,Waikato,Grocery,10,2806.78
S4182,2025-01-14,Hamilton Central,Waikato,Home,11,2232.23
S4183,2025-03-23,Lambton,Wellington,Electronics,7,594.52
S4184,2025-11-02,Hamilton Central,Waikato,Apparel,10,561.55
S4185,2025-12-14,George St,Otago,Beauty,11,2369.4
S4186,2025-04-24,Hamilton Central,Waikato,Home,4,485.65
S4187,2025-01-20,Queen St,Auckland,Apparel,7,1830.96
S4188,2025-01-23,Riccarton,Canterbury,Apparel,5,204.7
S4189,2025-07-04,Hamilton Central,Waikato,Apparel,11,2458.16
S4190,2025-04-21,George St,Otago,Apparel,11,2851.16
S4191,2025-12-14,Hamilton Central,Waikato,Grocery,8,1790.38
S4192,2025-05-20,Queen St,Auckland,Beauty,4,931.28
S4193,2025-03-21,Hamilton Central,Waikato,Apparel,8,1072.06
S4194,2025-06-21,Lambton,Wellington,Apparel,4,1151.61
S4195,2025-11-25,Queen St,Auckland,Beauty,9,591.24
S4196,2025-04-22,Riccarton,Canterbury,Grocery,12,2290.09
S4197,2025-11-21,Queen St,Auckland,Grocery,11,2291.08
S4198,2025-07-19,Riccarton,Canterbury,Grocery,12,2056.46
S4199,2025-09-24,Queen St,Auckland,Beauty,12,3531.53
S4200,2025-03-12,Hamilton Central,Waikato,Grocery,8,2081.37
S4201,2025-06-02,George St,Otago,Beauty,1,62.09
S4202,2025-09-24,Hamilton Central,Waikato,Beauty,4,463.74
S4203,2025-08-23,Queen St,Auckland,Beauty,5,1365.7
S4204,2025-01-13,George St,Otago,Beauty,11,2663.7
S4205,2025-09-13,Queen St,Auckland,Electronics,10,1463.87
S4206,2025-05-14,Queen St,Auckland,Beauty,2,107.36
S4207,2025-02-01,Queen St,Auckland,Home,8,2346.34
S4208,2025-02-01,Lambton,Wellington,Apparel,8,1544.05
S4209,2025-09-15,George St,Otago,Apparel,11,2377.99
S4210,2025-02-04,Lambton,Wellington,Electronics,4,927.01
S4211,2025-05-23,George St,Otago,Electronics,10,2122.94
S4212,2025-08-12,Lambton,Wellington,Grocery,2,411.04
S4213,2025-04-01,George St,Otago,Home,10,774.2
S4214,2025-05-09,George St,Otago,Grocery,9,1670.67
S4215,2025-04-17,George St,Otago,Apparel,3,595.16
S4216,2025-09-02,Riccarton,Canterbury,Home,7,1171.87
S4217,2025-10-22,Riccarton,Canterbury,Home,7,2099.63
S4218,2025-03-03,Hamilton Central,Waikato,Electronics,2,428.41
S4219,2025-06-17,Hamilton Central,Waikato,Apparel,2,305.13
S4220,2025-07-13,George St,Otago,Apparel,12,1214.81
S4221,2025-12-21,Riccarton,Canterbury,Grocery,11,3258.66
S4222,2025-04-01,Lambton,Wellington,Electronics,12,1189.25
S4223,2025-11-25,George St,Otago,Beauty,11,2536.51
S4224,2025-07-13,George St,Otago,Apparel,8,208.46
S4225,2025-01-26,Hamilton Central,Waikato,Apparel,1,82.72
S4226,2025-03-12,Hamilton Central,Waikato,Electronics,10,1474.13
S4227,2025-10-10,George St,Otago,Beauty,12,1427.34
S4228,2025-02-14,George St,Otago,Home,8,1499.77
S4229,2025-10-15,Queen St,Auckland,Apparel,11,874.81
S4230,2025-02-23,George St,Otago,Home,2,150.89
S4231,2025-12-24,Hamilton Central,Waikato,Beauty,4,455.32
S4232,2025-03-02,George St,Otago,Apparel,11,2775.76
S4233,2025-10-05,Hamilton Central,Waikato,Electronics,3,867.7
S4234,2025-05-13,Lambton,Wellington,Home,7,1622.78
S4235,2025-01-12,Queen St,Auckland,Apparel,4,258.45
S4236,2025-10-21,Hamilton Central,Waikato,Grocery,11,667.04
S4237,2025-06-02,Lambton,Wellington,Home,11,2959.86
S4238,2025-12-20,Riccarton,Canterbury,Home,5,1296.96
S4239,2025-07-12,George St,Otago,Home,4,597.65
S4240,2025-09-26,Hamilton Central,Waikato,Electronics,4,531.28
S4241,2025-09-22,Riccarton,Canterbury,Home,4,490.41
S4242,2025-09-18,Hamilton Central,Waikato,Electronics,5,330.17
S4243,2025-04-28,Hamilton Central,Waikato,Home,7,1748.55
S4244,2025-07-14,Hamilton Central,Waikato,Grocery,10,873.03
S4245,2025-05-10,Lambton,Wellington,Home,3,340.92
S4246,2025-10-15,Lambton,Wellington,Electronics,3,695.7
S4247,2025-12-24,Queen St,Auckland,Apparel,9,740.22
S4248,2025-09-28,Riccarton,Canterbury,Apparel,4,729.19
S4249,2025-04-04,Riccarton,Canterbury,Beauty,3,332.81
S4250,2025-08-07,Hamilton Central,Waikato,Apparel,2,305.78
S4251,2025-11-10,Riccarton,Canterbury,Home,8,1840.6
S4252,2025-07-28,George St,Otago,Apparel,10,1848.7
S4253,2025-09-20,Hamilton Central,Waikato,Grocery,8,1575.3
S4254,2025-08-27,Lambton,Wellington,Apparel,5,153.92
S4255,2025-07-20,Lambton,Wellington,Beauty,3,467.25
S4256,2025-11-04,Queen St,Auckland,Apparel,11,1444.62
S4257,2025-10-22,Riccarton,Canterbury,Apparel,2,22.45
S4258,2025-08-13,Lambton,Wellington,Grocery,8,965.43
S4259,2025-02-06,Lambton,Wellington,Electronics,4,80.98
S4260,2025-05-19,George St,Otago,Grocery,3,705.56
S4261,2025-12-10,Riccarton,Canterbury,Apparel,1,37.97
S4262,2025-11-11,George St,Otago,Beauty,11,747.64
S4263,2025-08-04,George St,Otago,Grocery,7,1603.78
S4264,2025-09-17,Queen St,Auckland,Beauty,5,259.19
S4265,2025-05-16,Lambton,Wellington,Electronics,5,878.14
S4266,2025-07-03,Queen St,Auckland,Grocery,3,780.57
S4267,2025-10-02,Lambton,Wellington,Beauty,2,163.45
S4268,2025-06-16,Lambton,Wellington,Home,3,276.6
S4269,2025-11-19,Queen St,Auckland,Beauty,5,1361.25
S4270,2025-01-10,Riccarton,Canterbury,Electronics,11,2837.48
S4271,2025-02-28,Lambton,Wellington,Apparel,1,201.25
S4272,2025-06-02,George St,Otago,Grocery,5,1142.77
S4273,2025-07-25,Queen St,Auckland,Home,7,1298.62
S4274,2025-02-25,Riccarton,Canterbury,Grocery,6,824.45
S4275,2025-12-21,Riccarton,Canterbury,Home,11,2149.8
S4276,2025-02-04,George St,Otago,Beauty,5,846.39
S4277,2025-07-25,Lambton,Wellington,Grocery,10,855.72
S4278,2025-08-27,George St,Otago,Electronics,9,432.36
S4279,2025-04-07,Hamilton Central,Waikato,Home,10,2303.04
S4280,2025-07-08,Hamilton Central,Waikato,Home,2,242.2
S4281,2025-02-05,George St,Otago,Beauty,6,1314.13
S4282,2025-01-11,George St,Otago,Beauty,9,763.17
S4283,2025-07-04,Queen St,Auckland,Grocery,11,3186.18
S4284,2025-05-12,Queen St,Auckland,Home,7,1281.3
S4285,2025-01-25,Queen St,Auckland,Apparel,10,741.97
S4286,2025-10-17,Lambton,Wellington,Home,6,1367.52
S4287,2025-10-09,Lambton,Wellington,Grocery,5,265.44
S4288,2025-01-03,Hamilton Central,Waikato,Grocery,8,1841.36
S4289,2025-08-19,Queen St,Auckland,Grocery,11,212.61
S4290,2025-08-16,Hamilton Central,Waikato,Grocery,4,510.75
S4291,2025-06-02,George St,Otago,Beauty,7,1225.32
S4292,2025-06-01,Riccarton,Canterbury,Home,6,1528.73
S4293,2025-10-21,George St,Otago,Home,7,667.46
S4294,2025-07-09,George St,Otago,Home,5,361.09
S4295,2025-07-18,Queen St,Auckland,Apparel,4,226.63
S4296,2025-04-19,Queen St,Auckland,Beauty,3,103.23
S4297,2025-05-23,Queen St,Auckland,Beauty,6,895.05
S4298,2025-03-28,Hamilton Central,Waikato,Grocery,11,283.98
S4299,2025-09-11,Hamilton Central,Waikato,Grocery,12,792.64
S4300,2025-03-24,Riccarton,Canterbury,Electronics,6,1437.51
S4301,2025-11-04,Queen St,Auckland,Electronics,1,38.57
S4302,2025-12-15,George St,Otago,Apparel,1,69.11
S4303,2025-11-18,George St,Otago,Beauty,8,1333.53
S4304,2025-11-24,Lambton,Wellington,Beauty,11,1142.6
S4305,2025-03-22,Hamilton Central,Waikato,Electronics,10,1681.7
S4306,2025-03-06,George St,Otago,Beauty,5,690.96
S4307,2025-08-18,Lambton,Wellington,Electronics,2,357.93
S4308,2025-06-01,Queen St,Auckland,Home,1,270.49
S4309,2025-08-23,Riccarton,Canterbury,Home,5,1186.67
S4310,2025-10-08,Hamilton Central,Waikato,Grocery,3,388.7
S4311,2025-04-22,Queen St,Auckland,Beauty,4,120.64
S4312,2025-12-23,Riccarton,Canterbury,Beauty,8,1039.49
S4313,2025-10-27,Lambton,Wellington,Apparel,6,805.36
S4314,2025-03-05,Queen St,Auckland,Grocery,12,278.07
S4315,2025-01-21,Hamilton Central,Waikato,Home,5,1189.91
S4316,2025-10-16,Queen St,Auckland,Grocery,2,189.76
S4317,2025-10-12,Queen St,Auckland,Apparel,8,1500.94
S4318,2025-02-10,Riccarton,Canterbury,Beauty,11,2248.91
S4319,2025-09-22,George St,Otago,Apparel,1,202.59
S4320,2025-09-24,Hamilton Central,Waikato,Electronics,8,1339.09
S4321,2025-02-11,Queen St,Auckland,Beauty,12,3186.82
S4322,2025-04-24,Hamilton Central,Waikato,Beauty,4,1064.16
S4323,2025-05-26,Hamilton Central,Waikato,Grocery,12,1358.98
S4324,2025-07-14,Riccarton,Canterbury,Grocery,1,260.06
S4325,2025-09-21,Hamilton Central,Waikato,Grocery,3,270.47
S4326,2025-11-19,Hamilton Central,Waikato,Grocery,8,1624.57
S4327,2025-03-03,Lambton,Wellington,Apparel,12,2533.15
S4328,2025-08-06,Queen St,Auckland,Beauty,10,895.45
S4329,2025-05-11,Queen St,Auckland,Grocery,10,509.17
S4330,2025-01-18,George St,Otago,Apparel,9,93.05
S4331,2025-10-19,Lambton,Wellington,Home,6,573.63
S4332,2025-08-12,George St,Otago,Grocery,9,2304.96
S4333,2025-04-18,Riccarton,Canterbury,Electronics,1,237.3
S4334,2025-06-18,Hamilton Central,Waikato,Home,1,17.5
S4335,2025-02-13,Riccarton,Canterbury,Home,10,2455.73
S4336,2025-08-19,Riccarton,Canterbury,Grocery,1,176.06
S4337,2025-11-17,George St,Otago,Grocery,9,2489.53
S4338,2025-03-04,Lambton,Wellington,Home,1,69.67
S4339,2025-04-07,George St,Otago,Grocery,1,197.95
S4340,2025-03-09,Hamilton Central,Waikato,Home,8,1466.32
S4341,2025-06-06,Riccarton,Canterbury,Electronics,11,1079.21
S4342,2025-11-13,Lambton,Wellington,Apparel,11,2306.29
S4343,2025-01-28,Riccarton,Canterbury,Apparel,11,1278.9
S4344,2025-03-21,Hamilton Central,Waikato,Grocery,7,238.05
S4345,2025-03-14,Riccarton,Canterbury,Grocery,11,2614.05
S4346,2025-02-10,Queen St,Auckland,Grocery,1,91.56
S4347,2025-07-15,Lambton,Wellington,Grocery,10,2564.92
S4348,2025-10-11,George St,Otago,Home,8,691.19
S4349,2025-10-27,Lambton,Wellington,Home,3,335.73
S4350,2025-03-13,Queen St,Auckland,Electronics,9,1351.41
S4351,2025-08-23,Riccarton,Canterbury,Beauty,11,339.38
S4352,2025-08-12,Queen St,Auckland,Electronics,9,2521.79
S4353,2025-08-01,Lambton,Wellington,Apparel,6,1261.2
S4354,2025-01-17,Hamilton Central,Waikato,Apparel,2,237.26
S4355,2025-10-05,Riccarton,Canterbury,Home,1,129.18
S4356,2025-10-21,Lambton,Wellington,Beauty,3,679.11
S4357,2025-08-02,Queen St,Auckland,Grocery,8,191.73
S4358,2025-11-05,Queen St,Auckland,Grocery,10,1435.52
S4359,2025-11-21,Queen St,Auckland,Apparel,4,928.8
S4360,2025-06-24,George St,Otago,Grocery,3,638.11
S4361,2025-05-23,Queen St,Auckland,Apparel,8,1561.11
S4362,2025-09-28,Riccarton,Canterbury,Electronics,1,172.18
S4363,2025-07-23,Queen St,Auckland,Electronics,8,1342.06
S4364,2025-06-15,Queen St,Auckland,Beauty,3,136.46
S4365,2025-01-15,Hamilton Central,Waikato,Apparel,10,2196.24
S4366,2025-12-01,Queen St,Auckland,Apparel,3,500.54
S4367,2025-02-01,Lambton,Wellington,Grocery,2,206.79
S4368,2025-01-01,Queen St,Auckland,Beauty,10,1807.83
S4369,2025-05-06,George St,Otago,Grocery,10,2362.68
S4370,2025-06-15,Riccarton,Canterbury,Electronics,7,823.93
S4371,2025-03-18,Lambton,Wellington,Beauty,12,1355.87
S4372,2025-12-18,George St,Otago,Apparel,7,1396.74
S4373,2025-08-20,George St,Otago,Beauty,1,145.82
S4374,2025-04-27,Hamilton Central,Waikato,Beauty,5,1026.37
S4375,2025-03-08,Hamilton Central,Waikato,Beauty,1,82.94
S4376,2025-03-10,Riccarton,Canterbury,Electronics,1,240.65
S4377,2025-10-17,Lambton,Wellington,Beauty,1,264.29
S4378,2025-05-04,George St,Otago,Beauty,9,1314.77
S4379,2025-01-06,Riccarton,Canterbury,Apparel,7,661.27
S4380,2025-01-10,George St,Otago,Electronics,5,1466.85
S4381,2025-11-16,Lambton,Wellington,Beauty,10,2530.08
S4382,2025-11-13,Lambton,Wellington,Home,1,143.86
S4383,2025-12-26,George St,Otago,Apparel,8,1808.46
S4384,2025-08-22,Lambton,Wellington,Electronics,2,93.38
S4385,2025-09-18,George St,Otago,Home,6,1518.86
S4386,2025-02-26,Hamilton Central,Waikato,Home,12,1890.4
S4387,2025-03-12,Queen St,Auckland,Apparel,1,266.4
S4388,2025-04-26,Hamilton Central,Waikato,Grocery,2,434.19
S4389,2025-11-24,Riccarton,Canterbury,Apparel,4,627.59
S4390,2025-12-12,Queen St,Auckland,Beauty,6,1343.04
S4391,2025-01-11,Queen St,Auckland,Home,6,1242.86
S4392,2025-07-13,Hamilton Central,Waikato,Beauty,11,2277.56
S4393,2025-06-28,Riccarton,Canterbury,Beauty,4,889.07
S4394,2025-09-28,Lambton,Wellington,Grocery,1,133.31
S4395,2025-06-14,Hamilton Central,Waikato,Electronics,6,1621.94
S4396,2025-12-22,George St,Otago,Home,11,438.64
S4397,2025-06-15,Hamilton Central,Waikato,Grocery,12,2427.0
S4398,2025-03-04,Hamilton Central,Waikato,Grocery,4,1059.35
S4399,2025-08-14,Lambton,Wellington,Apparel,5,982.6
S4400,2025-05-02,Lambton,Wellington,Apparel,6,780.39
S4401,2025-02-28,George St,Otago,Apparel,9,833.5
S4402,2025-02-16,Riccarton,Canterbury,Beauty,7,986.5
S4403,2025-09-10,Riccarton,Canterbury,Home,8,2323.07
S4404,2025-06-27,Riccarton,Canterbury,Electronics,8,809.19
S4405,2025-05-03,Hamilton Central,Waikato,Home,6,1562.76
S4406,2025-02-05,Queen St,Auckland,Electronics,2,526.45
S4407,2025-01-08,Lambton,Wellington,Apparel,6,577.76
S4408,2025-07-03,George St,Otago,Home,6,132.97
S4409,2025-11-08,Hamilton Central,Waikato,Grocery,11,2336.44
S4410,2025-06-16,Riccarton,Canterbury,Beauty,7,527.45
S4411,2025-01-08,Lambton,Wellington,Apparel,11,1138.96
S4412,2025-09-26,Hamilton Central,Waikato,Electronics,6,1445.37
S4413,2025-07-14,Riccarton,Canterbury,Grocery,11,2761.5
S4414,2025-11-26,Riccarton,Canterbury,Home,8,335.59
S4415,2025-06-09,Lambton,Wellington,Home,3,138.59
S4416,2025-09-17,George St,Otago,Apparel,5,1128.85
S4417,2025-02-13,Riccarton,Canterbury,Grocery,5,696.31
S4418,2025-03-12,Lambton,Wellington,Beauty,10,1858.13
S4419,2025-11-07,Queen St,Auckland,Beauty,2,546.49
S4420,2025-04-04,Queen St,Auckland,Electronics,8,1486.13
S4421,2025-10-19,Hamilton Central,Waikato,Beauty,1,244.26
S4422,2025-08-22,Lambton,Wellington,Beauty,2,558.27
S4423,2025-05-14,Hamilton Central,Waikato,Beauty,7,596.59
S4424,2025-11-09,George St,Otago,Beauty,2,55.05
S4425,2025-05-19,George St,Otago,Electronics,12,2869.73
S4426,2025-09-07,Lambton,Wellington,Beauty,9,2257.43
S4427,2025-01-18,Riccarton,Canterbury,Apparel,9,1763.09
S4428,2025-05-25,Hamilton Central,Waikato,Grocery,4,187.77
S4429,2025-05-03,Lambton,Wellington,Electronics,7,780.19
S4430,2025-10-03,Hamilton Central,Waikato,Beauty,2,471.14
S4431,2025-01-05,Riccarton,Canterbury,Grocery,1,41.83
S4432,2025-04-14,George St,Otago,Grocery,10,1127.2
S4433,2025-05-14,George St,Otago,Home,3,443.54
S4434,2025-11-09,George St,Otago,Home,12,1089.9
S4435,2025-11-12,Queen St,Auckland,Grocery,4,355.03
S4436,2025-11-22,George St,Otago,Apparel,3,573.12
S4437,2025-07-01,Riccarton,Canterbury,Electronics,2,350.93
S4438,2025-01-15,Hamilton Central,Waikato,Home,10,2205.7
S4439,2025-02-09,Riccarton,Canterbury,Beauty,5,847.42
S4440,2025-08-25,Lambton,Wellington,Electronics,6,1108.8
S4441,2025-08-14,Hamilton Central,Waikato,Grocery,8,997.69
S4442,2025-03-07,George St,Otago,Apparel,7,869.86
S4443,2025-06-12,Riccarton,Canterbury,Grocery,4,217.04
S4444,2025-09-12,Queen St,Auckland,Home,3,175.65
S4445,2025-07-18,Hamilton Central,Waikato,Electronics,4,298.78
S4446,2025-06-21,Lambton,Wellington,Grocery,10,670.86
S4447,2025-05-20,George St,Otago,Electronics,11,499.19
S4448,2025-12-09,Queen St,Auckland,Apparel,8,546.1
S4449,2025-09-01,George St,Otago,Grocery,7,1583.82
S4450,2025-02-15,Hamilton Central,Waikato,Apparel,10,220.7
S4451,2025-04-02,Hamilton Central,Waikato,Home,10,1098.53
S4452,2025-06-26,Lambton,Wellington,Beauty,5,1101.59
S4453,2025-03-14,Queen St,Auckland,Grocery,8,611.75
S4454,2025-10-05,Queen St,Auckland,Home,12,2744.39
S4455,2025-10-26,Hamilton Central,Waikato,Grocery,1,229.16
S4456,2025-09-20,Lambton,Wellington,Home,8,615.78
S4457,2025-08-07,Riccarton,Canterbury,Grocery,3,103.79
S4458,2025-10-03,Queen St,Auckland,Electronics,4,888.36
S4459,2025-06-18,Hamilton Central,Waikato,Grocery,12,3075.62
S4460,2025-11-03,Hamilton Central,Waikato,Grocery,5,437.93
S4461,2025-02-16,Queen St,Auckland,Apparel,10,1284.91
S4462,2025-07-03,Hamilton Central,Waikato,Electronics,8,1849.18
S4463,2025-10-12,George St,Otago,Beauty,5,971.44
S4464,2025-02-09,George St,Otago,Home,1,178.6
S4465,2025-02-05,Lambton,Wellington,Beauty,5,826.02
S4466,2025-06-02,George St,Otago,Beauty,2,146.26
S4467,2025-11-12,Queen St,Auckland,Grocery,11,541.15
S4468,2025-01-21,Hamilton Central,Waikato,Electronics,8,1735.24
S4469,2025-11-26,Hamilton Central,Waikato,Beauty,4,203.34
S4470,2025-07-20,Queen St,Auckland,Home,12,142.03
S4471,2025-12-18,George St,Otago,Electronics,11,1173.41
S4472,2025-05-16,Lambton,Wellington,Home,5,81.62
S4473,2025-06-20,Queen St,Auckland,Apparel,3,413.9
S4474,2025-01-27,Queen St,Auckland,Apparel,9,1480.82
S4475,2025-10-06,Riccarton,Canterbury,Home,10,1987.6
S4476,2025-04-05,Riccarton,Canterbury,Grocery,10,584.75
S4477,2025-08-24,Lambton,Wellington,Grocery,6,675.28
S4478,2025-06-20,Lambton,Wellington,Apparel,9,2068.33
S4479,2025-04-06,Queen St,Auckland,Electronics,1,261.25
S4480,2025-04-05,Lambton,Wellington,Beauty,5,1294.01
S4481,2025-10-25,George St,Otago,Electronics,12,3547.13
S4482,2025-11-01,George St,Otago,Grocery,10,2384.08
S4483,2025-08-17,Riccarton,Canterbury,Electronics,7,273.44
S4484,2025-05-14,Lambton,Wellington,Home,3,119.55
S4485,2025-05-10,Riccarton,Canterbury,Grocery,12,3583.46
S4486,2025-09-27,Riccarton,Canterbury,Home,11,880.37
S4487,2025-11-11,Queen St,Auckland,Apparel,4,556.16
S4488,2025-01-28,Lambton,Wellington,Apparel,7,240.82
S4489,2025-11-14,George St,Otago,Home,10,1580.38
S4490,2025-10-07,Riccarton,Canterbury,Apparel,10,1324.17
S4491,2025-01-06,Queen St,Auckland,Beauty,7,288.58
S4492,2025-03-07,George St,Otago,Apparel,11,447.99
S4493,2025-09-26,Riccarton,Canterbury,Beauty,2,140.9
S4494,2025-09-18,Lambton,Wellington,Home,9,161.61
S4495,2025-04-01,Hamilton Central,Waikato,Apparel,10,513.37
S4496,2025-06-11,George St,Otago,Electronics,12,2859.21
S4497,2025-09-09,Hamilton Central,Waikato,Beauty,7,1158.97
S4498,2025-07-24,Riccarton,Canterbury,Beauty,2,202.56
S4499,2025-02-25,Hamilton Central,Waikato,Electronics,3,651.15
S4500,2025-05-09,Riccarton,Canterbury,Grocery,11,523.39
S4501,2025-01-16,George St,Otago,Electronics,4,912.57
S4502,2025-02-01,Queen St,Auckland,Home,11,1302.63
S4503,2025-09-01,Lambton,Wellington,Electronics,9,681.55
S4504,2025-04-03,Riccarton,Canterbury,Beauty,8,829.63
S4505,2025-05-13,Queen St,Auckland,Beauty,1,292.45
S4506,2025-02-23,Hamilton Central,Waikato,Apparel,6,1152.53
S4507,2025-12-18,Lambton,Wellington,Electronics,8,777.05
S4508,2025-03-06,George St,Otago,Grocery,5,1493.64
S4509,2025-12-28,Hamilton Central,Waikato,Electronics,4,358.36
S4510,2025-11-17,Riccarton,Canterbury,Grocery,12,2582.94
S4511,2025-03-25,Hamilton Central,Waikato,Electronics,4,744.4
S4512,2025-11-27,George St,Otago,Apparel,10,2791.89
S4513,2025-04-24,Queen St,Auckland,Beauty,2,197.86
S4514,2025-07-16,Riccarton,Canterbury,Electronics,7,1258.18
S4515,2025-02-22,Riccarton,Canterbury,Grocery,5,86.8
S4516,2025-11-20,Hamilton Central,Waikato,Electronics,11,1304.15
S4517,2025-07-21,George St,Otago,Grocery,10,823.84
S4518,2025-08-04,Hamilton Central,Waikato,Grocery,3,669.7
S4519,2025-04-10,Riccarton,Canterbury,Beauty,9,94.23
S4520,2025-07-24,Hamilton Central,Waikato,Apparel,5,1196.79
S4521,2025-07-10,Queen St,Auckland,Grocery,10,799.97
S4522,2025-01-08,Queen St,Auckland,Electronics,5,272.02
S4523,2025-06-25,Lambton,Wellington,Electronics,3,368.39
S4524,2025-08-25,Riccarton,Canterbury,Electronics,4,1159.27
S4525,2025-09-27,Queen St,Auckland,Beauty,1,194.54
S4526,2025-09-07,Queen St,Auckland,Electronics,3,242.83
S4527,2025-02-23,Riccarton,Canterbury,Grocery,10,1350.38
S4528,2025-10-11,Lambton,Wellington,Electronics,12,2912.1
S4529,2025-08-07,George St,Otago,Beauty,8,145.42
S4530,2025-05-11,George St,Otago,Grocery,4,965.86
S4531,2025-04-19,Riccarton,Canterbury,Electronics,1,179.37
S4532,2025-01-21,Hamilton Central,Waikato,Apparel,1,14.2
S4533,2025-02-03,Riccarton,Canterbury,Home,4,968.57
S4534,2025-01-24,George St,Otago,Home,7,1322.08
S4535,2025-12-03,Hamilton Central,Waikato,Grocery,7,141.52
S4536,2025-06-27,George St,Otago,Apparel,12,2919.69
S4537,2025-10-26,George St,Otago,Home,12,1713.39
S4538,2025-04-09,Hamilton Central,Waikato,Home,8,990.21
S4539,2025-12-09,Hamilton Central,Waikato,Home,12,455.38
S4540,2025-11-08,Lambton,Wellington,Electronics,1,71.85
S4541,2025-01-04,Lambton,Wellington,Home,8,2119.62
S4542,2025-02-07,George St,Otago,Grocery,2,546.7
S4543,2025-03-18,Queen St,Auckland,Beauty,10,342.22
S4544,2025-05-13,Hamilton Central,Waikato,Electronics,8,1063.76
S4545,2025-05-23,Queen St,Auckland,Apparel,1,131.25
S4546,2025-03-23,George St,Otago,Grocery,6,785.25
S4547,2025-03-27,Riccarton,Canterbury,Electronics,10,1012.41
S4548,2025-07-24,Queen St,Auckland,Beauty,7,140.68
S4549,2025-04-21,Lambton,Wellington,Grocery,5,291.56
S4550,2025-06-21,Hamilton Central,Waikato,Beauty,11,2663.08
S4551,2025-04-10,Riccarton,Canterbury,Beauty,10,2258.37
S4552,2025-05-01,Lambton,Wellington,Apparel,4,679.1
S4553,2025-12-06,George St,Otago,Grocery,1,299.39
S4554,2025-02-20,Lambton,Wellington,Home,4,573.69
S4555,2025-12-08,Hamilton Central,Waikato,Grocery,8,1179.89
S4556,2025-06-03,Riccarton,Canterbury,Apparel,11,1886.97
S4557,2025-02-10,Riccarton,Canterbury,Home,9,297.15
S4558,2025-05-07,Queen St,Auckland,Beauty,5,1463.19
S4559,2025-11-11,George St,Otago,Home,6,717.53
S4560,2025-01-16,Riccarton,Canterbury,Home,8,1722.73
S4561,2025-03-16,George St,Otago,Beauty,12,2948.88
S4562,2025-09-03,George St,Otago,Beauty,9,433.04
S4563,2025-05-28,Hamilton Central,Waikato,Grocery,9,612.17
S4564,2025-02-13,George St,Otago,Electronics,11,3078.84
S4565,2025-03-21,Riccarton,Canterbury,Beauty,6,1060.55
S4566,2025-03-12,George St,Otago,Home,12,618.38
S4567,2025-04-22,Hamilton Central,Waikato,Apparel,4,467.44
S4568,2025-05-09,Queen St,Auckland,Home,11,2268.17
S4569,2025-06-25,Riccarton,Canterbury,Apparel,5,476.63
S4570,2025-08-08,Hamilton Central,Waikato,Beauty,9,540.45
S4571,2025-05-09,George St,Otago,Beauty,1,59.5
S4572,2025-11-03,Hamilton Central,Waikato,Electronics,4,826.43
S4573,2025-12-22,Lambton,Wellington,Grocery,7,1810.71
S4574,2025-12-04,George St,Otago,Apparel,6,77.57
S4575,2025-05-28,Lambton,Wellington,Electronics,11,592.66
S4576,2025-10-26,Hamilton Central,Waikato,Beauty,7,1347.07
S4577,2025-03-05,Lambton,Wellington,Beauty,7,446.61
S4578,2025-01-20,George St,Otago,Grocery,12,741.85
S4579,2025-04-12,Riccarton,Canterbury,Beauty,9,2568.59
S4580,2025-10-15,Hamilton Central,Waikato,Home,12,1542.02
S4581,2025-03-13,George St,Otago,Home,6,1764.42
S4582,2025-06-16,Lambton,Wellington,Grocery,8,115.11
S4583,2025-02-24,Lambton,Wellington,Beauty,6,1330.83
S4584,2025-01-18,George St,Otago,Apparel,9,2076.26
S4585,2025-03-22,Hamilton Central,Waikato,Apparel,1,236.55
S4586,2025-03-10,Queen St,Auckland,Beauty,11,1473.0
S4587,2025-11-11,Lambton,Wellington,Apparel,10,2569.37
S4588,2025-08-20,Riccarton,Canterbury,Beauty,2,43.09
S4589,2025-08-27,Riccarton,Canterbury,Electronics,3,108.72
S4590,2025-12-14,Queen St,Auckland,Apparel,9,2532.39
S4591,2025-10-10,Lambton,Wellington,Electronics,12,595.65
S4592,2025-07-18,Riccarton,Canterbury,Electronics,6,733.42
S4593,2025-05-19,Queen St,Auckland,Electronics,2,458.47
S4594,2025-06-01,Lambton,Wellington,Home,9,738.3
S4595,2025-01-09,Hamilton Central,Waikato,Apparel,11,2752.77
S4596,2025-12-05,Riccarton,Canterbury,Home,5,399.37
S4597,2025-08-02,Riccarton,Canterbury,Home,6,361.29
S4598,2025-08-18,Lambton,Wellington,Beauty,9,1670.01
S4599,2025-05-06,Queen St,Auckland,Apparel,11,1310.36
S4600,2025-11-05,Lambton,Wellington,Electronics,7,1347.87
S4601,2025-01-24,George St,Otago,Home,10,325.69
S4602,2025-10-28,Riccarton,Canterbury,Grocery,2,474.34
S4603,2025-11-03,Lambton,Wellington,Home,11,1567.59
S4604,2025-03-27,Hamilton Central,Waikato,Home,7,254.34
S4605,2025-01-02,George St,Otago,Home,4,586.95
S4606,2025-09-09,Queen St,Auckland,Electronics,4,349.53
S4607,2025-12-08,Hamilton Central,Waikato,Electronics,6,1047.97
S4608,2025-09-23,George St,Otago,Home,12,2082.77
S4609,2025-10-09,Queen St,Auckland,Apparel,12,421.77
S4610,2025-01-10,Hamilton Central,Waikato,Grocery,1,182.84
S4611,2025-08-15,Riccarton,Canterbury,Beauty,5,1109.09
S4612,2025-08-14,Lambton,Wellington,Electronics,12,2135.12
S4613,2025-10-16,Lambton,Wellington,Home,1,208.12
S4614,2025-02-19,Queen St,Auckland,Home,12,1763.2
S4615,2025-05-08,Hamilton Central,Waikato,Apparel,11,665.87
S4616,2025-09-21,Riccarton,Canterbury,Electronics,9,2445.75
S4617,2025-04-05,Hamilton Central,Waikato,Grocery,2,48.43
S4618,2025-01-27,Riccarton,Canterbury,Home,1,29.59
S4619,2025-12-28,Queen St,Auckland,Home,5,770.88
S4620,2025-01-04,Hamilton Central,Waikato,Beauty,8,1267.04
S4621,2025-09-12,Hamilton Central,Waikato,Apparel,10,1204.02
S4622,2025-03-15,Riccarton,Canterbury,Home,1,207.55
S4623,2025-03-18,Hamilton Central,Waikato,Electronics,6,1313.35
S4624,2025-03-07,Lambton,Wellington,Home,3,782.2
S4625,2025-02-12,Lambton,Wellington,Apparel,5,1128.39
S4626,2025-08-18,Queen St,Auckland,Electronics,3,378.35
S4627,2025-06-05,Riccarton,Canterbury,Grocery,5,1139.68
S4628,2025-06-01,Riccarton,Canterbury,Electronics,12,1860.46
S4629,2025-09-26,Queen St,Auckland,Electronics,11,1578.01
S4630,2025-03-02,George St,Otago,Electronics,10,2550.43
S4631,2025-05-12,Riccarton,Canterbury,Electronics,5,1479.71
S4632,2025-03-04,Riccarton,Canterbury,Electronics,7,1132.94
S4633,2025-11-27,Queen St,Auckland,Electronics,1,119.39
S4634,2025-02-24,Riccarton,Canterbury,Electronics,8,999.13
S4635,2025-09-23,Queen St,Auckland,Grocery,12,3387.18
S4636,2025-01-18,Lambton,Wellington,Electronics,9,1154.71
S4637,2025-10-09,Riccarton,Canterbury,Electronics,10,2748.44
S4638,2025-03-17,Hamilton Central,Waikato,Beauty,8,1530.58
S4639,2025-01-07,Hamilton Central,Waikato,Home,12,1516.06
S4640,2025-04-15,Hamilton Central,Waikato,Electronics,7,232.27
S4641,2025-11-23,George St,Otago,Grocery,11,3231.45
S4642,2025-10-02,Lambton,Wellington,Home,12,3435.24
S4643,2025-10-18,Riccarton,Canterbury,Grocery,9,1945.06
S4644,2025-04-17,Lambton,Wellington,Beauty,5,712.12
S4645,2025-04-22,Lambton,Wellington,Electronics,10,1713.03
S4646,2025-09-25,Lambton,Wellington,Electronics,7,1167.79
S4647,2025-11-03,Hamilton Central,Waikato,Grocery,9,1746.97
S4648,2025-07-16,Hamilton Central,Waikato,Apparel,8,193.72
S4649,2025-08-13,George St,Otago,Electronics,8,1480.31
S4650,2025-08-26,Lambton,Wellington,Apparel,9,1194.45
S4651,2025-10-14,Lambton,Wellington,Home,6,1452.25
S4652,2025-01-09,Riccarton,Canterbury,Grocery,6,474.51
S4653,2025-01-15,Queen St,Auckland,Electronics,3,448.34
S4654,2025-02-15,Lambton,Wellington,Grocery,10,159.12
S4655,2025-07-07,Riccarton,Canterbury,Beauty,11,1334.13
S4656,2025-02-22,Hamilton Central,Waikato,Apparel,6,834.17
S4657,2025-08-24,Queen St,Auckland,Grocery,8,1149.13
S4658,2025-07-04,Riccarton,Canterbury,Electronics,5,1229.82
S4659,2025-06-19,Riccarton,Canterbury,Electronics,8,2318.36
S4660,2025-02-22,Riccarton,Canterbury,Electronics,12,2298.16
S4661,2025-03-06,Hamilton Central,Waikato,Electronics,6,277.33
S4662,2025-04-18,Riccarton,Canterbury,Home,5,894.44
S4663,2025-02-24,George St,Otago,Apparel,6,987.23
S4664,2025-04-22,Riccarton,Canterbury,Beauty,6,333.42
S4665,2025-01-28,Lambton,Wellington,Home,10,2852.43
S4666,2025-02-16,Riccarton,Canterbury,Apparel,2,382.64
S4667,2025-03-17,Queen St,Auckland,Grocery,8,1429.46
S4668,2025-09-14,Queen St,Auckland,Apparel,1,114.91
S4669,2025-01-02,Lambton,Wellington,Home,3,86.28
S4670,2025-03-21,Hamilton Central,Waikato,Electronics,11,116.84
S4671,2025-08-22,Riccarton,Canterbury,Apparel,6,1684.59
S4672,2025-08-21,Lambton,Wellington,Grocery,8,1081.94
S4673,2025-10-28,Hamilton Central,Waikato,Beauty,10,295.24
S4674,2025-07-19,Hamilton Central,Waikato,Electronics,10,1445.09
S4675,2025-01-10,Riccarton,Canterbury,Apparel,1,297.92
S4676,2025-03-27,Lambton,Wellington,Home,11,2601.51
S4677,2025-05-08,George St,Otago,Home,6,1332.15
S4678,2025-12-09,George St,Otago,Home,12,141.56
S4679,2025-01-25,Queen St,Auckland,Electronics,12,563.46
S4680,2025-09-05,Hamilton Central,Waikato,Electronics,10,733.55
S4681,2025-11-07,Hamilton Central,Waikato,Beauty,9,1849.15
S4682,2025-03-11,George St,Otago,Home,1,107.95
S4683,2025-10-01,Queen St,Auckland,Electronics,7,1258.89
S4684,2025-02-12,Hamilton Central,Waikato,Home,12,3049.95
S4685,2025-12-16,George St,Otago,Home,4,795.56
S4686,2025-11-05,Riccarton,Canterbury,Electronics,11,137.64
S4687,2025-10-27,Lambton,Wellington,Home,2,220.23
S4688,2025-02-06,Hamilton Central,Waikato,Grocery,8,2093.56
S4689,2025-05-01,Queen St,Auckland,Apparel,10,2565.88
S4690,2025-05-18,George St,Otago,Electronics,4,916.97
S4691,2025-10-06,Riccarton,Canterbury,Beauty,9,1227.57
S4692,2025-01-01,Hamilton Central,Waikato,Electronics,8,1809.52
S4693,2025-10-26,Riccarton,Canterbury,Electronics,1,80.57
S4694,2025-01-20,Queen St,Auckland,Grocery,5,175.47
S4695,2025-03-09,Lambton,Wellington,Apparel,5,1151.63
S4696,2025-06-16,Hamilton Central,Waikato,Beauty,4,776.6
S4697,2025-08-10,Lambton,Wellington,Apparel,11,2356.26
S4698,2025-04-05,Riccarton,Canterbury,Grocery,12,1225.61
S4699,2025-07-06,George St,Otago,Apparel,9,1508.92
S4700,2025-10-08,Queen St,Auckland,Apparel,4,243.93
S4701,2025-01-21,Hamilton Central,Waikato,Grocery,3,405.26
S4702,2025-05-05,George St,Otago,Beauty,10,2313.3
S4703,2025-04-15,Riccarton,Canterbury,Home,2,426.27
S4704,2025-09-13,Queen St,Auckland,Electronics,6,1407.01
S4705,2025-12-15,Riccarton,Canterbury,Apparel,9,1013.96
S4706,2025-02-28,Riccarton,Canterbury,Electronics,10,489.41
S4707,2025-08-08,Queen St,Auckland,Beauty,2,541.63
S4708,2025-11-04,Queen St,Auckland,Home,3,506.42
S4709,2025-09-26,Hamilton Central,Waikato,Apparel,11,455.18
S4710,2025-07-21,Hamilton Central,Waikato,Beauty,6,832.26
S4711,2025-05-25,Hamilton Central,Waikato,Grocery,3,730.42
S4712,2025-04-07,Lambton,Wellington,Grocery,4,60.49
S4713,2025-12-06,Queen St,Auckland,Apparel,10,2861.14
S4714,2025-04-25,Riccarton,Canterbury,Beauty,1,107.49
S4715,2025-06-05,Lambton,Wellington,Electronics,10,1533.42
S4716,2025-07-01,Hamilton Central,Waikato,Grocery,3,112.93
S4717,2025-03-15,Queen St,Auckland,Grocery,6,429.77
S4718,2025-02-17,Hamilton Central,Waikato,Electronics,2,555.5
S4719,2025-09-23,Hamilton Central,Waikato,Grocery,12,1597.29
S4720,2025-06-25,Riccarton,Canterbury,Apparel,6,830.0
S4721,2025-11-04,Riccarton,Canterbury,Grocery,5,465.78
S4722,2025-12-21,Queen St,Auckland,Grocery,1,25.36
S4723,2025-01-19,Lambton,Wellington,Beauty,2,480.68
S4724,2025-07-28,Riccarton,Canterbury,Electronics,7,1911.63
S4725,2025-06-11,Riccarton,Canterbury,Apparel,11,1687.55
S4726,2025-12-17,George St,Otago,Grocery,3,326.52
S4727,2025-02-02,Queen St,Auckland,Home,9,639.11
S4728,2025-09-07,Hamilton Central,Waikato,Grocery,5,758.64
S4729,2025-01-11,George St,Otago,Electronics,6,455.58
S4730,2025-12-06,Hamilton Central,Waikato,Electronics,9,549.25
S4731,2025-06-16,Riccarton,Canterbury,Apparel,4,879.99
S4732,2025-12-18,Riccarton,Canterbury,Home,8,466.98
S4733,2025-01-20,Hamilton Central,Waikato,Electronics,5,81.26
S4734,2025-04-18,Hamilton Central,Waikato,Home,7,1486.45
S4735,2025-11-10,George St,Otago,Beauty,2,75.09
S4736,2025-08-14,Lambton,Wellington,Apparel,7,1382.84
S4737,2025-02-11,George St,Otago,Beauty,9,1955.71
S4738,2025-07-04,Hamilton Central,Waikato,Apparel,5,1366.51
S4739,2025-08-14,George St,Otago,Electronics,9,1831.14
S4740,2025-08-15,Queen St,Auckland,Electronics,3,62.63
S4741,2025-04-24,Lambton,Wellington,Grocery,9,2272.3
S4742,2025-01-26,Hamilton Central,Waikato,Grocery,11,2044.33
S4743,2025-04-10,Queen St,Auckland,Apparel,12,1129.7
S4744,2025-12-27,Riccarton,Canterbury,Home,12,893.86
S4745,2025-11-22,George St,Otago,Grocery,7,683.71
S4746,2025-08-19,Riccarton,Canterbury,Beauty,8,115.3
S4747,2025-11-08,Lambton,Wellington,Apparel,6,578.06
S4748,2025-03-23,Hamilton Central,Waikato,Grocery,5,1395.43
S4749,2025-03-12,Lambton,Wellington,Grocery,10,2243.28
S4750,2025-01-05,Hamilton Central,Waikato,Electronics,9,1410.76
S4751,2025-01-04,Riccarton,Canterbury,Apparel,8,1234.8
S4752,2025-05-09,George St,Otago,Home,10,571.91
S4753,2025-12-20,Lambton,Wellington,Beauty,12,2689.41
S4754,2025-06-19,Lambton,Wellington,Electronics,7,1806.59
S4755,2025-12-28,Riccarton,Canterbury,Grocery,10,1712.02
S4756,2025-07-25,George St,Otago,Electronics,9,2288.06
S4757,2025-12-23,George St,Otago,Electronics,9,1537.09
S4758,2025-08-13,Queen St,Auckland,Grocery,9,558.55
S4759,2025-06-26,Lambton,Wellington,Apparel,6,1652.25
S4760,2025-03-27,Queen St,Auckland,Grocery,4,795.5
S4761,2025-10-15,Lambton,Wellington,Apparel,9,2523.79
S4762,2025-10-10,Hamilton Central,Waikato,Apparel,10,2081.68
S4763,2025-04-27,Hamilton Central,Waikato,Beauty,2,236.56
S4764,2025-04-02,Queen St,Auckland,Beauty,12,2571.92
S4765,2025-02-21,Riccarton,Canterbury,Apparel,9,2681.53
S4766,2025-01-19,Hamilton Central,Waikato,Home,4,465.75
S4767,2025-09-14,Riccarton,Canterbury,Grocery,2,442.02
S4768,2025-01-07,Riccarton,Canterbury,Apparel,12,2673.02
S4769,2025-09-15,Lambton,Wellington,Electronics,11,347.05
S4770,2025-01-11,Queen St,Auckland,Electronics,5,1387.85
S4771,2025-08-09,Hamilton Central,Waikato,Home,11,3137.63
S4772,2025-11-18,Lambton,Wellington,Electronics,5,362.4
S4773,2025-06-01,Hamilton Central,Waikato,Home,12,874.29
S4774,2025-10-24,Riccarton,Canterbury,Apparel,1,133.79
S4775,2025-04-13,Lambton,Wellington,Beauty,7,2052.25
S4776,2025-04-14,Hamilton Central,Waikato,Apparel,11,1056.8
S4777,2025-12-06,Riccarton,Canterbury,Apparel,12,2027.45
S4778,2025-08-08,Riccarton,Canterbury,Electronics,8,2291.01
S4779,2025-04-09,Lambton,Wellington,Beauty,11,2973.29
S4780,2025-08-21,George St,Otago,Home,11,332.05
S4781,2025-04-13,Lambton,Wellington,Grocery,12,312.68
S4782,2025-05-02,Lambton,Wellington,Grocery,11,2560.27
S4783,2025-08-18,Hamilton Central,Waikato,Beauty,6,1692.01
S4784,2025-09-10,George St,Otago,Electronics,11,1451.85
S4785,2025-03-15,George St,Otago,Beauty,12,1769.01
S4786,2025-07-26,Riccarton,Canterbury,Beauty,3,656.73
S4787,2025-07-21,Hamilton Central,Waikato,Grocery,9,149.47
S4788,2025-03-10,Lambton,Wellington,Beauty,7,187.94
S4789,2025-07-24,Queen St,Auckland,Apparel,12,2289.09
S4790,2025-01-17,Hamilton Central,Waikato,Beauty,10,1532.2
S4791,2025-04-17,Lambton,Wellington,Beauty,10,2221.73
S4792,2025-09-18,Hamilton Central,Waikato,Beauty,4,115.56
S4793,2025-09-12,George St,Otago,Apparel,12,1444.91
S4794,2025-05-07,George St,Otago,Beauty,5,690.71
S4795,2025-02-13,George St,Otago,Grocery,7,1247.69
S4796,2025-06-22,George St,Otago,Apparel,5,214.06
S4797,2025-01-20,Lambton,Wellington,Beauty,6,1646.53
S4798,2025-01-23,Hamilton Central,Waikato,Apparel,8,1553.35
S4799,2025-06-15,Riccarton,Canterbury,Home,8,1888.18
S4800,2025-05-23,Hamilton Central,Waikato,Home,1,31.46
S4801,2025-02-16,George St,Otago,Beauty,12,447.47
S4802,2025-01-16,Riccarton,Canterbury,Electronics,3,727.56
S4803,2025-05-06,George St,Otago,Apparel,5,759.73
S4804,2025-04-02,Queen St,Auckland,Electronics,4,221.67
S4805,2025-09-20,Lambton,Wellington,Apparel,1,62.94
S4806,2025-01-23,Lambton,Wellington,Grocery,6,1010.09
S4807,2025-05-10,Hamilton Central,Waikato,Grocery,12,736.4
S4808,2025-01-16,George St,Otago,Home,6,1639.8
S4809,2025-05-03,Queen St,Auckland,Home,3,723.22
S4810,2025-12-19,Lambton,Wellington,Beauty,9,714.95
S4811,2025-09-13,Riccarton,Canterbury,Beauty,1,92.37
S4812,2025-05-27,George St,Otago,Grocery,11,1499.21
S4813,2025-07-24,Queen St,Auckland,Grocery,2,58.75
S4814,2025-08-03,Riccarton,Canterbury,Beauty,3,125.85
S4815,2025-03-08,George St,Otago,Electronics,3,650.26
S4816,2025-11-24,Lambton,Wellington,Home,8,2133.95
S4817,2025-09-27,George St,Otago,Apparel,6,1553.34
S4818,2025-01-16,George St,Otago,Grocery,6,1224.9
S4819,2025-12-28,Queen St,Auckland,Grocery,2,434.13
S4820,2025-12-10,Hamilton Central,Waikato,Home,12,2294.15
S4821,2025-04-01,Riccarton,Canterbury,Beauty,12,3172.48
S4822,2025-12-08,Queen St,Auckland,Apparel,2,382.59
S4823,2025-05-28,Riccarton,Canterbury,Apparel,4,746.68
S4824,2025-08-07,George St,Otago,Beauty,6,733.35
S4825,2025-11-24,Hamilton Central,Waikato,Grocery,12,218.28
S4826,2025-01-25,Queen St,Auckland,Home,9,2667.19
S4827,2025-05-18,Hamilton Central,Waikato,Apparel,3,721.25
S4828,2025-02-21,Lambton,Wellington,Grocery,2,354.67
S4829,2025-04-28,Lambton,Wellington,Home,5,551.37
S4830,2025-03-19,Riccarton,Canterbury,Electronics,10,2912.64
S4831,2025-07-03,George St,Otago,Electronics,1,68.05
S4832,2025-05-24,Queen St,Auckland,Apparel,12,1785.74
S4833,2025-09-21,George St,Otago,Electronics,12,814.78
S4834,2025-04-01,Riccarton,Canterbury,Grocery,6,684.88
S4835,2025-11-09,Hamilton Central,Waikato,Beauty,7,1336.61
S4836,2025-08-21,Lambton,Wellington,Home,10,360.54
S4837,2025-05-21,Hamilton Central,Waikato,Electronics,3,684.28
S4838,2025-04-21,Queen St,Auckland,Electronics,10,1746.69
S4839,2025-11-14,Hamilton Central,Waikato,Electronics,12,758.45
S4840,2025-09-13,Queen St,Auckland,Grocery,8,1675.28
S4841,2025-03-13,Lambton,Wellington,Home,1,282.84
S4842,2025-02-26,Hamilton Central,Waikato,Electronics,11,167.53
S4843,2025-10-24,George St,Otago,Apparel,9,974.27
S4844,2025-09-19,George St,Otago,Grocery,3,823.39
S4845,2025-06-07,Queen St,Auckland,Grocery,1,221.81
S4846,2025-02-07,Queen St,Auckland,Home,8,1432.54
S4847,2025-09-01,Lambton,Wellington,Beauty,2,28.99
S4848,2025-01-09,Lambton,Wellington,Apparel,3,777.53
S4849,2025-03-08,George St,Otago,Electronics,1,97.27
S4850,2025-05-27,Riccarton,Canterbury,Apparel,9,366.08
S4851,2025-06-23,Lambton,Wellington,Home,1,177.79
S4852,2025-05-17,Lambton,Wellington,Beauty,9,2196.99
S4853,2025-08-25,Lambton,Wellington,Apparel,7,1675.43
S4854,2025-06-13,Hamilton Central,Waikato,Apparel,2,98.63
S4855,2025-08-08,Queen St,Auckland,Electronics,2,444.35
S4856,2025-07-16,Queen St,Auckland,Beauty,6,628.94
S4857,2025-08-04,Queen St,Auckland,Beauty,1,233.39
S4858,2025-10-12,Hamilton Central,Waikato,Electronics,1,211.49
S4859,2025-02-22,Hamilton Central,Waikato,Grocery,12,396.81
S4860,2025-11-02,Riccarton,Canterbury,Grocery,3,150.19
S4861,2025-10-25,Queen St,Auckland,Apparel,9,656.76
S4862,2025-09-09,Queen St,Auckland,Apparel,12,399.66
S4863,2025-02-17,Queen St,Auckland,Beauty,4,818.66
S4864,2025-11-11,Hamilton Central,Waikato,Electronics,10,238.51
S4865,2025-09-13,Queen St,Auckland,Home,10,1453.63
S4866,2025-09-09,Lambton,Wellington,Beauty,1,235.66
S4867,2025-03-15,Riccarton,Canterbury,Apparel,6,452.22
S4868,2025-10-13,Lambton,Wellington,Home,2,164.94
S4869,2025-12-05,Riccarton,Canterbury,Grocery,12,422.53
S4870,2025-07-18,Riccarton,Canterbury,Home,8,1496.0
S4871,2025-10-02,Riccarton,Canterbury,Home,1,293.33
S4872,2025-08-16,George St,Otago,Electronics,12,781.28
S4873,2025-07-15,Queen St,Auckland,Grocery,4,1122.89
S4874,2025-12-13,Hamilton Central,Waikato,Apparel,8,661.94
S4875,2025-09-15,Queen St,Auckland,Beauty,3,50.94
S4876,2025-10-14,Lambton,Wellington,Electronics,12,2206.49
S4877,2025-01-10,Riccarton,Canterbury,Home,9,1921.03
S4878,2025-05-24,Lambton,Wellington,Electronics,3,880.21
S4879,2025-01-25,Queen St,Auckland,Apparel,1,236.59
S4880,2025-10-27,Hamilton Central,Waikato,Apparel,11,3059.07
S4881,2025-10-20,George St,Otago,Home,2,173.81
S4882,2025-03-15,Riccarton,Canterbury,Home,4,892.38
S4883,2025-05-09,Riccarton,Canterbury,Grocery,12,741.06
S4884,2025-04-02,George St,Otago,Electronics,9,894.97
S4885,2025-04-07,Queen St,Auckland,Grocery,3,568.41
S4886,2025-09-26,Queen St,Auckland,Apparel,9,281.95
S4887,2025-03-10,Riccarton,Canterbury,Grocery,4,894.37
S4888,2025-02-04,Lambton,Wellington,Apparel,3,149.33
S4889,2025-03-26,Lambton,Wellington,Beauty,9,1474.93
S4890,2025-04-01,Lambton,Wellington,Beauty,2,349.89
S4891,2025-06-26,Hamilton Central,Waikato,Apparel,1,87.72
S4892,2025-11-04,George St,Otago,Grocery,11,1325.94
S4893,2025-09-28,Hamilton Central,Waikato,Electronics,3,323.49
S4894,2025-02-13,Hamilton Central,Waikato,Grocery,12,3355.26
S4895,2025-11-07,Queen St,Auckland,Electronics,3,55.68
S4896,2025-08-26,George St,Otago,Home,2,284.61
S4897,2025-12-17,George St,Otago,Beauty,5,234.01
S4898,2025-05-25,George St,Otago,Beauty,12,154.21
S4899,2025-02-22,George St,Otago,Apparel,2,47.27
S4900,2025-01-13,Lambton,Wellington,Grocery,8,623.31
S4901,2025-08-22,Hamilton Central,Waikato,Electronics,1,117.43
S4902,2025-01-11,George St,Otago,Apparel,6,291.79
S4903,2025-12-07,Hamilton Central,Waikato,Electronics,11,2499.72
S4904,2025-07-16,Queen St,Auckland,Grocery,11,3252.06
S4905,2025-05-15,Riccarton,Canterbury,Apparel,2,506.27
S4906,2025-11-01,George St,Otago,Electronics,4,219.04
S4907,2025-01-10,Queen St,Auckland,Apparel,4,831.59
S4908,2025-05-02,Riccarton,Canterbury,Beauty,11,345.11
S4909,2025-01-07,Queen St,Auckland,Beauty,3,349.43
S4910,2025-10-27,Riccarton,Canterbury,Home,3,199.06
S4911,2025-02-20,Hamilton Central,Waikato,Beauty,2,576.92
S4912,2025-04-06,Hamilton Central,Waikato,Electronics,8,2324.71
S4913,2025-02-28,George St,Otago,Electronics,5,674.66
S4914,2025-07-24,Hamilton Central,Waikato,Home,6,89.22
S4915,2025-08-13,George St,Otago,Electronics,4,428.26
S4916,2025-03-23,George St,Otago,Grocery,7,1814.16
S4917,2025-01-02,Queen St,Auckland,Beauty,12,565.48
S4918,2025-02-21,Lambton,Wellington,Grocery,4,126.6
S4919,2025-07-15,Lambton,Wellington,Electronics,7,1533.04
S4920,2025-07-09,Queen St,Auckland,Beauty,8,2151.25
S4921,2025-07-12,Lambton,Wellington,Electronics,10,1833.28
S4922,2025-02-01,Queen St,Auckland,Beauty,2,251.84
S4923,2025-09-27,Queen St,Auckland,Apparel,10,1900.55
S4924,2025-11-21,George St,Otago,Electronics,3,601.49
S4925,2025-06-10,Hamilton Central,Waikato,Home,7,2086.31
S4926,2025-02-02,Hamilton Central,Waikato,Apparel,8,322.4
S4927,2025-06-12,Lambton,Wellington,Grocery,4,271.21
S4928,2025-03-19,Hamilton Central,Waikato,Grocery,7,760.09
S4929,2025-04-06,George St,Otago,Electronics,11,269.39
S4930,2025-12-08,Hamilton Central,Waikato,Electronics,7,499.68
S4931,2025-10-10,George St,Otago,Electronics,10,2518.4
S4932,2025-12-12,Hamilton Central,Waikato,Grocery,12,624.53
S4933,2025-08-24,Hamilton Central,Waikato,Home,9,1743.14
S4934,2025-12-06,Riccarton,Canterbury,Beauty,1,249.86
S4935,2025-02-18,Lambton,Wellington,Home,8,1581.3
S4936,2025-09-11,Lambton,Wellington,Beauty,12,2323.11
S4937,2025-12-20,Hamilton Central,Waikato,Electronics,9,1329.65
S4938,2025-05-01,George St,Otago,Home,7,709.92
S4939,2025-01-20,Hamilton Central,Waikato,Beauty,2,361.18
S4940,2025-01-11,Queen St,Auckland,Beauty,4,1137.93
S4941,2025-09-08,Hamilton Central,Waikato,Home,11,1003.69
S4942,2025-02-21,Hamilton Central,Waikato,Grocery,8,2221.97
S4943,2025-10-08,Lambton,Wellington,Electronics,3,781.69
S4944,2025-06-05,Lambton,Wellington,Apparel,10,632.24
S4945,2025-08-08,George St,Otago,Home,4,1121.25
S4946,2025-08-11,George St,Otago,Home,9,1010.5
S4947,2025-07-08,Lambton,Wellington,Grocery,12,1044.11
S4948,2025-09-19,Hamilton Central,Waikato,Electronics,4,181.93
S4949,2025-05-19,Riccarton,Canterbury,Electronics,8,1311.44
S4950,2025-07-22,Queen St,Auckland,Electronics,2,264.83
S4951,2025-02-05,Riccarton,Canterbury,Electronics,2,536.5
S4952,2025-11-23,Riccarton,Canterbury,Grocery,9,2340.78
S4953,2025-02-10,Lambton,Wellington,Home,2,115.33
S4954,2025-05-08,Queen St,Auckland,Beauty,7,1588.5
S4955,2025-08-17,Hamilton Central,Waikato,Home,9,2696.64
S4956,2025-03-11,Queen St,Auckland,Grocery,9,1767.55
S4957,2025-01-15,George St,Otago,Electronics,8,2264.65
S4958,2025-04-23,Riccarton,Canterbury,Home,2,426.43
S4959,2025-09-05,George St,Otago,Electronics,6,1197.88
S4960,2025-11-04,George St,Otago,Electronics,8,1623.92
S4961,2025-06-17,George St,Otago,Apparel,7,2028.79
S4962,2025-03-20,Hamilton Central,Waikato,Grocery,9,277.49
S4963,2025-10-26,Hamilton Central,Waikato,Grocery,3,504.94
S4964,2025-05-26,Lambton,Wellington,Apparel,6,938.05
S4965,2025-08-15,Riccarton,Canterbury,Apparel,7,1713.11
S4966,2025-05-15,Lambton,Wellington,Grocery,8,2389.77
S4967,2025-11-14,George St,Otago,Beauty,12,3134.28
S4968,2025-01-01,Hamilton Central,Waikato,Beauty,1,275.07
S4969,2025-06-28,Riccarton,Canterbury,Apparel,7,2009.26
S4970,2025-06-04,Riccarton,Canterbury,Electronics,9,1922.59
S4971,2025-09-09,Lambton,Wellington,Apparel,8,1517.65
S4972,2025-03-24,Queen St,Auckland,Apparel,5,1170.47
S4973,2025-01-21,Hamilton Central,Waikato,Beauty,1,83.67
S4974,2025-02-22,Riccarton,Canterbury,Home,5,461.88
S4975,2025-08-22,Riccarton,Canterbury,Home,7,1028.18
S4976,2025-06-23,Queen St,Auckland,Grocery,8,1506.51
S4977,2025-10-22,George St,Otago,Grocery,3,613.07
S4978,2025-05-19,Queen St,Auckland,Home,10,2899.69
S4979,2025-09-22,George St,Otago,Home,12,1473.76
S4980,2025-12-23,George St,Otago,Home,3,459.84
S4981,2025-02-06,Riccarton,Canterbury,Beauty,10,1291.01
S4982,2025-12-13,Hamilton Central,Waikato,Grocery,8,258.11
S4983,2025-03-26,Riccarton,Canterbury,Home,10,2140.77
S4984,2025-03-17,Riccarton,Canterbury,Grocery,8,1065.72
S4985,2025-12-07,Riccarton,Canterbury,Beauty,8,1746.38
S4986,2025-06-07,Queen St,Auckland,Apparel,8,830.26
S4987,2025-12-04,Queen St,Auckland,Apparel,3,460.55
S4988,2025-06-12,Queen St,Auckland,Home,2,546.86
S4989,2025-01-14,Riccarton,Canterbury,Electronics,5,570.95
S4990,2025-03-12,Lambton,Wellington,Electronics,7,2085.49
S4991,2025-05-13,Riccarton,Canterbury,Grocery,9,1564.34
S4992,2025-10-12,Riccarton,Canterbury,Electronics,9,1182.12
S4993,2025-05-19,Queen St,Auckland,Apparel,4,752.21
S4994,2025-11-20,Riccarton,Canterbury,Grocery,12,1181.67
S4995,2025-12-02,Lambton,Wellington,Grocery,2,427.8
S4996,2025-05-08,Lambton,Wellington,Grocery,2,506.98
S4997,2025-01-12,Hamilton Central,Waikato,Grocery,10,542.41
S4998,2025-02-28,Queen St,Auckland,Grocery,5,1165.67
S4999,2025-09-02,George St,Otago,Grocery,12,3355.07
S5000,2025-05-13,Queen St,Auckland,Beauty,4,259.55
S5001,2025-01-20,Queen St,Auckland,Apparel,3,184.07
S5002,2025-07-01,Lambton,Wellington,Beauty,4,740.73
S5003,2025-08-07,Hamilton Central,Waikato,Grocery,12,910.77
S5004,2025-10-13,Queen St,Auckland,Home,8,2347.13
S5005,2025-06-03,Lambton,Wellington,Apparel,6,1063.6
S5006,2025-06-09,Lambton,Wellington,Home,10,1569.23
S5007,2025-09-24,Queen St,Auckland,Grocery,7,1540.36
S5008,2025-01-05,George St,Otago,Beauty,12,486.12
S5009,2025-02-18,Lambton,Wellington,Beauty,2,577.71
S5010,2025-11-13,Hamilton Central,Waikato,Apparel,9,1565.39
S5011,2025-01-26,Riccarton,Canterbury,Grocery,11,3007.6
S5012,2025-08-27,Lambton,Wellington,Beauty,12,2714.63
S5013,2025-01-23,George St,Otago,Beauty,1,90.1
S5014,2025-04-24,Riccarton,Canterbury,Home,5,661.69
S5015,2025-12-22,Riccarton,Canterbury,Electronics,5,467.34
S5016,2025-11-16,Hamilton Central,Waikato,Home,2,223.77
S5017,2025-07-14,George St,Otago,Beauty,8,596.48
S5018,2025-11-18,George St,Otago,Home,2,178.85
S5019,2025-11-01,Queen St,Auckland,Home,2,252.03
S5020,2025-10-09,Hamilton Central,Waikato,Home,5,287.23
S5021,2025-05-10,Lambton,Wellington,Beauty,4,515.31
S5022,2025-10-11,Riccarton,Canterbury,Home,8,371.69
S5023,2025-03-11,George St,Otago,Apparel,4,65.26
S5024,2025-02-10,George St,Otago,Grocery,2,415.66
S5025,2025-02-06,Queen St,Auckland,Apparel,10,2480.54
S5026,2025-04-10,Queen St,Auckland,Beauty,7,1373.96
S5027,2025-12-28,Queen St,Auckland,Electronics,4,382.48
S5028,2025-05-20,Queen St,Auckland,Electronics,3,42.6
S5029,2025-10-28,Hamilton Central,Waikato,Grocery,12,1357.63
S5030,2025-10-26,Lambton,Wellington,Apparel,4,432.82
S5031,2025-04-23,George St,Otago,Home,3,81.68
S5032,2025-01-27,Lambton,Wellington,Apparel,11,2213.88
S5033,2025-09-27,Lambton,Wellington,Beauty,3,475.48
S5034,2025-04-11,Queen St,Auckland,Apparel,11,1988.27
S5035,2025-01-01,Queen St,Auckland,Apparel,2,119.82
S5036,2025-09-21,Lambton,Wellington,Beauty,11,1768.44
S5037,2025-08-06,Lambton,Wellington,Beauty,7,1967.59
S5038,2025-07-04,Lambton,Wellington,Beauty,5,1204.7
S5039,2025-01-18,Lambton,Wellington,Apparel,8,2321.36
S5040,2025-07-21,Hamilton Central,Waikato,Grocery,1,150.88
S5041,2025-06-24,George St,Otago,Grocery,4,567.67
S5042,2025-05-27,Riccarton,Canterbury,Grocery,7,1113.98
S5043,2025-03-16,Queen St,Auckland,Electronics,2,577.78
S5044,2025-09-16,George St,Otago,Apparel,9,1847.13
S5045,2025-09-13,George St,Otago,Apparel,1,198.87
S5046,2025-10-12,Queen St,Auckland,Apparel,4,1138.76
S5047,2025-11-06,George St,Otago,Apparel,11,1117.34
S5048,2025-03-18,Lambton,Wellington,Beauty,5,1349.86
S5049,2025-04-08,Lambton,Wellington,Electronics,10,1433.23
S5050,2025-08-27,Hamilton Central,Waikato,Grocery,12,3057.85
S5051,2025-05-21,George St,Otago,Home,10,1139.36
S5052,2025-09-18,Queen St,Auckland,Electronics,10,1168.49
S5053,2025-03-26,Lambton,Wellington,Beauty,3,478.04
S5054,2025-01-21,George St,Otago,Grocery,6,1724.22
S5055,2025-08-26,Queen St,Auckland,Home,1,112.49
S5056,2025-08-25,Queen St,Auckland,Home,8,135.26
S5057,2025-02-24,George St,Otago,Electronics,4,257.77
S5058,2025-04-25,Queen St,Auckland,Grocery,2,564.62
S5059,2025-12-11,Queen St,Auckland,Grocery,10,1020.98
S5060,2025-02-08,Queen St,Auckland,Grocery,1,149.73
S5061,2025-03-06,Riccarton,Canterbury,Beauty,1,160.59
S5062,2025-03-12,Lambton,Wellington,Beauty,12,1424.11
S5063,2025-11-03,Riccarton,Canterbury,Grocery,7,1594.67
S5064,2025-09-11,Riccarton,Canterbury,Grocery,7,747.79
S5065,2025-06-11,Lambton,Wellington,Electronics,2,296.82
S5066,2025-07-13,Hamilton Central,Waikato,Beauty,4,1147.75
S5067,2025-07-05,Queen St,Auckland,Grocery,12,677.75
S5068,2025-01-23,Hamilton Central,Waikato,Grocery,6,1555.86
S5069,2025-08-27,Queen St,Auckland,Electronics,7,1370.57
S5070,2025-11-05,Riccarton,Canterbury,Grocery,12,1764.68
S5071,2025-01-16,Riccarton,Canterbury,Home,10,1310.01
S5072,2025-06-24,Hamilton Central,Waikato,Apparel,12,1762.28
S5073,2025-01-10,Riccarton,Canterbury,Home,5,561.42
S5074,2025-05-22,George St,Otago,Home,4,729.03
S5075,2025-11-23,Hamilton Central,Waikato,Apparel,11,2098.28
S5076,2025-01-24,Lambton,Wellington,Grocery,7,1369.18
S5077,2025-10-04,George St,Otago,Grocery,8,572.38
S5078,2025-10-13,Hamilton Central,Waikato,Grocery,3,586.24
S5079,2025-12-24,Riccarton,Canterbury,Beauty,10,2359.14
S5080,2025-05-04,Lambton,Wellington,Home,3,136.88
S5081,2025-03-05,George St,Otago,Home,5,1430.74
S5082,2025-01-12,Queen St,Auckland,Grocery,9,1013.98
S5083,2025-01-20,Lambton,Wellington,Electronics,9,1912.1
S5084,2025-08-03,Queen St,Auckland,Beauty,11,2443.8
S5085,2025-08-24,Queen St,Auckland,Home,10,908.98
S5086,2025-02-02,Riccarton,Canterbury,Grocery,12,1447.44
S5087,2025-06-19,Riccarton,Canterbury,Grocery,11,1632.65
S5088,2025-12-05,Riccarton,Canterbury,Home,1,268.57
S5089,2025-07-09,George St,Otago,Home,7,1178.22
S5090,2025-05-26,George St,Otago,Home,4,1022.59
S5091,2025-04-06,Hamilton Central,Waikato,Grocery,1,133.46
S5092,2025-02-25,Hamilton Central,Waikato,Grocery,8,1271.43
S5093,2025-01-28,Hamilton Central,Waikato,Home,3,154.36
S5094,2025-07-25,Riccarton,Canterbury,Beauty,4,1182.52
S5095,2025-05-14,Lambton,Wellington,Home,10,1613.19
S5096,2025-07-20,Riccarton,Canterbury,Beauty,1,172.02
S5097,2025-02-02,Queen St,Auckland,Grocery,3,729.78
S5098,2025-04-24,Queen St,Auckland,Home,6,482.66
S5099,2025-06-24,George St,Otago,Beauty,5,265.89
S5100,2025-05-02,George St,Otago,Electronics,1,176.25
S5101,2025-05-06,Queen St,Auckland,Beauty,9,2444.39
S5102,2025-12-04,Queen St,Auckland,Electronics,9,1165.61
S5103,2025-08-28,Riccarton,Canterbury,Electronics,11,1685.93
S5104,2025-09-07,Queen St,Auckland,Electronics,10,1210.12
S5105,2025-07-12,Riccarton,Canterbury,Beauty,3,802.83
S5106,2025-05-24,George St,Otago,Apparel,3,204.62
S5107,2025-04-11,Riccarton,Canterbury,Beauty,11,2060.11
S5108,2025-11-27,Lambton,Wellington,Beauty,11,3027.22
S5109,2025-03-14,Queen St,Auckland,Grocery,3,107.0
S5110,2025-10-19,Lambton,Wellington,Electronics,9,2580.2
S5111,2025-04-02,Lambton,Wellington,Electronics,9,1230.03
S5112,2025-09-24,Lambton,Wellington,Electronics,6,75.59
S5113,2025-09-08,Lambton,Wellington,Electronics,9,979.23
S5114,2025-06-13,George St,Otago,Electronics,5,1012.99
S5115,2025-05-25,Lambton,Wellington,Home,8,2299.73
S5116,2025-08-20,Queen St,Auckland,Apparel,1,172.7
S5117,2025-04-26,Riccarton,Canterbury,Beauty,3,105.43
S5118,2025-09-08,George St,Otago,Electronics,7,309.05
S5119,2025-06-06,Riccarton,Canterbury,Electronics,8,612.82
S5120,2025-12-22,Riccarton,Canterbury,Home,11,639.7
S5121,2025-02-09,Queen St,Auckland,Grocery,3,781.03
S5122,2025-01-02,Riccarton,Canterbury,Apparel,3,95.04
S5123,2025-11-13,Lambton,Wellington,Apparel,5,853.13
S5124,2025-11-26,Queen St,Auckland,Beauty,2,398.0
S5125,2025-11-16,Lambton,Wellington,Apparel,7,709.39
S5126,2025-08-15,Queen St,Auckland,Home,11,1681.13
S5127,2025-06-03,Lambton,Wellington,Home,5,315.33
S5128,2025-03-05,George St,Otago,Electronics,2,473.94
S5129,2025-02-14,George St,Otago,Beauty,1,142.72
S5130,2025-07-06,Hamilton Central,Waikato,Electronics,6,1145.69
S5131,2025-04-25,George St,Otago,Apparel,7,101.26
S5132,2025-11-18,Riccarton,Canterbury,Apparel,9,1181.49
S5133,2025-10-02,George St,Otago,Apparel,5,1458.4
S5134,2025-03-06,Riccarton,Canterbury,Grocery,10,1011.02
S5135,2025-11-23,Hamilton Central,Waikato,Home,9,1608.88
S5136,2025-03-14,Hamilton Central,Waikato,Apparel,1,200.72
S5137,2025-06-20,Lambton,Wellington,Apparel,4,287.39
S5138,2025-04-06,George St,Otago,Grocery,5,316.38
S5139,2025-01-17,Riccarton,Canterbury,Grocery,11,2886.32
S5140,2025-03-05,Riccarton,Canterbury,Grocery,1,253.55
S5141,2025-11-04,Hamilton Central,Waikato,Electronics,9,2342.94
S5142,2025-06-04,Riccarton,Canterbury,Home,1,287.43
S5143,2025-01-04,Hamilton Central,Waikato,Beauty,10,124.54
S5144,2025-02-13,George St,Otago,Home,12,1946.93
S5145,2025-06-28,Queen St,Auckland,Apparel,3,477.89
S5146,2025-09-18,Lambton,Wellington,Apparel,5,1384.64
S5147,2025-08-02,Lambton,Wellington,Apparel,12,3177.49
S5148,2025-02-05,Hamilton Central,Waikato,Home,3,87.19
S5149,2025-09-16,Riccarton,Canterbury,Grocery,3,266.5
S5150,2025-04-13,George St,Otago,Apparel,5,553.96
S5151,2025-12-04,Riccarton,Canterbury,Grocery,1,184.52
S5152,2025-05-16,Lambton,Wellington,Electronics,8,1111.26
S5153,2025-12-16,Hamilton Central,Waikato,Electronics,3,133.19
S5154,2025-01-08,Lambton,Wellington,Electronics,7,1264.78
S5155,2025-09-25,Queen St,Auckland,Electronics,8,1991.58
S5156,2025-03-22,Lambton,Wellington,Apparel,1,39.13
S5157,2025-02-09,Queen St,Auckland,Beauty,8,257.37
S5158,2025-06-17,Hamilton Central,Waikato,Grocery,3,58.16
S5159,2025-09-09,George St,Otago,Home,9,449.96
S5160,2025-04-14,Hamilton Central,Waikato,Electronics,3,341.12
S5161,2025-12-06,Lambton,Wellington,Apparel,8,457.58
S5162,2025-03-10,Queen St,Auckland,Electronics,10,1688.58
S5163,2025-05-10,Riccarton,Canterbury,Home,12,1303.8
S5164,2025-12-22,Hamilton Central,Waikato,Grocery,9,859.66
S5165,2025-08-17,Lambton,Wellington,Beauty,9,637.29
S5166,2025-07-03,George St,Otago,Electronics,9,889.77
S5167,2025-01-19,Hamilton Central,Waikato,Home,9,208.48
S5168,2025-01-20,Lambton,Wellington,Home,11,3152.96
S5169,2025-12-08,Lambton,Wellington,Home,6,392.4
S5170,2025-07-03,Queen St,Auckland,Grocery,8,1068.12
S5171,2025-08-22,George St,Otago,Electronics,9,473.62
S5172,2025-07-18,Queen St,Auckland,Beauty,4,299.02
S5173,2025-12-09,Riccarton,Canterbury,Electronics,5,377.46
S5174,2025-03-23,Riccarton,Canterbury,Grocery,7,1988.65
S5175,2025-02-09,Lambton,Wellington,Beauty,4,835.16
S5176,2025-01-04,Riccarton,Canterbury,Beauty,9,633.39
S5177,2025-01-18,Queen St,Auckland,Home,7,264.38
S5178,2025-01-13,George St,Otago,Grocery,11,1059.46
S5179,2025-01-16,Lambton,Wellington,Grocery,1,255.58
S5180,2025-05-21,Hamilton Central,Waikato,Home,8,1046.94
S5181,2025-05-03,Hamilton Central,Waikato,Apparel,10,2057.49
S5182,2025-03-21,Riccarton,Canterbury,Beauty,1,122.98
S5183,2025-05-12,Riccarton,Canterbury,Apparel,10,1963.0
S5184,2025-06-03,Riccarton,Canterbury,Electronics,7,726.8
S5185,2025-10-27,Hamilton Central,Waikato,Beauty,1,270.32
S5186,2025-08-28,George St,Otago,Grocery,12,2829.17
S5187,2025-09-04,Queen St,Auckland,Beauty,7,1954.73
S5188,2025-02-03,Lambton,Wellington,Home,6,334.08
S5189,2025-08-17,Hamilton Central,Waikato,Home,2,547.5
S5190,2025-09-23,Riccarton,Canterbury,Beauty,11,2566.96
S5191,2025-11-21,George St,Otago,Beauty,5,980.18
S5192,2025-05-12,George St,Otago,Beauty,10,951.55
S5193,2025-02-12,Queen St,Auckland,Apparel,4,900.72
S5194,2025-04-27,George St,Otago,Electronics,5,1124.17
S5195,2025-08-01,George St,Otago,Electronics,2,504.11
S5196,2025-05-21,George St,Otago,Apparel,5,1297.06
S5197,2025-04-21,Lambton,Wellington,Home,7,1807.59
S5198,2025-10-13,Lambton,Wellington,Beauty,5,1401.46
S5199,2025-01-13,Lambton,Wellington,Electronics,12,3450.74
S5200,2025-06-08,George St,Otago,Beauty,8,214.89
S5201,2025-07-19,George St,Otago,Electronics,4,450.57
S5202,2025-06-26,George St,Otago,Beauty,12,2857.54
S5203,2025-10-03,Hamilton Central,Waikato,Beauty,5,811.01
S5204,2025-05-12,George St,Otago,Home,9,2468.09
S5205,2025-10-17,Riccarton,Canterbury,Apparel,4,480.13
S5206,2025-12-10,Hamilton Central,Waikato,Electronics,1,254.24
S5207,2025-08-10,Riccarton,Canterbury,Grocery,11,568.03
S5208,2025-05-10,Queen St,Auckland,Grocery,11,415.22
S5209,2025-06-27,Hamilton Central,Waikato,Beauty,3,786.59
S5210,2025-04-14,Riccarton,Canterbury,Beauty,10,314.54
S5211,2025-10-11,Queen St,Auckland,Beauty,8,1222.05
S5212,2025-04-09,George St,Otago,Apparel,9,1554.15
S5213,2025-07-07,George St,Otago,Apparel,3,557.82
S5214,2025-11-07,Queen St,Auckland,Electronics,10,2855.82
S5215,2025-11-14,George St,Otago,Electronics,7,2096.45
S5216,2025-07-19,Queen St,Auckland,Beauty,1,27.74
S5217,2025-06-07,Lambton,Wellington,Electronics,8,2278.8
S5218,2025-08-06,George St,Otago,Apparel,2,531.76
S5219,2025-11-02,Lambton,Wellington,Beauty,12,921.26
S5220,2025-09-10,George St,Otago,Grocery,7,309.29
S5221,2025-08-15,Riccarton,Canterbury,Home,7,888.65
S5222,2025-10-07,Queen St,Auckland,Home,4,914.35
S5223,2025-07-04,Queen St,Auckland,Home,4,187.79
S5224,2025-04-13,Hamilton Central,Waikato,Electronics,4,561.19
S5225,2025-10-15,Queen St,Auckland,Electronics,4,211.75
S5226,2025-01-20,Riccarton,Canterbury,Electronics,6,931.68
S5227,2025-01-18,Lambton,Wellington,Electronics,6,1261.66
S5228,2025-10-27,George St,Otago,Apparel,2,567.64
S5229,2025-04-16,Queen St,Auckland,Electronics,6,626.74
S5230,2025-12-08,Hamilton Central,Waikato,Grocery,4,1146.82
S5231,2025-09-27,Hamilton Central,Waikato,Grocery,10,2687.92
S5232,2025-09-26,Lambton,Wellington,Beauty,9,1240.53
S5233,2025-04-11,George St,Otago,Apparel,8,2254.59
S5234,2025-02-21,George St,Otago,Beauty,1,224.72
S5235,2025-03-24,Hamilton Central,Waikato,Home,3,314.91
S5236,2025-04-26,Hamilton Central,Waikato,Grocery,4,889.38
S5237,2025-07-09,Hamilton Central,Waikato,Beauty,5,270.46
S5238,2025-03-17,Lambton,Wellington,Beauty,10,1285.73
S5239,2025-05-01,George St,Otago,Beauty,4,355.57
S5240,2025-12-06,George St,Otago,Electronics,5,1242.45
S5241,2025-02-27,Riccarton,Canterbury,Electronics,6,135.32
S5242,2025-05-28,Hamilton Central,Waikato,Apparel,4,83.53
S5243,2025-12-10,Riccarton,Canterbury,Electronics,11,1968.91
S5244,2025-07-21,Lambton,Wellington,Home,9,975.31
S5245,2025-01-14,Lambton,Wellington,Home,12,1526.57
S5246,2025-06-09,George St,Otago,Beauty,7,637.51
S5247,2025-10-23,Lambton,Wellington,Apparel,9,1042.85
S5248,2025-10-13,Queen St,Auckland,Electronics,7,1338.82
S5249,2025-10-27,Queen St,Auckland,Beauty,11,1681.76
S5250,2025-03-02,Queen St,Auckland,Home,5,1312.69
S5251,2025-04-05,Queen St,Auckland,Electronics,4,892.41
S5252,2025-10-23,Riccarton,Canterbury,Home,6,848.41
S5253,2025-05-02,Queen St,Auckland,Apparel,10,342.46
S5254,2025-02-06,Hamilton Central,Waikato,Beauty,11,328.15
S5255,2025-02-04,George St,Otago,Home,11,3004.21
S5256,2025-02-01,Queen St,Auckland,Grocery,12,2903.99
S5257,2025-09-12,Lambton,Wellington,Electronics,5,318.49
S5258,2025-11-28,Riccarton,Canterbury,Beauty,12,2581.77
S5259,2025-05-28,Lambton,Wellington,Grocery,9,792.3
S5260,2025-04-20,Hamilton Central,Waikato,Apparel,8,1169.16
S5261,2025-08-10,Queen St,Auckland,Home,3,470.17
S5262,2025-07-07,Hamilton Central,Waikato,Electronics,4,582.24
S5263,2025-08-16,Riccarton,Canterbury,Home,5,324.84
S5264,2025-10-10,Queen St,Auckland,Home,3,73.15
S5265,2025-02-23,George St,Otago,Home,4,441.93
S5266,2025-08-01,George St,Otago,Grocery,6,1059.98
S5267,2025-04-14,Lambton,Wellington,Apparel,5,555.66
S5268,2025-06-14,George St,Otago,Home,6,1142.66
S5269,2025-06-21,Hamilton Central,Waikato,Beauty,8,2070.61
S5270,2025-10-03,Hamilton Central,Waikato,Home,7,1905.0
S5271,2025-08-26,Hamilton Central,Waikato,Apparel,1,206.94
S5272,2025-10-18,Queen St,Auckland,Beauty,2,399.94
S5273,2025-09-13,Hamilton Central,Waikato,Grocery,3,626.72
S5274,2025-05-09,Hamilton Central,Waikato,Home,9,337.27
S5275,2025-06-22,Riccarton,Canterbury,Beauty,2,59.0
S5276,2025-07-17,Riccarton,Canterbury,Electronics,8,578.76
S5277,2025-03-19,Hamilton Central,Waikato,Electronics,4,998.72
S5278,2025-11-22,Riccarton,Canterbury,Home,6,1770.48
S5279,2025-05-04,George St,Otago,Apparel,8,1041.91
S5280,2025-10-01,George St,Otago,Home,7,1400.33
S5281,2025-08-04,Lambton,Wellington,Beauty,5,1249.65
S5282,2025-01-02,Riccarton,Canterbury,Grocery,10,669.38
S5283,2025-03-01,Hamilton Central,Waikato,Beauty,6,188.17
S5284,2025-05-18,George St,Otago,Beauty,11,2611.18
S5285,2025-01-13,Queen St,Auckland,Home,9,2274.96
S5286,2025-11-14,Hamilton Central,Waikato,Electronics,8,1474.95
S5287,2025-03-21,Riccarton,Canterbury,Beauty,1,203.37
S5288,2025-06-07,Hamilton Central,Waikato,Apparel,8,1540.87
S5289,2025-11-07,Riccarton,Canterbury,Apparel,12,1962.51
S5290,2025-04-01,Queen St,Auckland,Beauty,2,200.69
S5291,2025-02-03,Hamilton Central,Waikato,Grocery,5,234.75
S5292,2025-07-11,Riccarton,Canterbury,Electronics,12,3589.98
S5293,2025-08-05,Riccarton,Canterbury,Beauty,1,99.35
S5294,2025-04-20,Queen St,Auckland,Grocery,9,2259.59
S5295,2025-12-26,Riccarton,Canterbury,Home,6,1011.29
S5296,2025-11-21,Riccarton,Canterbury,Beauty,5,414.62
S5297,2025-06-13,George St,Otago,Home,1,141.07
S5298,2025-01-05,Hamilton Central,Waikato,Apparel,10,2437.41
S5299,2025-06-12,Riccarton,Canterbury,Apparel,3,491.03
S5300,2025-04-27,Hamilton Central,Waikato,Apparel,12,2509.3
S5301,2025-05-01,Hamilton Central,Waikato,Home,4,594.72
S5302,2025-03-06,George St,Otago,Grocery,12,2877.44
S5303,2025-02-13,Riccarton,Canterbury,Apparel,4,320.59
S5304,2025-05-21,Lambton,Wellington,Grocery,2,74.4
S5305,2025-04-02,Lambton,Wellington,Electronics,4,324.83
S5306,2025-09-13,Lambton,Wellington,Apparel,10,112.9
S5307,2025-11-04,Riccarton,Canterbury,Home,6,1161.06
S5308,2025-12-21,Riccarton,Canterbury,Beauty,3,229.71
S5309,2025-03-02,Queen St,Auckland,Apparel,8,1859.23
S5310,2025-09-26,Riccarton,Canterbury,Grocery,5,933.06
S5311,2025-08-08,George St,Otago,Apparel,11,1506.34
S5312,2025-05-07,George St,Otago,Apparel,12,1478.73
S5313,2025-11-27,Queen St,Auckland,Grocery,3,373.44
S5314,2025-08-24,Riccarton,Canterbury,Beauty,6,1285.85
S5315,2025-04-19,Riccarton,Canterbury,Home,1,37.63
S5316,2025-05-26,Riccarton,Canterbury,Beauty,4,916.69
S5317,2025-04-09,George St,Otago,Home,8,1411.55
S5318,2025-01-26,Riccarton,Canterbury,Electronics,3,106.05
S5319,2025-04-20,Hamilton Central,Waikato,Electronics,8,2072.33
S5320,2025-06-11,Hamilton Central,Waikato,Home,10,1064.49
S5321,2025-12-04,Lambton,Wellington,Electronics,6,1078.13
S5322,2025-09-11,Lambton,Wellington,Grocery,1,250.63
S5323,2025-06-24,Lambton,Wellington,Electronics,10,1554.53
S5324,2025-04-08,George St,Otago,Grocery,3,244.31
S5325,2025-05-23,George St,Otago,Electronics,10,2266.12
S5326,2025-06-12,George St,Otago,Beauty,8,685.32
S5327,2025-03-28,Hamilton Central,Waikato,Apparel,6,1211.86
S5328,2025-11-27,Queen St,Auckland,Apparel,5,419.88
S5329,2025-02-11,Queen St,Auckland,Home,6,1392.56
S5330,2025-07-14,George St,Otago,Grocery,12,763.47
S5331,2025-10-26,Riccarton,Canterbury,Home,12,2454.14
S5332,2025-09-20,Riccarton,Canterbury,Home,9,766.52
S5333,2025-12-10,Hamilton Central,Waikato,Home,10,2077.41
S5334,2025-09-28,Riccarton,Canterbury,Apparel,4,720.45
S5335,2025-02-11,Hamilton Central,Waikato,Grocery,2,260.71
S5336,2025-03-17,George St,Otago,Apparel,11,2067.69
S5337,2025-05-22,Lambton,Wellington,Electronics,1,138.61
S5338,2025-03-09,Queen St,Auckland,Apparel,11,1773.49
S5339,2025-08-23,Queen St,Auckland,Grocery,9,116.97
S5340,2025-02-03,Riccarton,Canterbury,Home,11,1450.13
S5341,2025-04-24,Riccarton,Canterbury,Apparel,4,1100.18
S5342,2025-03-10,Lambton,Wellington,Beauty,7,1659.28
S5343,2025-07-08,Queen St,Auckland,Grocery,11,702.67
S5344,2025-07-05,Hamilton Central,Waikato,Home,4,395.98
S5345,2025-05-14,Hamilton Central,Waikato,Electronics,9,1286.0
S5346,2025-08-15,George St,Otago,Electronics,6,995.54
S5347,2025-06-23,Lambton,Wellington,Apparel,3,865.65
S5348,2025-02-04,Queen St,Auckland,Apparel,5,474.69
S5349,2025-08-25,Lambton,Wellington,Beauty,4,784.38
S5350,2025-02-26,Queen St,Auckland,Grocery,6,393.73
S5351,2025-05-25,Riccarton,Canterbury,Home,2,526.49
S5352,2025-04-14,Riccarton,Canterbury,Apparel,4,360.86
S5353,2025-03-26,George St,Otago,Beauty,11,1492.63
S5354,2025-01-04,Lambton,Wellington,Home,8,670.78
S5355,2025-11-27,Queen St,Auckland,Apparel,4,733.22
S5356,2025-09-02,Queen St,Auckland,Home,3,476.81
S5357,2025-02-20,Queen St,Auckland,Apparel,7,1032.76
S5358,2025-05-24,George St,Otago,Apparel,7,752.0
S5359,2025-04-10,Hamilton Central,Waikato,Electronics,4,454.29
S5360,2025-05-27,Riccarton,Canterbury,Beauty,11,878.38
S5361,2025-06-11,Hamilton Central,Waikato,Grocery,7,822.33
S5362,2025-03-23,Queen St,Auckland,Electronics,6,773.67
S5363,2025-09-05,George St,Otago,Home,4,613.89
S5364,2025-06-11,Queen St,Auckland,Beauty,4,239.04
S5365,2025-09-23,Hamilton Central,Waikato,Beauty,4,1104.69
S5366,2025-02-24,George St,Otago,Beauty,9,2310.63
S5367,2025-01-05,Queen St,Auckland,Electronics,7,1661.83
S5368,2025-01-25,Queen St,Auckland,Electronics,1,278.36
S5369,2025-10-08,Queen St,Auckland,Electronics,5,393.67
S5370,2025-09-09,Queen St,Auckland,Home,11,1522.4
S5371,2025-01-21,Queen St,Auckland,Grocery,12,451.14
S5372,2025-10-04,Riccarton,Canterbury,Electronics,5,1074.45
S5373,2025-11-08,Lambton,Wellington,Grocery,3,439.92
S5374,2025-01-22,Hamilton Central,Waikato,Apparel,2,215.42
S5375,2025-04-25,George St,Otago,Beauty,1,107.52
S5376,2025-11-09,Lambton,Wellington,Beauty,11,1332.01
S5377,2025-09-23,Queen St,Auckland,Beauty,9,106.21
S5378,2025-03-23,George St,Otago,Electronics,1,120.57
S5379,2025-10-06,Lambton,Wellington,Electronics,2,330.75
S5380,2025-09-13,Lambton,Wellington,Apparel,2,434.84
S5381,2025-12-15,George St,Otago,Home,11,2991.95
S5382,2025-09-25,Hamilton Central,Waikato,Home,2,526.82
S5383,2025-10-05,Hamilton Central,Waikato,Home,10,1859.89
S5384,2025-04-24,Riccarton,Canterbury,Home,8,597.9
S5385,2025-10-18,Hamilton Central,Waikato,Apparel,12,676.61
S5386,2025-11-19,Queen St,Auckland,Home,10,1721.22
S5387,2025-11-03,Lambton,Wellington,Electronics,6,607.45
S5388,2025-05-03,George St,Otago,Beauty,12,303.2
S5389,2025-08-25,Lambton,Wellington,Beauty,3,496.76
S5390,2025-08-13,Lambton,Wellington,Beauty,7,1681.29
S5391,2025-02-12,Queen St,Auckland,Home,3,307.36
S5392,2025-10-09,Lambton,Wellington,Beauty,8,1363.54
S5393,2025-09-09,Queen St,Auckland,Grocery,5,330.58
S5394,2025-02-10,Lambton,Wellington,Electronics,7,1542.31
S5395,2025-11-09,Riccarton,Canterbury,Apparel,8,2212.76
S5396,2025-06-03,George St,Otago,Electronics,3,95.1
S5397,2025-07-12,Hamilton Central,Waikato,Grocery,2,231.12
S5398,2025-10-21,George St,Otago,Home,11,1744.84
S5399,2025-02-28,Queen St,Auckland,Grocery,2,240.57
S5400,2025-12-17,George St,Otago,Electronics,2,212.99
S5401,2025-11-20,Lambton,Wellington,Electronics,1,104.71
S5402,2025-03-04,Lambton,Wellington,Electronics,2,318.85
S5403,2025-12-25,George St,Otago,Grocery,2,109.59
S5404,2025-07-13,George St,Otago,Beauty,7,1142.41
S5405,2025-06-16,Hamilton Central,Waikato,Beauty,3,516.87
S5406,2025-04-13,Hamilton Central,Waikato,Electronics,1,263.59
S5407,2025-09-13,Lambton,Wellington,Apparel,9,2669.65
S5408,2025-09-09,Riccarton,Canterbury,Apparel,4,359.6
S5409,2025-05-10,Lambton,Wellington,Apparel,11,3263.91
S5410,2025-09-12,Hamilton Central,Waikato,Apparel,3,782.12
S5411,2025-06-02,Queen St,Auckland,Grocery,4,570.71
S5412,2025-03-23,George St,Otago,Home,10,2204.68
S5413,2025-08-10,Riccarton,Canterbury,Electronics,2,398.89
S5414,2025-04-13,Lambton,Wellington,Apparel,5,1226.55
S5415,2025-06-09,Lambton,Wellington,Home,3,496.16
S5416,2025-12-04,George St,Otago,Grocery,1,112.69
S5417,2025-09-05,Lambton,Wellington,Apparel,3,620.9
S5418,2025-12-22,Riccarton,Canterbury,Apparel,2,414.26
S5419,2025-01-17,George St,Otago,Electronics,5,893.47
S5420,2025-01-02,Lambton,Wellington,Home,10,2446.5
S5421,2025-10-09,Queen St,Auckland,Grocery,2,49.69
S5422,2025-11-26,Hamilton Central,Waikato,Apparel,12,3234.24
S5423,2025-04-01,Hamilton Central,Waikato,Apparel,5,743.75
S5424,2025-12-13,Hamilton Central,Waikato,Grocery,6,1331.41
S5425,2025-10-18,Queen St,Auckland,Electronics,6,614.13
S5426,2025-06-20,Hamilton Central,Waikato,Home,5,577.78
S5427,2025-02-27,Queen St,Auckland,Apparel,7,649.91
S5428,2025-04-18,Lambton,Wellington,Home,5,1187.49
S5429,2025-08-22,Queen St,Auckland,Beauty,8,95.92
S5430,2025-06-08,Hamilton Central,Waikato,Grocery,8,1776.29
S5431,2025-06-04,Lambton,Wellington,Beauty,8,1034.78
S5432,2025-02-05,Hamilton Central,Waikato,Apparel,6,944.08
S5433,2025-08-01,George St,Otago,Electronics,6,207.26
S5434,2025-08-17,Lambton,Wellington,Apparel,10,2732.11
S5435,2025-08-02,Queen St,Auckland,Home,6,197.24
S5436,2025-12-20,Riccarton,Canterbury,Grocery,5,109.27
S5437,2025-07-20,Lambton,Wellington,Home,5,919.71
S5438,2025-12-28,Riccarton,Canterbury,Grocery,7,1237.27
S5439,2025-06-27,Riccarton,Canterbury,Grocery,6,1014.2
S5440,2025-12-10,George St,Otago,Electronics,12,3249.23
S5441,2025-08-01,George St,Otago,Apparel,11,1728.07
S5442,2025-02-14,Queen St,Auckland,Electronics,5,534.47
S5443,2025-07-14,Hamilton Central,Waikato,Grocery,4,639.98
S5444,2025-07-16,George St,Otago,Grocery,2,539.19
S5445,2025-08-16,George St,Otago,Grocery,10,2733.37
S5446,2025-11-18,Hamilton Central,Waikato,Home,7,1881.04
S5447,2025-03-13,Hamilton Central,Waikato,Electronics,4,744.62
S5448,2025-03-04,Hamilton Central,Waikato,Electronics,9,1023.74
S5449,2025-08-23,Hamilton Central,Waikato,Apparel,3,99.19
S5450,2025-03-28,George St,Otago,Beauty,2,484.45
S5451,2025-11-15,Queen St,Auckland,Electronics,2,55.61
S5452,2025-03-11,Hamilton Central,Waikato,Apparel,2,344.93
S5453,2025-04-05,Hamilton Central,Waikato,Beauty,2,421.7
S5454,2025-03-08,George St,Otago,Grocery,10,1303.04
S5455,2025-06-06,Lambton,Wellington,Apparel,6,1628.78
S5456,2025-04-04,Queen St,Auckland,Electronics,2,269.29
S5457,2025-04-16,Lambton,Wellington,Apparel,1,282.03
S5458,2025-05-22,Riccarton,Canterbury,Grocery,8,1980.0
S5459,2025-09-02,Queen St,Auckland,Apparel,6,1622.55
S5460,2025-05-08,George St,Otago,Home,2,152.62
S5461,2025-05-03,Riccarton,Canterbury,Electronics,6,229.09
S5462,2025-03-22,Hamilton Central,Waikato,Grocery,2,183.94
S5463,2025-07-22,Queen St,Auckland,Apparel,4,771.99
S5464,2025-05-02,Riccarton,Canterbury,Electronics,2,296.17
S5465,2025-05-28,Queen St,Auckland,Home,1,62.08
S5466,2025-11-25,Lambton,Wellington,Home,7,1586.83
S5467,2025-04-13,Hamilton Central,Waikato,Beauty,12,488.97
S5468,2025-11-09,Riccarton,Canterbury,Grocery,9,163.5
S5469,2025-09-25,Queen St,Auckland,Grocery,11,1119.48
S5470,2025-06-03,Hamilton Central,Waikato,Beauty,9,136.59
S5471,2025-04-20,Riccarton,Canterbury,Electronics,8,549.94
S5472,2025-07-26,Lambton,Wellington,Apparel,5,1451.91
S5473,2025-03-16,George St,Otago,Apparel,12,2521.48
S5474,2025-12-13,Hamilton Central,Waikato,Grocery,10,1651.49
S5475,2025-06-17,Queen St,Auckland,Beauty,7,585.6
S5476,2025-08-12,Hamilton Central,Waikato,Electronics,8,2106.48
S5477,2025-10-05,Riccarton,Canterbury,Grocery,6,195.72
S5478,2025-10-05,George St,Otago,Electronics,6,258.46
S5479,2025-03-28,Queen St,Auckland,Electronics,4,855.26
S5480,2025-12-04,Queen St,Auckland,Beauty,4,778.05
S5481,2025-07-22,Riccarton,Canterbury,Electronics,8,1701.87
S5482,2025-05-12,George St,Otago,Beauty,9,2096.12
S5483,2025-06-10,Lambton,Wellington,Electronics,9,487.22
S5484,2025-12-19,Riccarton,Canterbury,Grocery,11,3092.8
S5485,2025-08-17,Queen St,Auckland,Apparel,4,165.81
S5486,2025-07-18,Riccarton,Canterbury,Beauty,6,573.24
S5487,2025-07-19,George St,Otago,Beauty,1,230.28
S5488,2025-07-26,Lambton,Wellington,Electronics,4,305.23
S5489,2025-11-12,George St,Otago,Home,11,1241.63
S5490,2025-03-18,Hamilton Central,Waikato,Electronics,4,180.91
S5491,2025-10-06,Riccarton,Canterbury,Grocery,12,2658.94
S5492,2025-11-17,Hamilton Central,Waikato,Grocery,6,1639.5
S5493,2025-07-13,Lambton,Wellington,Home,2,290.31
S5494,2025-07-11,Queen St,Auckland,Home,3,487.56
S5495,2025-01-21,Hamilton Central,Waikato,Beauty,3,33.87
S5496,2025-12-19,Lambton,Wellington,Home,10,1164.11
S5497,2025-08-13,Lambton,Wellington,Electronics,3,867.51
S5498,2025-07-15,George St,Otago,Grocery,12,490.69
S5499,2025-10-04,Hamilton Central,Waikato,Grocery,8,2288.05
S5500,2025-06-02,Lambton,Wellington,Electronics,10,2147.79
S5501,2025-01-18,Lambton,Wellington,Home,5,1112.0
S5502,2025-11-13,George St,Otago,Beauty,5,622.88
S5503,2025-07-05,Queen St,Auckland,Home,11,2878.06
S5504,2025-09-24,George St,Otago,Home,11,1624.05
S5505,2025-09-17,Hamilton Central,Waikato,Home,3,302.6
S5506,2025-09-28,Lambton,Wellington,Home,9,2669.99
S5507,2025-04-15,Queen St,Auckland,Beauty,9,1703.62
S5508,2025-11-26,Queen St,Auckland,Electronics,5,1203.1
S5509,2025-12-11,Riccarton,Canterbury,Beauty,9,2452.68
S5510,2025-04-23,Hamilton Central,Waikato,Apparel,11,2618.07
S5511,2025-03-09,Hamilton Central,Waikato,Beauty,2,29.35
S5512,2025-01-17,Lambton,Wellington,Home,12,662.83
S5513,2025-10-03,Riccarton,Canterbury,Beauty,1,71.09
S5514,2025-03-09,Lambton,Wellington,Electronics,5,828.43
S5515,2025-07-01,George St,Otago,Apparel,11,2932.22
S5516,2025-08-04,Hamilton Central,Waikato,Electronics,11,1026.42
S5517,2025-02-17,Riccarton,Canterbury,Grocery,9,1331.23
S5518,2025-11-25,Riccarton,Canterbury,Home,5,320.71
S5519,2025-02-15,George St,Otago,Beauty,6,1137.52
S5520,2025-10-02,Riccarton,Canterbury,Home,3,496.5
S5521,2025-04-11,Lambton,Wellington,Home,4,1187.8
S5522,2025-08-13,Lambton,Wellington,Apparel,7,167.19
S5523,2025-06-22,George St,Otago,Apparel,8,1114.69
S5524,2025-01-13,Riccarton,Canterbury,Beauty,12,2921.37
S5525,2025-10-22,Hamilton Central,Waikato,Home,4,544.52
S5526,2025-05-08,Queen St,Auckland,Beauty,3,331.72
S5527,2025-08-24,Hamilton Central,Waikato,Beauty,2,348.32
S5528,2025-11-10,Hamilton Central,Waikato,Electronics,1,206.43
S5529,2025-07-14,Queen St,Auckland,Beauty,9,1091.06
S5530,2025-06-04,Hamilton Central,Waikato,Grocery,9,1210.7
S5531,2025-10-11,George St,Otago,Apparel,4,714.03
S5532,2025-10-15,Riccarton,Canterbury,Beauty,10,574.38
S5533,2025-05-26,Queen St,Auckland,Apparel,11,3139.02
S5534,2025-02-05,Queen St,Auckland,Beauty,2,502.16
S5535,2025-09-05,Queen St,Auckland,Electronics,8,2085.19
S5536,2025-11-05,George St,Otago,Grocery,10,2145.15
S5537,2025-04-17,Riccarton,Canterbury,Electronics,3,255.5
S5538,2025-10-21,Hamilton Central,Waikato,Grocery,2,31.5
S5539,2025-09-08,Riccarton,Canterbury,Home,5,883.94
S5540,2025-12-11,George St,Otago,Electronics,10,2301.69
S5541,2025-04-22,Queen St,Auckland,Apparel,11,1334.07
S5542,2025-09-15,Riccarton,Canterbury,Electronics,10,559.38
S5543,2025-02-26,Riccarton,Canterbury,Beauty,11,992.13
S5544,2025-03-19,Riccarton,Canterbury,Apparel,3,613.36
S5545,2025-05-09,Hamilton Central,Waikato,Grocery,12,1889.08
S5546,2025-02-19,Lambton,Wellington,Grocery,4,646.57
S5547,2025-06-05,Riccarton,Canterbury,Beauty,12,2270.99
S5548,2025-10-26,Lambton,Wellington,Beauty,5,1276.63
S5549,2025-12-06,Queen St,Auckland,Electronics,4,825.06
S5550,2025-02-28,Hamilton Central,Waikato,Beauty,9,2235.16
S5551,2025-03-14,George St,Otago,Home,2,368.82
S5552,2025-12-17,Lambton,Wellington,Electronics,8,754.81
S5553,2025-05-11,Queen St,Auckland,Beauty,9,1714.9
S5554,2025-07-08,George St,Otago,Home,7,1119.95
S5555,2025-04-18,Hamilton Central,Waikato,Apparel,5,1107.85
S5556,2025-05-14,George St,Otago,Apparel,2,134.13
S5557,2025-04-06,Lambton,Wellington,Grocery,11,2959.28
S5558,2025-04-20,Queen St,Auckland,Grocery,12,1218.83
S5559,2025-11-22,Queen St,Auckland,Beauty,9,1327.21
S5560,2025-11-11,Queen St,Auckland,Beauty,11,1551.2
S5561,2025-01-16,George St,Otago,Beauty,2,595.55
S5562,2025-05-09,Riccarton,Canterbury,Electronics,8,2289.76
S5563,2025-09-26,Riccarton,Canterbury,Home,1,183.45
S5564,2025-05-27,George St,Otago,Apparel,12,3305.42
S5565,2025-04-22,Riccarton,Canterbury,Beauty,5,1459.19
S5566,2025-01-21,Lambton,Wellington,Apparel,1,243.94
S5567,2025-05-19,Riccarton,Canterbury,Grocery,6,984.4
S5568,2025-02-15,Hamilton Central,Waikato,Grocery,12,707.2
S5569,2025-06-16,George St,Otago,Home,9,1962.39
S5570,2025-01-09,George St,Otago,Beauty,12,1140.97
S5571,2025-12-21,George St,Otago,Electronics,12,1729.24
S5572,2025-10-14,Riccarton,Canterbury,Grocery,5,1110.55
S5573,2025-01-05,George St,Otago,Electronics,11,183.94
S5574,2025-08-01,Queen St,Auckland,Beauty,12,2170.91
S5575,2025-02-06,Lambton,Wellington,Home,12,2163.01
S5576,2025-06-08,Riccarton,Canterbury,Grocery,5,905.93
S5577,2025-03-01,George St,Otago,Electronics,9,1643.35
S5578,2025-08-24,Queen St,Auckland,Apparel,8,1843.05
S5579,2025-05-24,Riccarton,Canterbury,Electronics,3,808.25
S5580,2025-05-04,Lambton,Wellington,Grocery,6,1784.63
S5581,2025-02-09,Hamilton Central,Waikato,Home,10,745.46
S5582,2025-07-04,George St,Otago,Apparel,5,1236.46
S5583,2025-12-02,George St,Otago,Beauty,5,1389.47
S5584,2025-11-04,George St,Otago,Grocery,3,124.03
S5585,2025-09-05,Riccarton,Canterbury,Apparel,5,743.83
S5586,2025-04-01,George St,Otago,Grocery,10,2549.92
S5587,2025-02-28,Hamilton Central,Waikato,Apparel,4,262.54
S5588,2025-03-01,Hamilton Central,Waikato,Grocery,9,1233.05
S5589,2025-10-17,Queen St,Auckland,Electronics,12,2148.48
S5590,2025-06-19,Hamilton Central,Waikato,Home,3,144.59
S5591,2025-10-20,Queen St,Auckland,Grocery,9,1749.18
S5592,2025-02-09,Riccarton,Canterbury,Apparel,8,510.91
S5593,2025-11-17,Lambton,Wellington,Apparel,2,393.92
S5594,2025-10-12,Hamilton Central,Waikato,Home,1,42.51
S5595,2025-07-08,Hamilton Central,Waikato,Home,6,612.15
S5596,2025-06-01,George St,Otago,Apparel,2,61.0
S5597,2025-02-03,Queen St,Auckland,Beauty,3,334.34
S5598,2025-02-12,Riccarton,Canterbury,Electronics,2,268.62
S5599,2025-02-24,Riccarton,Canterbury,Apparel,4,633.81
S5600,2025-08-25,Lambton,Wellington,Electronics,3,171.76
S5601,2025-10-01,Riccarton,Canterbury,Grocery,6,761.72
S5602,2025-11-28,Riccarton,Canterbury,Electronics,11,311.44
S5603,2025-07-11,Queen St,Auckland,Home,6,1404.87
S5604,2025-09-18,Hamilton Central,Waikato,Electronics,9,978.68
S5605,2025-06-20,Hamilton Central,Waikato,Home,8,2049.58
S5606,2025-07-18,Queen St,Auckland,Apparel,6,791.07
S5607,2025-03-09,Lambton,Wellington,Grocery,4,126.16
S5608,2025-05-27,Lambton,Wellington,Beauty,4,1103.73
S5609,2025-08-16,Queen St,Auckland,Beauty,10,2747.66
S5610,2025-11-19,George St,Otago,Apparel,2,406.79
S5611,2025-07-12,George St,Otago,Grocery,7,375.61
S5612,2025-09-03,Lambton,Wellington,Electronics,1,76.6
S5613,2025-02-09,Hamilton Central,Waikato,Beauty,11,1472.94
S5614,2025-06-07,Lambton,Wellington,Apparel,11,214.25
S5615,2025-02-13,George St,Otago,Beauty,2,203.2
S5616,2025-08-27,George St,Otago,Apparel,5,1458.13
S5617,2025-11-08,Riccarton,Canterbury,Apparel,11,1018.63
S5618,2025-12-13,George St,Otago,Electronics,5,1206.77
S5619,2025-02-19,Hamilton Central,Waikato,Grocery,7,522.97
S5620,2025-09-25,Queen St,Auckland,Grocery,7,2076.55
S5621,2025-06-09,Riccarton,Canterbury,Home,12,981.44
S5622,2025-06-03,Lambton,Wellington,Apparel,9,1906.28
S5623,2025-12-18,Lambton,Wellington,Apparel,10,2596.2
S5624,2025-03-26,Riccarton,Canterbury,Electronics,7,1157.85
S5625,2025-03-03,Riccarton,Canterbury,Beauty,4,347.43
S5626,2025-03-09,Riccarton,Canterbury,Grocery,10,1746.92
S5627,2025-01-16,Queen St,Auckland,Grocery,2,324.58
S5628,2025-01-07,Hamilton Central,Waikato,Grocery,2,198.75
S5629,2025-08-10,Hamilton Central,Waikato,Grocery,3,218.33
S5630,2025-03-05,Hamilton Central,Waikato,Apparel,8,1063.27
S5631,2025-08-22,Riccarton,Canterbury,Apparel,12,966.12
S5632,2025-05-17,George St,Otago,Grocery,1,186.51
S5633,2025-10-16,Riccarton,Canterbury,Electronics,7,498.31
S5634,2025-08-20,Lambton,Wellington,Beauty,7,805.51
S5635,2025-08-07,Lambton,Wellington,Apparel,11,2196.62
S5636,2025-01-06,Queen St,Auckland,Apparel,2,474.0
S5637,2025-03-25,Hamilton Central,Waikato,Apparel,8,2306.07
S5638,2025-01-04,Queen St,Auckland,Grocery,5,264.36
S5639,2025-04-13,Lambton,Wellington,Electronics,10,170.64
S5640,2025-08-02,George St,Otago,Home,9,994.09
S5641,2025-11-02,Queen St,Auckland,Home,11,251.48
S5642,2025-10-10,Queen St,Auckland,Apparel,6,80.99
S5643,2025-04-03,Hamilton Central,Waikato,Beauty,10,2594.71
S5644,2025-01-06,George St,Otago,Apparel,10,2522.25
S5645,2025-02-15,Queen St,Auckland,Grocery,5,1322.23
S5646,2025-09-14,Lambton,Wellington,Grocery,10,2848.43
S5647,2025-10-18,Queen St,Auckland,Home,8,1562.1
S5648,2025-01-26,Riccarton,Canterbury,Home,4,801.25
S5649,2025-07-17,Queen St,Auckland,Apparel,12,1019.22
S5650,2025-08-11,Lambton,Wellington,Home,4,868.99
S5651,2025-11-19,Queen St,Auckland,Grocery,8,1659.44
S5652,2025-04-10,Lambton,Wellington,Home,1,40.23
S5653,2025-02-27,George St,Otago,Beauty,11,1099.26
S5654,2025-04-18,Riccarton,Canterbury,Electronics,8,644.85
S5655,2025-06-15,Lambton,Wellington,Beauty,4,801.23
S5656,2025-12-01,Lambton,Wellington,Beauty,4,113.62
S5657,2025-07-05,Hamilton Central,Waikato,Home,11,128.27
S5658,2025-04-28,Riccarton,Canterbury,Electronics,8,2031.88
S5659,2025-03-28,Riccarton,Canterbury,Electronics,6,788.38
S5660,2025-05-27,Lambton,Wellington,Apparel,1,122.44
S5661,2025-03-16,Queen St,Auckland,Grocery,4,1144.76
S5662,2025-10-03,Hamilton Central,Waikato,Home,2,34.85
S5663,2025-05-14,Hamilton Central,Waikato,Electronics,5,494.79
S5664,2025-01-21,Riccarton,Canterbury,Grocery,8,1715.81
S5665,2025-11-08,Riccarton,Canterbury,Electronics,4,253.88
S5666,2025-02-09,Queen St,Auckland,Home,7,1931.58
S5667,2025-05-28,Riccarton,Canterbury,Home,8,404.68
S5668,2025-02-22,Queen St,Auckland,Electronics,1,223.52
S5669,2025-03-05,Lambton,Wellington,Electronics,8,1715.18
S5670,2025-03-23,George St,Otago,Home,1,180.21
S5671,2025-04-16,Hamilton Central,Waikato,Home,5,791.08
S5672,2025-12-10,Lambton,Wellington,Beauty,10,1496.91
S5673,2025-11-19,Riccarton,Canterbury,Electronics,6,1296.86
S5674,2025-08-20,Lambton,Wellington,Electronics,2,446.97
S5675,2025-04-07,George St,Otago,Grocery,7,451.3
S5676,2025-10-22,Riccarton,Canterbury,Beauty,9,1427.1
S5677,2025-10-04,Hamilton Central,Waikato,Home,11,736.65
S5678,2025-03-23,George St,Otago,Apparel,10,1465.82
S5679,2025-06-24,Hamilton Central,Waikato,Apparel,9,1189.23
S5680,2025-09-22,Lambton,Wellington,Home,7,1566.07
S5681,2025-05-08,Lambton,Wellington,Beauty,9,1513.7
S5682,2025-10-19,Queen St,Auckland,Home,6,234.73
S5683,2025-10-23,Hamilton Central,Waikato,Apparel,9,744.43
S5684,2025-10-09,Lambton,Wellington,Beauty,7,1306.4
S5685,2025-06-15,George St,Otago,Home,4,1117.87
S5686,2025-04-27,Lambton,Wellington,Home,12,589.34
S5687,2025-06-13,Hamilton Central,Waikato,Electronics,5,808.67
S5688,2025-10-11,Hamilton Central,Waikato,Apparel,9,1878.83
S5689,2025-06-02,Lambton,Wellington,Home,10,2266.47
S5690,2025-04-02,Riccarton,Canterbury,Electronics,11,2090.97
S5691,2025-09-11,Lambton,Wellington,Beauty,12,2620.92
S5692,2025-06-24,Queen St,Auckland,Apparel,2,301.38
S5693,2025-08-17,George St,Otago,Beauty,5,1206.34
S5694,2025-07-17,George St,Otago,Home,2,320.46
S5695,2025-10-04,Hamilton Central,Waikato,Home,7,1674.95
S5696,2025-12-08,Hamilton Central,Waikato,Grocery,9,1907.09
S5697,2025-12-01,Queen St,Auckland,Grocery,8,850.1
S5698,2025-03-14,Hamilton Central,Waikato,Grocery,10,2932.92
S5699,2025-09-18,Lambton,Wellington,Grocery,6,83.97
S5700,2025-10-05,George St,Otago,Grocery,6,124.74
S5701,2025-06-14,Lambton,Wellington,Electronics,5,717.81
S5702,2025-06-02,Lambton,Wellington,Electronics,5,244.46
S5703,2025-10-24,George St,Otago,Beauty,4,395.39
S5704,2025-05-03,Riccarton,Canterbury,Grocery,12,371.86
S5705,2025-09-05,George St,Otago,Home,6,1725.66
S5706,2025-01-17,Riccarton,Canterbury,Electronics,4,382.54
S5707,2025-03-09,George St,Otago,Grocery,2,366.15
S5708,2025-05-28,Queen St,Auckland,Home,8,449.35
S5709,2025-03-06,Riccarton,Canterbury,Apparel,11,2587.03
S5710,2025-01-11,Riccarton,Canterbury,Apparel,3,854.62
S5711,2025-12-22,Hamilton Central,Waikato,Apparel,9,2071.11
S5712,2025-01-09,Riccarton,Canterbury,Apparel,12,446.55
S5713,2025-11-12,George St,Otago,Electronics,10,967.18
S5714,2025-09-25,George St,Otago,Apparel,9,2119.4
S5715,2025-04-11,Lambton,Wellington,Home,2,341.87
S5716,2025-05-17,Riccarton,Canterbury,Beauty,10,588.77
S5717,2025-12-14,Riccarton,Canterbury,Home,4,283.72
S5718,2025-05-22,Riccarton,Canterbury,Grocery,7,1089.45
S5719,2025-10-06,Hamilton Central,Waikato,Grocery,1,198.78
S5720,2025-06-20,Lambton,Wellington,Apparel,10,2905.54
S5721,2025-01-11,Hamilton Central,Waikato,Grocery,1,104.15
S5722,2025-09-20,Hamilton Central,Waikato,Grocery,8,2185.63
S5723,2025-08-12,Riccarton,Canterbury,Apparel,11,586.89
S5724,2025-04-19,Riccarton,Canterbury,Home,5,1265.34
S5725,2025-01-24,George St,Otago,Apparel,3,92.55
S5726,2025-05-03,Lambton,Wellington,Home,3,751.34
S5727,2025-09-10,Lambton,Wellington,Electronics,1,84.56
S5728,2025-01-02,George St,Otago,Apparel,7,1412.78
S5729,2025-05-28,Hamilton Central,Waikato,Apparel,6,571.24
S5730,2025-02-23,Lambton,Wellington,Home,5,1458.11
S5731,2025-08-07,Hamilton Central,Waikato,Beauty,6,315.02
S5732,2025-07-05,George St,Otago,Electronics,2,534.01
S5733,2025-04-09,Riccarton,Canterbury,Grocery,10,1975.26
S5734,2025-05-20,Queen St,Auckland,Grocery,4,393.75
S5735,2025-10-08,Lambton,Wellington,Apparel,3,604.72
S5736,2025-08-15,Queen St,Auckland,Apparel,6,1233.66
S5737,2025-10-03,Riccarton,Canterbury,Grocery,10,212.16
S5738,2025-01-03,Hamilton Central,Waikato,Grocery,5,581.09
S5739,2025-05-03,Lambton,Wellington,Beauty,3,705.0
S5740,2025-10-04,Hamilton Central,Waikato,Apparel,8,1238.34
S5741,2025-12-22,Queen St,Auckland,Apparel,12,1056.79
S5742,2025-06-26,George St,Otago,Electronics,3,296.85
S5743,2025-11-19,Riccarton,Canterbury,Grocery,1,274.86
S5744,2025-04-07,George St,Otago,Grocery,8,1310.67
S5745,2025-10-21,Lambton,Wellington,Grocery,9,898.91
S5746,2025-03-06,Queen St,Auckland,Beauty,11,856.71
S5747,2025-07-23,Hamilton Central,Waikato,Home,4,518.15
S5748,2025-01-22,Queen St,Auckland,Grocery,1,44.67
S5749,2025-03-26,Riccarton,Canterbury,Apparel,9,2369.46
S5750,2025-02-06,George St,Otago,Apparel,3,460.94
S5751,2025-08-03,George St,Otago,Grocery,2,272.39
S5752,2025-03-15,George St,Otago,Electronics,11,3187.09
S5753,2025-03-02,Riccarton,Canterbury,Electronics,1,146.97
S5754,2025-04-25,George St,Otago,Home,6,966.05
S5755,2025-04-17,Hamilton Central,Waikato,Apparel,4,896.73
S5756,2025-11-16,Hamilton Central,Waikato,Home,5,1485.26
S5757,2025-12-07,Lambton,Wellington,Electronics,6,1191.82
S5758,2025-12-18,Riccarton,Canterbury,Electronics,8,511.56
S5759,2025-11-11,Riccarton,Canterbury,Grocery,6,1605.96
S5760,2025-08-08,Hamilton Central,Waikato,Home,7,1763.28
S5761,2025-09-12,Riccarton,Canterbury,Electronics,4,282.34
S5762,2025-12-23,George St,Otago,Apparel,5,314.1
S5763,2025-03-25,Riccarton,Canterbury,Grocery,10,295.09
S5764,2025-03-19,Riccarton,Canterbury,Home,6,397.01
S5765,2025-02-08,Lambton,Wellington,Electronics,10,906.49
S5766,2025-01-28,Lambton,Wellington,Beauty,9,2065.8
S5767,2025-11-07,George St,Otago,Beauty,1,291.47
S5768,2025-09-22,Hamilton Central,Waikato,Home,12,953.48
S5769,2025-12-15,Lambton,Wellington,Apparel,10,1639.84
S5770,2025-01-20,Riccarton,Canterbury,Beauty,12,332.51
S5771,2025-09-05,Lambton,Wellington,Grocery,8,1043.89
S5772,2025-05-24,Riccarton,Canterbury,Apparel,10,128.21
S5773,2025-02-07,George St,Otago,Home,7,97.04
S5774,2025-12-10,Queen St,Auckland,Home,11,199.49
S5775,2025-09-06,George St,Otago,Beauty,5,370.67
S5776,2025-06-25,Riccarton,Canterbury,Home,8,1099.88
S5777,2025-08-05,Hamilton Central,Waikato,Home,3,502.75
S5778,2025-03-24,Queen St,Auckland,Electronics,8,1474.69
S5779,2025-06-03,Lambton,Wellington,Apparel,10,2297.69
S5780,2025-08-22,Hamilton Central,Waikato,Home,11,2904.26
S5781,2025-02-04,Riccarton,Canterbury,Home,10,2468.81
S5782,2025-10-11,George St,Otago,Electronics,4,832.99
S5783,2025-02-18,Riccarton,Canterbury,Beauty,2,273.43
S5784,2025-03-04,Queen St,Auckland,Beauty,6,1484.67
S5785,2025-02-25,George St,Otago,Electronics,9,1819.72
S5786,2025-04-17,Riccarton,Canterbury,Electronics,3,797.92
S5787,2025-12-16,Riccarton,Canterbury,Home,10,477.84
S5788,2025-05-03,George St,Otago,Home,3,526.23
S5789,2025-04-02,Lambton,Wellington,Beauty,1,154.73
S5790,2025-06-24,Queen St,Auckland,Home,2,164.78
S5791,2025-10-26,Hamilton Central,Waikato,Grocery,9,2562.59
S5792,2025-02-02,Hamilton Central,Waikato,Electronics,9,452.67
S5793,2025-03-24,George St,Otago,Grocery,4,762.27
S5794,2025-07-19,Hamilton Central,Waikato,Grocery,3,399.03
S5795,2025-06-27,Queen St,Auckland,Home,5,342.52
S5796,2025-02-27,George St,Otago,Electronics,9,1390.31
S5797,2025-12-04,George St,Otago,Electronics,7,595.15
S5798,2025-07-07,Hamilton Central,Waikato,Apparel,8,400.15
S5799,2025-01-18,Riccarton,Canterbury,Electronics,2,446.73
S5800,2025-08-17,Hamilton Central,Waikato,Home,1,222.3
S5801,2025-02-25,Riccarton,Canterbury,Beauty,1,50.2
S5802,2025-12-05,George St,Otago,Grocery,2,221.05
S5803,2025-12-23,Riccarton,Canterbury,Grocery,7,1655.17
S5804,2025-05-24,Lambton,Wellington,Beauty,10,2072.92
S5805,2025-10-27,Lambton,Wellington,Grocery,10,2896.74
S5806,2025-09-21,Hamilton Central,Waikato,Electronics,5,1461.93
S5807,2025-08-22,Hamilton Central,Waikato,Electronics,5,1161.52
S5808,2025-04-10,Riccarton,Canterbury,Apparel,7,2062.28
S5809,2025-03-11,Queen St,Auckland,Apparel,8,95.61
S5810,2025-02-11,George St,Otago,Grocery,6,878.89
S5811,2025-07-24,George St,Otago,Electronics,4,1059.16
S5812,2025-04-03,George St,Otago,Electronics,5,993.95
S5813,2025-03-22,Queen St,Auckland,Grocery,3,84.93
S5814,2025-09-12,George St,Otago,Electronics,2,339.61
S5815,2025-12-11,George St,Otago,Beauty,2,51.6
S5816,2025-06-27,George St,Otago,Grocery,12,1890.97
S5817,2025-06-11,Lambton,Wellington,Grocery,9,1576.5
S5818,2025-11-17,Hamilton Central,Waikato,Electronics,10,1800.09
S5819,2025-04-04,Hamilton Central,Waikato,Electronics,3,824.34
S5820,2025-02-14,Riccarton,Canterbury,Grocery,3,452.6
S5821,2025-11-04,Hamilton Central,Waikato,Apparel,4,504.93
S5822,2025-11-04,Queen St,Auckland,Apparel,7,764.44
S5823,2025-03-05,Riccarton,Canterbury,Electronics,9,92.57
S5824,2025-07-13,Hamilton Central,Waikato,Grocery,5,369.73
S5825,2025-09-17,Lambton,Wellington,Home,10,835.02
S5826,2025-06-27,George St,Otago,Electronics,4,415.22
S5827,2025-10-06,Riccarton,Canterbury,Grocery,6,922.89
S5828,2025-08-15,Riccarton,Canterbury,Grocery,9,1600.53
S5829,2025-06-09,George St,Otago,Home,12,1518.65
S5830,2025-10-10,George St,Otago,Electronics,4,962.3
S5831,2025-07-11,Queen St,Auckland,Grocery,6,1674.63
S5832,2025-10-18,Queen St,Auckland,Apparel,11,796.1
S5833,2025-09-13,Riccarton,Canterbury,Home,6,1600.89
S5834,2025-03-26,Riccarton,Canterbury,Grocery,3,445.12
S5835,2025-04-27,Riccarton,Canterbury,Electronics,8,256.05
S5836,2025-03-02,Lambton,Wellington,Home,8,1567.9
S5837,2025-11-06,Hamilton Central,Waikato,Electronics,9,2565.03
S5838,2025-09-19,Queen St,Auckland,Apparel,11,1590.43
S5839,2025-07-01,George St,Otago,Home,3,130.9
S5840,2025-09-03,Riccarton,Canterbury,Electronics,11,1142.36
S5841,2025-01-27,Riccarton,Canterbury,Apparel,7,929.22
S5842,2025-02-06,Lambton,Wellington,Home,12,1858.9
S5843,2025-02-17,Lambton,Wellington,Home,8,868.32
S5844,2025-10-12,Queen St,Auckland,Beauty,5,80.35
S5845,2025-02-08,Riccarton,Canterbury,Apparel,6,1572.1
S5846,2025-02-17,Hamilton Central,Waikato,Grocery,4,895.39
S5847,2025-12-07,Lambton,Wellington,Home,1,244.48
S5848,2025-05-16,Hamilton Central,Waikato,Home,4,720.66
S5849,2025-12-18,Riccarton,Canterbury,Apparel,1,13.76
S5850,2025-06-08,Lambton,Wellington,Electronics,10,2419.97
S5851,2025-07-16,Queen St,Auckland,Home,11,726.77
S5852,2025-03-16,Riccarton,Canterbury,Apparel,6,938.0
S5853,2025-12-08,George St,Otago,Beauty,2,193.01
S5854,2025-11-11,Hamilton Central,Waikato,Home,4,789.75
S5855,2025-06-13,Queen St,Auckland,Beauty,8,484.01
S5856,2025-05-27,Queen St,Auckland,Electronics,10,1735.27
S5857,2025-04-12,George St,Otago,Home,1,179.03
S5858,2025-03-17,Riccarton,Canterbury,Apparel,7,177.49
S5859,2025-03-23,George St,Otago,Beauty,6,403.49
S5860,2025-11-01,George St,Otago,Apparel,6,108.76
S5861,2025-11-23,Riccarton,Canterbury,Apparel,4,683.43
S5862,2025-04-25,Queen St,Auckland,Electronics,11,2107.3
S5863,2025-07-09,George St,Otago,Electronics,12,3305.17
S5864,2025-12-22,Lambton,Wellington,Beauty,8,2184.28
S5865,2025-10-11,Hamilton Central,Waikato,Grocery,9,2143.31
S5866,2025-06-13,Riccarton,Canterbury,Apparel,6,1573.28
S5867,2025-07-02,Lambton,Wellington,Grocery,8,1819.15
S5868,2025-05-17,Queen St,Auckland,Electronics,4,814.96
S5869,2025-02-01,George St,Otago,Grocery,8,100.29
S5870,2025-11-19,Lambton,Wellington,Beauty,8,2072.54
S5871,2025-11-01,Hamilton Central,Waikato,Grocery,6,1421.65
S5872,2025-07-19,Riccarton,Canterbury,Apparel,3,166.07
S5873,2025-10-15,Lambton,Wellington,Grocery,2,179.27
S5874,2025-01-07,Lambton,Wellington,Beauty,1,120.53
S5875,2025-09-24,George St,Otago,Electronics,9,1184.23
S5876,2025-10-07,George St,Otago,Apparel,10,120.42
S5877,2025-10-21,Lambton,Wellington,Beauty,6,940.54
S5878,2025-06-05,Riccarton,Canterbury,Beauty,1,298.69
S5879,2025-11-07,Lambton,Wellington,Home,12,2028.39
S5880,2025-07-26,Queen St,Auckland,Home,11,696.29
S5881,2025-05-18,Lambton,Wellington,Grocery,2,430.66
S5882,2025-06-16,Hamilton Central,Waikato,Grocery,5,1341.12
S5883,2025-01-21,Lambton,Wellington,Beauty,5,97.79
S5884,2025-09-05,Riccarton,Canterbury,Beauty,9,1683.78
S5885,2025-07-20,Hamilton Central,Waikato,Apparel,12,662.88
S5886,2025-02-01,Riccarton,Canterbury,Electronics,6,672.79
S5887,2025-06-06,Riccarton,Canterbury,Beauty,9,206.28
S5888,2025-07-01,Lambton,Wellington,Home,5,1486.16
S5889,2025-11-16,Riccarton,Canterbury,Grocery,10,537.07
S5890,2025-09-21,Riccarton,Canterbury,Beauty,2,80.0
S5891,2025-08-25,Lambton,Wellington,Home,10,986.86
S5892,2025-05-06,Lambton,Wellington,Electronics,1,240.5
S5893,2025-05-03,George St,Otago,Grocery,1,45.56
S5894,2025-09-09,Riccarton,Canterbury,Grocery,2,111.74
S5895,2025-08-25,Queen St,Auckland,Grocery,6,1091.88
S5896,2025-03-07,George St,Otago,Beauty,4,212.39
S5897,2025-11-28,Riccarton,Canterbury,Beauty,3,612.17
S5898,2025-08-03,George St,Otago,Apparel,4,400.29
S5899,2025-11-15,Queen St,Auckland,Grocery,1,149.64
S5900,2025-10-05,Lambton,Wellington,Apparel,12,2145.82
S5901,2025-01-10,Riccarton,Canterbury,Electronics,12,2031.64
S5902,2025-03-05,Hamilton Central,Waikato,Grocery,8,1149.97
S5903,2025-03-08,Queen St,Auckland,Apparel,2,558.91
S5904,2025-12-09,George St,Otago,Electronics,11,2255.55
S5905,2025-10-23,George St,Otago,Grocery,4,206.1
S5906,2025-05-15,George St,Otago,Electronics,11,2612.2
S5907,2025-06-06,Lambton,Wellington,Apparel,10,1588.84
S5908,2025-08-02,Queen St,Auckland,Grocery,11,2338.35
S5909,2025-09-03,George St,Otago,Home,8,1090.86
S5910,2025-10-02,George St,Otago,Grocery,2,384.12
S5911,2025-01-23,George St,Otago,Beauty,4,437.23
S5912,2025-03-20,Hamilton Central,Waikato,Home,11,1314.62
S5913,2025-07-23,Lambton,Wellington,Beauty,10,851.61
S5914,2025-08-06,Riccarton,Canterbury,Apparel,3,317.63
S5915,2025-06-28,George St,Otago,Electronics,7,675.4
S5916,2025-06-22,Riccarton,Canterbury,Apparel,4,695.51
S5917,2025-06-20,George St,Otago,Home,9,2085.4
S5918,2025-10-02,George St,Otago,Beauty,5,500.94
S5919,2025-10-02,Queen St,Auckland,Home,7,477.63
S5920,2025-06-09,George St,Otago,Apparel,3,244.3
S5921,2025-10-26,Lambton,Wellington,Apparel,5,1387.89
S5922,2025-05-11,Hamilton Central,Waikato,Grocery,6,1420.03
S5923,2025-08-16,Riccarton,Canterbury,Apparel,10,2204.49
S5924,2025-06-26,Riccarton,Canterbury,Home,5,243.42
S5925,2025-05-09,Riccarton,Canterbury,Electronics,9,2065.32
S5926,2025-02-14,Lambton,Wellington,Beauty,10,1963.17
S5927,2025-06-18,Queen St,Auckland,Home,9,1533.87
S5928,2025-09-02,Hamilton Central,Waikato,Electronics,10,2256.82
S5929,2025-06-20,George St,Otago,Electronics,12,2134.63
S5930,2025-08-25,Hamilton Central,Waikato,Beauty,11,1140.75
S5931,2025-04-18,Queen St,Auckland,Grocery,8,998.09
S5932,2025-04-11,Lambton,Wellington,Apparel,1,21.66
S5933,2025-11-24,Lambton,Wellington,Electronics,4,215.34
S5934,2025-09-25,Hamilton Central,Waikato,Beauty,3,729.91
S5935,2025-01-01,George St,Otago,Electronics,8,2377.24
S5936,2025-02-28,Queen St,Auckland,Apparel,3,728.18
S5937,2025-05-18,George St,Otago,Beauty,5,532.66
S5938,2025-12-21,George St,Otago,Grocery,3,277.17
S5939,2025-06-28,Hamilton Central,Waikato,Home,1,252.69
S5940,2025-08-04,Queen St,Auckland,Home,10,2756.49
S5941,2025-09-20,Riccarton,Canterbury,Electronics,11,2572.31
S5942,2025-11-28,Lambton,Wellington,Home,7,139.31
S5943,2025-04-24,Queen St,Auckland,Home,7,1049.21
S5944,2025-10-22,Hamilton Central,Waikato,Apparel,9,110.11
S5945,2025-05-18,Queen St,Auckland,Home,3,178.73
S5946,2025-12-19,George St,Otago,Home,3,540.62
S5947,2025-06-09,Lambton,Wellington,Beauty,2,200.93
S5948,2025-08-08,Hamilton Central,Waikato,Beauty,5,732.21
S5949,2025-05-13,George St,Otago,Apparel,9,2451.12
S5950,2025-08-14,George St,Otago,Apparel,6,138.56
S5951,2025-02-27,Riccarton,Canterbury,Beauty,5,82.18
S5952,2025-04-05,Queen St,Auckland,Electronics,3,175.88
S5953,2025-05-07,George St,Otago,Electronics,3,651.52
S5954,2025-04-13,Lambton,Wellington,Home,2,312.59
S5955,2025-06-08,Lambton,Wellington,Electronics,3,352.48
S5956,2025-07-28,Lambton,Wellington,Grocery,8,230.56
S5957,2025-03-22,Riccarton,Canterbury,Electronics,7,1414.6
S5958,2025-03-25,Riccarton,Canterbury,Apparel,5,361.41
S5959,2025-05-01,Queen St,Auckland,Beauty,1,42.39
S5960,2025-11-10,Hamilton Central,Waikato,Grocery,6,457.25
S5961,2025-08-05,George St,Otago,Home,12,2653.33
S5962,2025-12-05,Riccarton,Canterbury,Grocery,1,224.37
S5963,2025-10-01,Queen St,Auckland,Electronics,1,68.21
S5964,2025-08-09,Hamilton Central,Waikato,Beauty,12,3166.6
S5965,2025-02-21,Queen St,Auckland,Beauty,11,2728.14
S5966,2025-09-18,Queen St,Auckland,Home,11,848.91
S5967,2025-03-22,Lambton,Wellington,Grocery,6,768.85
S5968,2025-05-12,Riccarton,Canterbury,Home,4,413.26
S5969,2025-09-15,Hamilton Central,Waikato,Beauty,7,1721.38
S5970,2025-02-21,Queen St,Auckland,Grocery,1,157.11
S5971,2025-03-01,Queen St,Auckland,Home,3,139.22
S5972,2025-12-16,George St,Otago,Apparel,7,506.78
S5973,2025-01-20,Hamilton Central,Waikato,Apparel,2,280.33
S5974,2025-12-07,Queen St,Auckland,Apparel,2,218.95
S5975,2025-12-07,George St,Otago,Beauty,8,816.78
S5976,2025-12-27,Lambton,Wellington,Electronics,3,117.56
S5977,2025-10-15,Riccarton,Canterbury,Grocery,8,1942.97
S5978,2025-02-28,Riccarton,Canterbury,Electronics,8,191.02
S5979,2025-07-11,George St,Otago,Beauty,9,1453.48
S5980,2025-06-16,George St,Otago,Home,11,2112.66
S5981,2025-09-20,Hamilton Central,Waikato,Home,2,355.75
S5982,2025-05-25,George St,Otago,Grocery,4,662.95
S5983,2025-01-15,George St,Otago,Beauty,3,285.08
S5984,2025-10-09,Riccarton,Canterbury,Beauty,12,2002.61
S5985,2025-10-15,Hamilton Central,Waikato,Electronics,3,125.74
S5986,2025-04-12,Hamilton Central,Waikato,Grocery,3,713.92
S5987,2025-01-19,Lambton,Wellington,Apparel,11,2433.65
S5988,2025-12-11,Hamilton Central,Waikato,Home,10,2747.43
S5989,2025-03-11,George St,Otago,Electronics,5,337.82
S5990,2025-04-02,Queen St,Auckland,Grocery,7,991.22
S5991,2025-06-20,Lambton,Wellington,Apparel,3,832.81
S5992,2025-07-06,Riccarton,Canterbury,Beauty,8,1906.64
S5993,2025-01-02,Queen St,Auckland,Apparel,12,2044.83
S5994,2025-01-23,Lambton,Wellington,Beauty,10,2988.71
S5995,2025-09-03,Riccarton,Canterbury,Beauty,1,31.38
S5996,2025-01-23,George St,Otago,Beauty,12,3248.28
S5997,2025-04-11,Riccarton,Canterbury,Electronics,5,510.47
S5998,2025-01-02,Lambton,Wellington,Electronics,7,866.97
S5999,2025-11-25,Queen St,Auckland,Grocery,6,907.05
S6000,2025-12-13,George St,Otago,Beauty,4,323.66
